id,dia,mes,anio,vp_credito,tasa_referencia,rend_bono10_usa,tipo_cambio,tea_hipotecaria_mensual,rend_bono10_pen,tea_hipotecaria_diaria,imputado,atipico,d_vp_credito,d_tasa_referencia,d_rend_bono10_usa,d_tipo_cambio
1,2,1,2018,293744.79,3.25,2.464,3.23,8.65949143176977,5.13,8.971396,1,0,,,,
2,3,1,2018,293744.79,3.25,2.448,3.23,8.65949143176977,5.13,8.971396,0,0,0.0,0.0,-0.016,0.0
3,4,1,2018,296725.49,3.25,2.453,3.208,8.65949143176977,4.98,8.821396,0,0,2980.7,0.0,0.005,-0.022
4,5,1,2018,297931.99,3.25,2.477,3.215,8.65949143176977,4.92,8.761396,0,0,1206.49,0.0,0.024,0.007
5,8,1,2018,296926.01,3.25,2.481,3.219,8.65949143176977,4.97,8.811396,0,0,-1005.98,0.0,0.004,0.004
6,9,1,2018,296125.31,3.25,2.554,3.22,8.65949143176977,5.01,8.851396,0,0,-800.7,0.0,0.073,0.001
7,10,1,2018,295527.15,3.25,2.558,3.22,8.65949143176977,5.04,8.881396,0,0,-598.15,0.0,0.004,0.0
8,11,1,2018,297528.91,3.25,2.538,3.218,8.65949143176977,4.94,8.781396,0,0,2001.76,0.0,-0.02,-0.002
9,12,1,2018,300165.31,3.0,2.548,3.217,8.65949143176977,4.81,8.651396,0,0,2636.4,-0.25,0.01,-0.001
10,15,1,2018,302013.44,3.0,2.548,3.216,8.65949143176977,4.72,8.561396,0,0,1848.13,0.0,0.0,-0.001
11,16,1,2018,302442.21,3.0,2.538,3.217,8.65949143176977,4.7,8.540648,0,0,428.76,0.0,-0.01,0.001
12,17,1,2018,301426.1,3.0,2.591,3.212,8.65949143176977,4.75,8.589899,0,0,-1016.11,0.0,0.053,-0.005
13,18,1,2018,302059.81,3.0,2.627,3.213,8.65949143176977,4.72,8.55915,0,0,633.71,0.0,0.036,0.001
14,19,1,2018,302281.86,3.0,2.66,3.217,8.65949143176977,4.71,8.548401,0,0,222.05,0.0,0.033,0.004
15,22,1,2018,301709.07,3.0,2.651,3.216,8.65949143176977,4.74,8.576155,0,0,-572.79,0.0,-0.009,-0.001
16,23,1,2018,301930.69,3.0,2.614,3.219,8.65949143176977,4.73,8.565407,0,0,221.62,0.0,-0.037,0.003
17,24,1,2018,302152.58,3.0,2.647,3.214,8.65949143176977,4.72,8.554658,0,0,221.89,0.0,0.033,-0.005
18,25,1,2018,302374.74,3.0,2.618,3.21,8.65949143176977,4.71,8.543909,0,0,222.16,0.0,-0.029,-0.004
19,26,1,2018,302183.51,3.0,2.661,3.215,8.65949143176977,4.72,8.553161,0,0,-191.23,0.0,0.043,0.005
20,29,1,2018,301817.09,3.0,2.695,3.219,8.65949143176977,4.74,8.570914,0,0,-366.42,0.0,0.034,0.004
21,30,1,2018,302245.39,3.0,2.721,3.217,8.65949143176977,4.72,8.550166,0,0,428.3,0.0,0.026,-0.002
22,31,1,2018,302674.7,3.0,2.706,3.217,8.65949143176977,4.7,8.529417,0,0,429.31,0.0,-0.015,0.0
23,1,2,2018,303312.79,3.0,2.791,3.213,8.61268669029993,4.67,8.498668,0,0,638.09,0.0,0.085,-0.004
24,2,2,2018,303120.58,3.0,2.842,3.218,8.61268669029993,4.68,8.50792,0,0,-192.22,0.0,0.051,0.005
25,5,2,2018,302752.27,3.0,2.707,3.225,8.61268669029993,4.7,8.525674,0,0,-368.31,0.0,-0.135,0.007
26,6,2,2018,302353.73,3.0,2.803,3.251,8.61268669029993,4.72,8.544925,0,0,-398.53,0.0,0.096,0.026
27,7,2,2018,302576.14,3.0,2.837,3.247,8.61268669029993,4.71,8.534176,0,0,222.41,0.0,0.034,-0.004
28,8,2,2018,301765.28,3.0,2.825,3.254,8.61268669029993,4.75,8.573428,0,0,-810.86,0.0,-0.012,0.007
29,9,2,2018,300343.49,3.0,2.852,3.27,8.61268669029993,4.82,8.642679,0,0,-1421.79,0.0,0.027,0.016
30,12,2,2018,300799.0,3.0,2.859,3.265,8.61268669029993,4.8,8.620433,0,0,455.51,0.0,0.007,-0.005
31,13,2,2018,300814.35,3.0,2.83,3.27,8.61268669029993,4.8,8.619684,0,0,15.35,0.0,-0.029,0.005
32,14,2,2018,300829.71,3.0,2.903,3.27,8.61268669029993,4.8,8.618935,0,0,15.35,0.0,0.073,0.0
33,15,2,2018,300640.1,3.0,2.91,3.25,8.61268669029993,4.81,8.628187,0,0,-189.6,0.0,0.007,-0.02
34,16,2,2018,300720.51,3.0,2.876,3.243,8.61268669029993,4.81,8.624262,0,0,80.41,0.0,-0.034,-0.007
35,19,2,2018,299734.92,3.0,2.876,3.25,8.61268669029993,4.87,8.672488,0,0,-985.59,0.0,0.0,0.007
36,20,2,2018,300223.2,3.0,2.89,3.253,8.61268669029993,4.85,8.648563,0,0,488.27,0.0,0.014,0.003
37,21,2,2018,300507.99,3.0,2.951,3.249,8.61268669029993,4.84,8.634639,0,0,284.8,0.0,0.061,-0.004
38,22,2,2018,300179.25,3.0,2.922,3.251,8.61268669029993,4.86,8.650714,0,0,-328.74,0.0,-0.029,0.002
39,23,2,2018,300259.46,3.0,2.868,3.251,8.61268669029993,4.86,8.646789,0,0,80.21,0.0,-0.054,0.0
40,26,2,2018,300295.72,3.0,2.863,3.25,8.61268669029993,4.87,8.645015,0,0,36.27,0.0,-0.005,-0.001
41,27,2,2018,300990.64,3.0,2.894,3.25,8.61268669029993,4.84,8.61109,0,0,694.92,0.0,0.031,0.0
42,28,2,2018,301276.66,3.0,2.862,3.261,8.61268669029993,4.83,8.597166,0,0,286.01,0.0,-0.032,0.011
43,1,3,2018,301769.13,3.0,2.809,3.265,8.55329525570404,4.81,8.573241,0,0,492.47,0.0,-0.053,0.004
44,2,3,2018,302056.38,3.0,2.865,3.259,8.55329525570404,4.8,8.559316,0,0,287.25,0.0,0.056,-0.006
45,5,3,2018,302506.46,3.0,2.882,3.25,8.55329525570404,4.79,8.537542,0,0,450.09,0.0,0.017,-0.009
46,6,3,2018,302794.88,3.0,2.887,3.252,8.55329525570404,4.78,8.523618,0,0,288.42,0.0,0.005,0.002
47,7,3,2018,302461.96,3.0,2.884,3.257,8.55329525570404,4.8,8.539693,0,0,-332.92,0.0,-0.003,0.005
48,8,3,2018,302543.18,3.0,2.858,3.256,8.55329525570404,4.8,8.535768,0,0,81.23,0.0,-0.026,-0.001
49,9,3,2018,302624.45,2.75,2.895,3.26,8.55329525570404,4.8,8.531843,0,0,81.26,-0.25,0.037,0.004
50,12,3,2018,302040.83,2.75,2.869,3.259,8.55329525570404,4.84,8.560069,0,0,-583.61,0.0,-0.026,-0.001
51,13,3,2018,301092.18,2.75,2.843,3.26,8.55329525570404,4.89,8.606145,0,0,-948.66,0.0,-0.026,0.001
52,14,3,2018,301790.18,2.75,2.818,3.261,8.55329525570404,4.86,8.57222,0,0,698.0,0.0,-0.025,0.001
53,15,3,2018,300637.88,2.75,2.829,3.262,8.55329525570404,4.92,8.628295,0,0,-1152.3,0.0,0.011,0.001
54,16,3,2018,299561.18,2.75,2.845,3.268,8.55329525570404,4.98,8.681017,0,0,-1076.7,0.0,0.016,0.006
55,19,3,2018,300415.05,2.75,2.856,3.273,8.55329525570404,4.96,8.63918,0,0,853.87,0.0,0.011,0.005
56,20,3,2018,301796.74,2.75,2.897,3.269,8.55329525570404,4.9,8.571902,0,0,1381.69,0.0,0.041,-0.004
57,21,3,2018,302153.3,2.75,2.884,3.263,8.55329525570404,4.89,8.554623,0,0,356.56,0.0,-0.013,-0.006
58,22,3,2018,304382.87,2.75,2.825,3.243,8.55329525570404,4.79,8.447344,0,0,2229.57,0.0,-0.059,-0.02
59,23,3,2018,304117.05,2.75,2.814,3.237,8.55329525570404,4.81,8.460066,0,0,-265.82,0.0,-0.011,-0.006
60,26,3,2018,303946.67,2.75,2.853,3.219,8.55329525570404,4.84,8.46823,0,0,-170.38,0.0,0.039,-0.018
61,27,3,2018,304307.47,2.75,2.776,3.223,8.55329525570404,4.83,8.450951,0,0,360.8,0.0,-0.077,0.004
62,28,3,2018,304878.53,2.75,2.782,3.229,8.55329525570404,4.81,8.423672,0,0,571.07,0.0,0.006,0.006
63,29,3,2018,305031.21,2.75,2.74,3.229,8.55329525570404,4.81,8.416393,1,0,152.68,0.0,-0.042,0.0
64,30,3,2018,305184.01,2.75,2.74,3.229,8.55329525570404,4.81,8.409115,1,0,152.8,0.0,0.0,0.0
65,2,4,2018,305222.58,2.75,2.731,3.229,8.50685547840281,4.83,8.407279,0,0,38.57,0.0,-0.009,0.0
66,3,4,2018,305585.9,2.75,2.776,3.226,8.50685547840281,4.82,8.39,0,0,363.32,0.0,0.045,-0.003
67,4,4,2018,305528.63,2.75,2.804,3.228,8.50685547840281,4.83,8.392721,0,0,-57.27,0.0,0.028,0.002
68,5,4,2018,305892.56,2.75,2.833,3.228,8.50685547840281,4.82,8.375443,0,0,363.93,0.0,0.029,0.0
69,6,4,2018,304700.57,2.75,2.774,3.234,8.50685547840281,4.884,8.432164,0,0,-1191.99,0.0,-0.059,0.006
70,9,4,2018,304613.37,2.75,2.78,3.239,8.50685547840281,4.91,8.436328,0,0,-87.2,0.0,0.006,0.005
71,10,4,2018,304347.22,2.75,2.802,3.239,8.50685547840281,4.93,8.449049,0,0,-266.15,0.0,0.022,0.0
72,11,4,2018,303456.25,2.75,2.782,3.239,8.50685547840281,4.98,8.49177,0,0,-890.97,0.0,-0.02,0.0
73,12,4,2018,303607.74,2.75,2.837,3.229,8.50685547840281,4.98,8.484492,0,0,151.49,0.0,0.055,-0.01
74,13,4,2018,303759.36,2.75,2.828,3.229,8.50685547840281,4.98,8.477213,1,0,151.62,0.0,-0.009,0.0
75,16,4,2018,303788.22,2.75,2.828,3.224,8.50685547840281,5.01,8.475828,0,0,28.85,0.0,0.0,-0.005
76,17,4,2018,303305.87,2.75,2.829,3.221,8.50685547840281,5.05,8.499001,0,0,-482.35,0.0,0.001,-0.003
77,18,4,2018,301585.08,2.75,2.874,3.217,8.50685547840281,5.15,8.582174,0,0,-1720.79,0.0,0.045,-0.004
78,19,4,2018,303589.92,2.75,2.911,3.221,8.50685547840281,5.07,8.485347,0,0,2004.84,0.0,0.037,0.004
79,20,4,2018,303940.6,2.75,2.961,3.226,8.50685547840281,5.07,8.46852,0,0,350.67,0.0,0.05,0.005
80,23,4,2018,304368.33,2.75,2.976,3.23,8.50685547840281,5.1,8.448039,0,0,427.73,0.0,0.015,0.004
81,24,4,2018,303259.92,2.75,3.0,3.232,8.50685547840281,5.17,8.501212,0,0,-1108.42,0.0,0.024,0.002
82,25,4,2018,302364.89,2.75,3.027,3.242,8.50685547840281,5.23,8.544385,0,0,-895.03,0.0,0.027,0.01
83,26,4,2018,302713.21,2.75,2.982,3.238,8.50685547840281,5.23,8.527558,0,0,348.32,0.0,-0.045,-0.004
84,27,4,2018,303269.91,2.75,2.958,3.241,8.50685547840281,5.22,8.500731,0,0,556.7,0.0,-0.024,0.003
85,30,4,2018,304740.66,2.75,2.954,3.25,8.50685547840281,5.2,8.43025,0,0,1470.74,0.0,-0.004,0.009
86,1,5,2018,305093.55,2.75,2.965,3.25,8.45011803906464,5.2,8.413423,1,0,352.89,0.0,0.011,0.0
87,2,5,2018,305236.91,2.75,2.967,3.268,8.45011803906464,5.21,8.406596,0,0,143.37,0.0,0.002,0.018
88,3,5,2018,305380.39,2.75,2.947,3.276,8.45011803906464,5.22,8.399769,0,0,143.48,0.0,-0.02,0.008
89,4,5,2018,305103.64,2.75,2.951,3.272,8.45011803906464,5.25,8.412942,0,0,-276.75,0.0,0.004,-0.004
90,7,5,2018,305323.8,2.75,2.951,3.279,8.45011803906464,5.29,8.402461,0,0,220.16,0.0,0.0,0.007
91,8,5,2018,304418.63,2.75,2.977,3.288,8.45011803906464,5.35,8.445634,0,0,-905.18,0.0,0.026,0.009
92,9,5,2018,304143.33,2.75,3.005,3.293,8.45011803906464,5.38,8.458807,0,0,-275.3,0.0,0.028,0.005
93,10,5,2018,305965.57,2.75,2.963,3.279,8.45011803906464,5.31,8.37198,0,0,1822.25,0.0,-0.042,-0.014
94,11,5,2018,307168.05,2.75,2.971,3.261,8.45011803906464,5.27,8.315153,0,0,1202.48,0.0,0.008,-0.018
95,14,5,2018,308884.52,2.75,3.003,3.26,8.45011803906464,5.24,8.234672,0,0,1716.47,0.0,0.032,-0.001
96,15,5,2018,307535.85,2.75,3.073,3.272,8.45011803906464,5.32,8.297845,0,0,-1348.67,0.0,0.07,0.012
97,16,5,2018,306858.96,2.75,3.097,3.268,8.45011803906464,5.36,8.329725,0,0,-676.89,0.0,0.024,-0.004
98,17,5,2018,303876.26,2.75,3.112,3.274,8.45011803906464,5.51,8.471605,0,0,-2982.69,0.0,0.015,0.006
99,18,5,2018,301558.1,2.75,3.057,3.289,8.45011803906464,5.63,8.583485,0,0,-2318.16,0.0,-0.055,0.015
100,21,5,2018,298786.93,2.75,3.061,3.286,8.45011803906464,5.79,8.719124,0,0,-2771.17,0.0,0.004,-0.003
101,22,5,2018,300377.74,2.75,3.061,3.274,8.45011803906464,5.72,8.641004,0,0,1590.81,0.0,0.0,-0.012
102,23,5,2018,301570.47,2.75,2.994,3.271,8.45011803906464,5.67,8.582884,0,0,1192.73,0.0,-0.067,-0.003
103,24,5,2018,302563.97,2.75,2.978,3.268,8.45011803906464,5.63,8.534764,0,0,993.5,0.0,-0.016,-0.003
104,25,5,2018,302525.06,2.75,2.932,3.27,8.45011803906464,5.64,8.536644,0,0,-38.91,0.0,-0.046,0.002
105,28,5,2018,303237.66,2.75,2.932,3.272,8.45011803906464,5.63,8.502284,0,0,712.6,0.0,0.0,0.002
106,29,5,2018,302576.41,2.75,2.782,3.281,8.45011803906464,5.67,8.534163,0,0,-661.25,0.0,-0.15,0.009
107,30,5,2018,303159.55,2.75,2.856,3.272,8.45011803906464,5.65,8.506043,0,0,583.14,0.0,0.074,-0.009
108,31,5,2018,303328.29,2.75,2.859,3.274,8.45011803906464,5.65,8.497923,0,0,168.74,0.0,0.003,0.002
109,1,6,2018,302666.71,2.75,2.903,3.273,8.38872100297874,5.69,8.529803,0,0,-661.58,0.0,0.044,-0.001
110,4,6,2018,303796.26,2.75,2.943,3.273,8.38872100297874,5.66,8.475443,0,0,1129.55,0.0,0.04,0.0
111,5,6,2018,304383.32,2.75,2.929,3.273,8.38872100297874,5.64,8.447322,0,0,587.06,0.0,-0.014,0.0
112,6,6,2018,305392.31,2.75,2.973,3.261,8.38872100297874,5.6,8.399202,0,0,1008.99,0.0,0.044,-0.012
113,7,6,2018,304932.85,2.75,2.921,3.262,8.38872100297874,5.63,8.421082,0,0,-459.47,0.0,-0.052,0.001
114,8,6,2018,304893.42,2.75,2.947,3.263,8.38872100297874,5.64,8.422962,0,0,-39.42,0.0,0.026,0.001
115,11,6,2018,305825.97,2.75,2.953,3.267,8.38872100297874,5.62,8.378602,0,0,932.55,0.0,0.006,0.004
116,12,6,2018,305365.42,2.75,2.962,3.27,8.38872100297874,5.65,8.400481,0,0,-460.55,0.0,0.009,0.003
117,13,6,2018,305536.21,2.75,2.967,3.266,8.38872100297874,5.65,8.392361,0,0,170.79,0.0,0.005,-0.004
118,14,6,2018,305707.15,2.75,2.936,3.267,8.38872100297874,5.65,8.384241,0,0,170.95,0.0,-0.031,0.001
119,15,6,2018,304408.45,2.75,2.921,3.279,8.38872100297874,5.72,8.446121,0,0,-1298.71,0.0,-0.015,0.012
120,18,6,2018,303305.86,2.75,2.918,3.281,8.38872100297874,5.76,8.499002,0,0,-1102.59,0.0,-0.003,0.002
121,19,6,2018,303632.65,2.75,2.898,3.285,8.38872100297874,5.74,8.483296,0,0,326.79,0.0,-0.02,0.004
122,20,6,2018,303335.23,2.75,2.94,3.283,8.38872100297874,5.75,8.497589,0,0,-297.42,0.0,0.042,-0.002
123,21,6,2018,304079.11,2.75,2.898,3.279,8.38872100297874,5.71,8.461883,0,0,743.88,0.0,-0.042,-0.004
124,22,6,2018,304616.54,2.75,2.896,3.269,8.38872100297874,5.68,8.436177,0,0,537.43,0.0,-0.002,-0.01
125,25,6,2018,304347.05,2.75,2.881,3.275,8.38872100297874,5.68,8.449057,0,0,-269.49,0.0,-0.015,0.006
126,26,6,2018,305095.06,2.75,2.878,3.272,8.38872100297874,5.64,8.413351,0,0,748.02,0.0,-0.003,-0.003
127,27,6,2018,306268.18,2.75,2.826,3.272,8.38872100297874,5.58,8.357645,0,0,1173.12,0.0,-0.052,0.0
128,28,6,2018,306557.97,2.75,2.837,3.274,8.38872100297874,5.562,8.343938,0,0,289.79,0.0,0.011,0.002
129,29,6,2018,306467.14,2.75,2.861,3.274,8.38872100297874,5.562,8.348232,1,0,-90.83,0.0,0.024,0.0
130,2,7,2018,305815.19,2.75,2.872,3.288,8.33969237431737,5.58,8.379113,0,0,-651.95,0.0,0.011,0.014
131,3,7,2018,306569.22,2.75,2.832,3.287,8.33969237431737,5.54,8.343407,0,0,754.03,0.0,-0.04,-0.001
132,4,7,2018,306372.67,2.75,2.832,3.291,8.33969237431737,5.545,8.3527,0,0,-196.56,0.0,0.0,0.004
133,5,7,2018,306387.6,2.75,2.83,3.291,8.33969237431737,5.54,8.351994,0,0,14.93,0.0,-0.002,0.0
134,6,7,2018,306614.07,2.75,2.823,3.287,8.33969237431737,5.525,8.341288,0,0,226.47,0.0,-0.007,-0.004
135,9,7,2018,307507.71,2.75,2.857,3.284,8.33969237431737,5.47,8.299169,0,0,893.64,0.0,0.034,-0.003
136,10,7,2018,308055.24,2.75,2.851,3.274,8.33969237431737,5.44,8.273462,0,0,547.54,0.0,-0.006,-0.01
137,11,7,2018,307325.16,2.75,2.85,3.28,8.33969237431737,5.47,8.307756,0,0,-730.08,0.0,-0.001,0.006
138,12,7,2018,307021.71,2.75,2.847,3.276,8.33969237431737,5.48,8.32205,0,0,-303.45,0.0,-0.003,-0.004
139,13,7,2018,307355.18,2.75,2.828,3.273,8.33969237431737,5.46,8.306343,0,0,333.47,0.0,-0.019,-0.003
140,16,7,2018,306947.01,2.75,2.859,3.272,8.33969237431737,5.47,8.325571,0,0,-408.17,0.0,0.031,-0.001
141,17,7,2018,306933.42,2.75,2.861,3.269,8.33969237431737,5.47,8.326212,0,0,-13.59,0.0,0.002,-0.003
142,18,7,2018,307131.96,2.75,2.87,3.273,8.33969237431737,5.46,8.316853,0,0,198.54,0.0,0.009,0.004
143,19,7,2018,306271.36,2.75,2.839,3.277,8.33969237431737,5.5,8.357494,0,0,-860.61,0.0,-0.031,0.004
144,20,7,2018,306046.69,2.75,2.894,3.276,8.33969237431737,5.51,8.368135,0,0,-224.67,0.0,0.055,-0.001
145,23,7,2018,306006.12,2.75,2.956,3.28,8.33969237431737,5.51,8.370058,0,0,-40.57,0.0,0.062,0.004
146,24,7,2018,306626.52,2.75,2.949,3.275,8.33969237431737,5.48,8.340699,0,0,620.41,0.0,-0.007,-0.005
147,25,7,2018,307461.53,2.75,2.975,3.274,8.33969237431737,5.44,8.30134,0,0,835.0,0.0,0.026,-0.001
148,26,7,2018,307660.63,2.75,2.977,3.276,8.33969237431737,5.43,8.291981,0,0,199.11,0.0,0.002,0.002
149,27,7,2018,307646.99,2.75,2.955,3.276,8.33969237431737,5.43,8.292622,1,0,-13.64,0.0,-0.022,0.0
150,30,7,2018,307606.07,2.75,2.974,3.272,8.33969237431737,5.43,8.294545,0,0,-40.92,0.0,0.019,-0.004
151,31,7,2018,307592.43,2.75,2.961,3.274,8.33969237431737,5.43,8.295186,0,0,-13.64,0.0,-0.013,0.002
152,1,8,2018,307791.68,2.75,3.007,3.275,8.30003881666003,5.42,8.285827,0,0,199.25,0.0,0.046,0.001
153,2,8,2018,308418.1,2.75,2.987,3.274,8.30003881666003,5.39,8.256468,0,0,626.43,0.0,-0.02,-0.001
154,3,8,2018,309261.22,2.75,2.95,3.271,8.30003881666003,5.35,8.217109,0,0,843.12,0.0,-0.037,-0.003
155,6,8,2018,309434.72,2.75,2.94,3.27,8.30003881666003,5.34,8.209032,0,0,173.49,0.0,-0.01,-0.001
156,7,8,2018,308991.67,2.75,2.974,3.27,8.30003881666003,5.36,8.229673,0,0,-443.04,0.0,0.034,0.0
157,8,8,2018,308763.68,2.75,2.961,3.27,8.30003881666003,5.37,8.240314,0,0,-227.99,0.0,-0.013,0.0
158,9,8,2018,308535.97,2.75,2.927,3.273,8.30003881666003,5.38,8.250955,0,0,-227.71,0.0,-0.034,0.003
159,10,8,2018,308095.06,2.75,2.874,3.279,8.30003881666003,5.4,8.271596,0,0,-440.91,0.0,-0.053,0.006
160,13,8,2018,307415.21,2.75,2.88,3.287,8.30003881666003,5.43,8.303519,0,0,-679.85,0.0,0.006,0.008
161,14,8,2018,307401.58,2.75,2.899,3.291,8.30003881666003,5.43,8.30416,0,0,-13.63,0.0,0.019,0.004
162,15,8,2018,306328.27,2.75,2.863,3.313,8.30003881666003,5.48,8.354801,0,0,-1073.31,0.0,-0.036,0.022
163,16,8,2018,306206.78,2.75,2.867,3.312,8.30003881666003,5.49,8.360552,0,0,-121.5,0.0,0.004,-0.001
164,17,8,2018,305243.08,2.75,2.861,3.321,8.30003881666003,5.54,8.406303,0,0,-963.7,0.0,-0.006,0.009
165,20,8,2018,306354.59,2.75,2.82,3.315,8.30003881666003,5.5,8.353556,0,0,1111.51,0.0,-0.041,-0.006
166,21,8,2018,307079.9,2.75,2.831,3.301,8.30003881666003,5.47,8.319307,0,0,725.31,0.0,0.011,-0.014
167,22,8,2018,308021.22,2.75,2.82,3.287,8.30003881666003,5.43,8.275058,0,0,941.32,0.0,-0.011,-0.014
168,23,8,2018,307898.61,2.75,2.827,3.296,8.30003881666003,5.44,8.280809,0,0,-122.61,0.0,0.007,0.009
169,24,8,2018,308416.15,2.75,2.811,3.294,8.30003881666003,5.42,8.25656,0,0,517.54,0.0,-0.016,-0.002
170,27,8,2018,308902.95,2.75,2.847,3.291,8.30003881666003,5.41,8.233812,0,0,486.8,0.0,0.036,-0.003
171,28,8,2018,308565.73,2.75,2.881,3.294,8.30003881666003,5.43,8.249563,0,0,-337.22,0.0,0.034,0.003
172,29,8,2018,308229.13,2.75,2.885,3.298,8.30003881666003,5.45,8.265314,0,0,-336.61,0.0,0.004,0.004
173,30,8,2018,308319.87,2.75,2.856,3.298,8.30003881666003,5.45,8.261065,1,0,90.74,0.0,-0.029,0.0
174,31,8,2018,308410.66,2.75,2.861,3.298,8.30003881666003,5.45,8.256816,1,0,90.79,0.0,0.005,0.0
175,3,9,2018,309111.85,2.75,2.861,3.307,8.2605810074422,5.43,8.224069,0,0,701.19,0.0,0.0,0.009
176,4,9,2018,308988.52,2.75,2.899,3.315,8.2605810074422,5.44,8.22982,0,0,-123.33,0.0,0.038,0.008
177,5,9,2018,309509.1,2.75,2.903,3.317,8.2605810074422,5.42,8.205571,0,0,520.59,0.0,0.004,0.002
178,6,9,2018,308742.1,2.75,2.874,3.32,8.2605810074422,5.46,8.241322,0,0,-767.01,0.0,-0.029,0.003
179,7,9,2018,308405.17,2.75,2.941,3.325,8.2605810074422,5.48,8.257073,0,0,-336.92,0.0,0.067,0.005
180,10,9,2018,308677.79,2.75,2.932,3.328,8.2605810074422,5.48,8.244326,0,0,272.62,0.0,-0.009,0.003
181,11,9,2018,308340.98,2.75,2.976,3.334,8.2605810074422,5.5,8.260077,0,0,-336.81,0.0,0.044,0.006
182,12,9,2018,308431.78,2.75,2.964,3.331,8.2605810074422,5.5,8.255828,0,0,90.8,0.0,-0.012,-0.003
183,13,9,2018,308522.63,2.75,2.971,3.325,8.2605810074422,5.5,8.251579,0,0,90.84,0.0,0.007,-0.006
184,14,9,2018,309041.91,2.75,2.997,3.316,8.2605810074422,5.48,8.22733,0,0,519.28,0.0,0.026,-0.009
185,17,9,2018,309064.38,2.75,2.988,3.316,8.2605810074422,5.5,8.226282,0,0,22.47,0.0,-0.009,0.0
186,18,9,2018,309030.06,2.75,3.056,3.308,8.2605810074422,5.51,8.227883,0,0,-34.32,0.0,0.068,-0.008
187,19,9,2018,309210.26,2.75,3.064,3.305,8.2605810074422,5.51,8.219483,0,0,180.2,0.0,0.008,-0.003
188,20,9,2018,308747.2,2.75,3.064,3.3,8.2605810074422,5.54,8.241084,0,0,-463.06,0.0,0.0,-0.005
189,21,9,2018,308712.93,2.75,3.064,3.293,8.2605810074422,5.55,8.242684,0,0,-34.27,0.0,0.0,-0.007
190,24,9,2018,308182.77,2.75,3.09,3.3,8.2605810074422,5.6,8.267486,0,0,-530.17,0.0,0.026,0.007
191,25,9,2018,307935.31,2.75,3.097,3.306,8.2605810074422,5.62,8.279087,0,0,-247.46,0.0,0.007,0.006
192,26,9,2018,308114.45,2.75,3.049,3.306,8.2605810074422,5.62,8.270687,0,0,179.14,0.0,-0.048,0.0
193,27,9,2018,308507.47,2.75,3.053,3.303,8.2605810074422,5.61,8.252288,0,0,393.02,0.0,0.004,-0.003
194,28,9,2018,308901.33,2.75,3.062,3.302,8.2605810074422,5.6,8.233888,0,0,393.85,0.0,0.009,-0.001
195,1,10,2018,309872.37,2.75,3.085,3.309,8.22291579976262,5.58,8.18869,0,0,971.05,0.0,0.023,0.007
196,2,10,2018,310269.12,2.75,3.064,3.314,8.22291579976262,5.57,8.17029,0,0,396.75,0.0,-0.021,0.005
197,3,10,2018,309373.29,2.75,3.183,3.314,8.22291579976262,5.62,8.211891,0,0,-895.83,0.0,0.119,0.0
198,4,10,2018,308268.05,2.75,3.188,3.335,8.22291579976262,5.68,8.263492,0,0,-1105.23,0.0,0.005,0.021
199,5,10,2018,308447.51,2.75,3.234,3.324,8.22291579976262,5.68,8.255092,0,0,179.46,0.0,0.046,-0.011
200,8,10,2018,308986.94,2.75,3.234,3.324,8.22291579976262,5.68,8.229894,1,0,539.43,0.0,0.0,0.0
201,9,10,2018,309381.81,2.75,3.207,3.332,8.22291579976262,5.67,8.211494,0,0,394.87,0.0,-0.027,0.008
202,10,10,2018,308918.33,2.75,3.164,3.33,8.22291579976262,5.7,8.233095,0,0,-463.48,0.0,-0.043,-0.002
203,11,10,2018,308455.99,2.75,3.151,3.33,8.22291579976262,5.73,8.254695,0,0,-462.33,0.0,-0.013,0.0
204,12,10,2018,308208.17,2.75,3.162,3.333,8.22291579976262,5.75,8.266296,0,0,-247.82,0.0,0.011,0.003
205,15,10,2018,308532.92,2.75,3.157,3.338,8.22291579976262,5.76,8.251098,0,0,324.75,0.0,-0.005,0.005
206,16,10,2018,309838.55,2.75,3.164,3.334,8.22291579976262,5.7,8.19026,0,0,1305.63,0.0,0.007,-0.004
207,17,10,2018,309856.59,2.75,3.206,3.336,8.22291579976262,5.7,8.189423,0,0,18.04,0.0,0.042,0.002
208,18,10,2018,309015.0,2.75,3.18,3.338,8.22291579976262,5.74,8.228585,0,0,-841.59,0.0,-0.026,0.002
209,19,10,2018,309462.32,2.75,3.193,3.332,8.22291579976262,5.72,8.207748,0,0,447.32,0.0,0.013,-0.006
210,22,10,2018,309086.84,2.75,3.199,3.334,8.22291579976262,5.74,8.225235,0,0,-375.48,0.0,0.006,0.002
211,23,10,2018,308462.36,2.75,3.169,3.337,8.22291579976262,5.77,8.254398,0,0,-624.48,0.0,-0.03,0.003
212,24,10,2018,307839.97,2.75,3.104,3.341,8.22291579976262,5.8,8.28356,0,0,-622.39,0.0,-0.065,0.004
213,25,10,2018,308071.02,2.75,3.118,3.341,8.22291579976262,5.79,8.272723,0,0,231.05,0.0,0.014,0.0
214,26,10,2018,308302.36,2.75,3.076,3.347,8.22291579976262,5.78,8.261885,0,0,231.34,0.0,-0.042,0.006
215,29,10,2018,307290.81,2.75,3.086,3.352,8.22291579976262,5.83,8.309373,0,0,-1011.55,0.0,0.01,0.005
216,30,10,2018,305827.37,2.75,3.124,3.36,8.22291579976262,5.9,8.378535,0,0,-1463.44,0.0,0.038,0.008
217,31,10,2018,306055.92,2.75,3.144,3.367,8.22291579976262,5.89,8.367698,0,0,228.55,0.0,0.02,0.007
218,1,11,2018,306073.59,2.75,3.131,3.367,8.19213557997357,5.89,8.36686,1,0,17.67,0.0,-0.013,0.0
219,2,11,2018,306091.27,2.75,3.213,3.367,8.19213557997357,5.89,8.366023,1,0,17.68,0.0,0.082,0.0
220,5,11,2018,307415.39,2.75,3.202,3.361,8.19213557997357,5.83,8.30351,0,0,1324.12,0.0,-0.011,-0.006
221,6,11,2018,307858.87,2.75,3.229,3.371,8.19213557997357,5.81,8.282673,0,0,443.49,0.0,0.027,0.01
222,7,11,2018,308517.14,2.75,3.236,3.366,8.19213557997357,5.78,8.251835,0,0,658.27,0.0,0.007,-0.005
223,8,11,2018,308535.05,2.75,3.238,3.37,8.19213557997357,5.78,8.250998,0,0,17.91,0.0,0.002,0.004
224,9,11,2018,308552.96,2.75,3.183,3.372,8.19213557997357,5.78,8.25016,0,0,17.91,0.0,-0.055,0.002
225,12,11,2018,308179.31,2.75,3.183,3.377,8.19213557997357,5.8,8.267648,0,0,-373.65,0.0,0.0,0.005
226,13,11,2018,307770.73,2.75,3.141,3.379,8.19213557997357,5.82,8.286811,0,0,-408.58,0.0,-0.042,0.002
227,14,11,2018,308215.07,2.75,3.126,3.379,8.19213557997357,5.8,8.265973,0,0,444.34,0.0,-0.015,0.0
228,15,11,2018,308446.58,2.75,3.111,3.386,8.19213557997357,5.79,8.255136,0,0,231.52,0.0,-0.015,0.007
229,16,11,2018,309120.24,2.75,3.064,3.379,8.19213557997357,5.76,8.223678,0,0,673.66,0.0,-0.047,-0.007
230,19,11,2018,310074.62,2.75,3.064,3.378,8.19213557997357,5.72,8.179305,0,0,954.38,0.0,0.0,-0.001
231,20,11,2018,310106.05,2.75,3.064,3.383,8.19213557997357,5.72,8.177848,0,0,31.43,0.0,0.0,0.005
232,21,11,2018,311436.21,2.75,3.064,3.378,8.19213557997357,5.66,8.11639,0,0,1330.16,0.0,0.0,-0.005
233,22,11,2018,311902.85,2.75,3.064,3.373,8.19213557997357,5.64,8.094933,0,0,466.64,0.0,0.0,-0.005
234,23,11,2018,312370.65,2.75,3.041,3.379,8.19213557997357,5.62,8.073475,0,0,467.8,0.0,-0.023,0.006
235,26,11,2018,312029.84,2.75,3.054,3.381,8.19213557997357,5.64,8.089103,0,0,-340.81,0.0,0.013,0.002
236,27,11,2018,312279.65,2.75,3.058,3.383,8.19213557997357,5.63,8.077645,0,0,249.81,0.0,0.004,0.002
237,28,11,2018,312967.22,2.75,3.06,3.38,8.19213557997357,5.6,8.046188,0,0,687.58,0.0,0.002,-0.003
238,29,11,2018,311038.29,2.75,3.032,3.379,8.19213557997357,5.69,8.13473,0,0,-1928.94,0.0,-0.028,-0.001
239,30,11,2018,311503.94,2.75,2.989,3.382,8.19213557997357,5.67,8.113273,0,0,465.65,0.0,-0.043,0.003
240,3,12,2018,311598.97,2.75,2.971,3.378,8.16504141838849,5.67,8.1089,0,0,95.03,0.0,-0.018,-0.004
241,4,12,2018,309899.24,2.75,2.914,3.385,8.16504141838849,5.75,8.187443,0,0,-1699.73,0.0,-0.057,0.007
242,5,12,2018,310146.24,2.75,2.914,3.381,8.16504141838849,5.74,8.175985,0,0,246.99,0.0,0.0,-0.004
243,6,12,2018,309962.05,2.75,2.896,3.381,8.16504141838849,5.75,8.184528,0,0,-184.18,0.0,-0.018,0.0
244,7,12,2018,309347.96,2.75,2.847,3.371,8.16504141838849,5.78,8.21307,0,0,-614.09,0.0,-0.049,-0.01
245,10,12,2018,308156.91,2.75,2.859,3.376,8.16504141838849,5.84,8.268697,0,0,-1191.05,0.0,0.012,0.005
246,11,12,2018,308401.61,2.75,2.88,3.37,8.16504141838849,5.83,8.25724,0,0,244.7,0.0,0.021,-0.006
247,12,12,2018,308582.44,2.75,2.91,3.359,8.16504141838849,5.823,8.248782,0,0,180.83,0.0,0.03,-0.011
248,13,12,2018,308079.51,2.75,2.914,3.365,8.16504141838849,5.848,8.272325,0,0,-502.93,0.0,0.004,0.006
249,14,12,2018,308324.1,2.75,2.891,3.355,8.16504141838849,5.838,8.260867,0,0,244.59,0.0,-0.023,-0.01
250,17,12,2018,309192.68,2.75,2.858,3.347,8.16504141838849,5.79,8.220302,0,0,868.58,0.0,-0.033,-0.008
251,18,12,2018,309741.92,2.75,2.818,3.346,8.16504141838849,5.76,8.194748,0,0,549.24,0.0,-0.04,-0.001
252,19,12,2018,309431.23,2.75,2.756,3.351,8.16504141838849,5.77,8.209194,0,0,-310.69,0.0,-0.062,0.005
253,20,12,2018,310628.87,2.75,2.807,3.343,8.16504141838849,5.71,8.15364,0,0,1197.64,0.0,0.051,-0.008
254,21,12,2018,310965.56,2.75,2.792,3.358,8.16504141838849,5.69,8.138086,0,0,336.69,0.0,-0.015,0.015
255,24,12,2018,310676.8,2.75,2.74,3.358,8.16504141838849,5.69,8.151425,1,0,-288.76,0.0,-0.052,0.0
256,25,12,2018,310580.64,2.75,2.74,3.358,8.16504141838849,5.69,8.155871,1,0,-96.16,0.0,0.0,0.0
257,26,12,2018,311133.97,2.75,2.809,3.369,8.16504141838849,5.66,8.130317,0,0,553.33,0.0,0.069,0.011
258,27,12,2018,311906.55,2.75,2.768,3.376,8.16504141838849,5.62,8.094763,0,0,772.58,0.0,-0.041,0.007
259,28,12,2018,311158.0,2.75,2.72,3.37,8.16504141838849,5.65,8.129209,0,0,-748.56,0.0,-0.048,-0.006
260,31,12,2018,311737.13,2.75,2.685,3.379,8.16504141838849,5.61,8.102547,0,0,579.13,0.0,-0.035,0.009
261,1,1,2019,311640.43,2.75,2.685,3.379,8.14696558033071,5.61,8.106993,1,0,-96.7,0.0,0.0,0.0
262,2,1,2019,311326.58,2.75,2.621,3.373,8.14696558033071,5.62,8.121439,0,0,-313.85,0.0,-0.064,-0.006
263,3,1,2019,311230.09,2.75,2.554,3.371,8.14696558033071,5.62,8.125885,0,0,-96.49,0.0,-0.067,-0.002
264,4,1,2019,311350.63,2.75,2.669,3.36,8.14696558033071,5.61,8.120331,0,0,120.54,0.0,0.115,-0.011
265,7,1,2019,311061.27,2.75,2.697,3.353,8.14696558033071,5.61,8.13367,0,0,-289.36,0.0,0.028,-0.007
266,8,1,2019,311181.71,2.75,2.729,3.35,8.14696558033071,5.6,8.128116,0,0,120.43,0.0,0.032,-0.003
267,9,1,2019,311954.49,2.75,2.711,3.335,8.14696558033071,5.56,8.092562,0,0,772.78,0.0,-0.018,-0.015
268,10,1,2019,312075.49,2.75,2.743,3.343,8.14696558033071,5.55,8.087008,0,0,121.0,0.0,0.032,0.008
269,11,1,2019,311978.62,2.75,2.702,3.343,8.14696558033071,5.55,8.091454,0,0,-96.87,0.0,-0.041,0.0
270,14,1,2019,311253.81,2.75,2.703,3.345,8.14696558033071,5.57,8.124792,0,0,-724.81,0.0,0.001,0.002
271,15,1,2019,311157.36,2.75,2.713,3.34,8.14696558033071,5.57,8.129238,0,0,-96.45,0.0,0.01,-0.005
272,16,1,2019,310666.08,2.75,2.723,3.333,8.14696558033071,5.59,8.15192,0,0,-491.28,0.0,0.01,-0.007
273,17,1,2019,310391.96,2.75,2.751,3.333,8.14696558033071,5.6,8.164601,0,0,-274.12,0.0,0.028,0.0
274,18,1,2019,310982.97,2.75,2.785,3.319,8.14696558033071,5.57,8.137283,0,0,591.01,0.0,0.034,-0.014
275,21,1,2019,310592.38,2.75,2.785,3.33,8.14696558033071,5.58,8.155327,0,0,-390.58,0.0,0.0,0.011
276,22,1,2019,310534.41,2.75,2.74,3.337,8.14696558033071,5.58,8.158009,0,0,-57.97,0.0,-0.045,0.007
277,23,1,2019,309829.28,2.75,2.742,3.338,8.14696558033071,5.61,8.190691,0,0,-705.13,0.0,0.002,0.001
278,24,1,2019,309126.81,2.75,2.717,3.346,8.14696558033071,5.64,8.223372,0,0,-702.48,0.0,-0.025,0.008
279,25,1,2019,309929.17,2.75,2.759,3.345,8.14696558033071,5.6,8.186054,0,0,802.36,0.0,0.042,-0.001
280,28,1,2019,309755.91,2.75,2.746,3.354,8.14696558033071,5.6,8.194098,0,0,-173.25,0.0,-0.013,0.009
281,29,1,2019,309698.2,2.75,2.711,3.36,8.14696558033071,5.6,8.19678,0,0,-57.72,0.0,-0.035,0.006
282,30,1,2019,309210.73,2.75,2.678,3.355,8.14696558033071,5.62,8.219461,0,0,-487.47,0.0,-0.033,-0.005
283,31,1,2019,312181.55,2.75,2.63,3.335,8.14696558033071,5.48,8.082143,0,0,2970.82,0.0,-0.048,-0.02
284,1,2,2019,311687.6,2.75,2.685,3.33,8.13686564927975,5.5,8.104824,0,0,-493.95,0.0,0.055,-0.005
285,4,2,2019,311730.13,2.75,2.724,3.331,8.13686564927975,5.49,8.102869,0,0,42.53,0.0,0.039,0.001
286,5,2,2019,312107.26,2.75,2.699,3.331,8.13686564927975,5.47,8.08555,0,0,377.13,0.0,-0.025,0.0
287,6,2,2019,312048.82,2.75,2.696,3.328,8.13686564927975,5.47,8.088232,0,0,-58.44,0.0,-0.003,-0.003
288,7,2,2019,311990.39,2.75,2.658,3.324,8.13686564927975,5.47,8.090913,0,0,-58.42,0.0,-0.038,-0.004
289,8,2,2019,311931.99,2.75,2.636,3.324,8.13686564927975,5.47,8.093595,0,0,-58.41,0.0,-0.022,0.0
290,11,2,2019,311539.43,2.75,2.655,3.331,8.13686564927975,5.48,8.11164,0,0,-392.56,0.0,0.019,0.007
291,12,2,2019,310830.53,2.75,2.689,3.333,8.13686564927975,5.51,8.144321,0,0,-708.9,0.0,0.034,0.002
292,13,2,2019,310124.29,2.75,2.703,3.337,8.13686564927975,5.54,8.177003,0,0,-706.24,0.0,0.014,0.004
293,14,2,2019,310066.46,2.75,2.655,3.341,8.13686564927975,5.54,8.179684,0,0,-57.83,0.0,-0.048,0.004
294,15,2,2019,310656.44,2.75,2.664,3.331,8.13686564927975,5.51,8.152366,0,0,589.98,0.0,0.009,-0.01
295,18,2,2019,310446.42,2.75,2.664,3.324,8.13686564927975,5.5,8.16208,0,0,-210.02,0.0,0.0,-0.007
296,19,2,2019,310304.49,2.75,2.635,3.318,8.13686564927975,5.5,8.168652,0,0,-141.93,0.0,-0.029,-0.006
297,20,2,2019,310162.66,2.75,2.646,3.318,8.13686564927975,5.5,8.175224,0,0,-141.83,0.0,0.011,0.0
298,21,2,2019,309590.29,2.75,2.693,3.322,8.13686564927975,5.52,8.201795,0,0,-572.37,0.0,0.047,0.004
299,22,2,2019,310310.64,2.75,2.654,3.31,8.13686564927975,5.48,8.168367,0,0,720.35,0.0,-0.039,-0.012
300,25,2,2019,309885.47,2.75,2.664,3.306,8.13686564927975,5.48,8.188082,0,0,-425.17,0.0,0.01,-0.004
301,26,2,2019,309313.95,2.75,2.637,3.312,8.13686564927975,5.5,8.214653,0,0,-571.52,0.0,-0.027,0.006
302,27,2,2019,309602.56,2.75,2.683,3.306,8.13686564927975,5.48,8.201225,0,0,288.61,0.0,0.046,-0.006
303,28,2,2019,309461.26,2.75,2.716,3.305,8.13686564927975,5.48,8.207797,0,0,-141.3,0.0,0.033,-0.001
304,1,3,2019,309105.43,2.75,2.755,3.307,8.12560899797329,5.49,8.224368,0,0,-355.83,0.0,0.039,0.002
305,4,3,2019,309111.55,2.75,2.723,3.312,8.12560899797329,5.47,8.224083,0,0,6.12,0.0,-0.032,0.005
306,5,3,2019,309185.11,2.75,2.719,3.313,8.12560899797329,5.46,8.220655,0,0,73.56,0.0,-0.004,0.001
307,6,3,2019,309044.13,2.75,2.694,3.31,8.12560899797329,5.46,8.227226,0,0,-140.98,0.0,-0.025,-0.003
308,7,3,2019,309547.23,2.75,2.64,3.311,8.12560899797329,5.43,8.203798,0,0,503.09,0.0,-0.054,0.001
309,8,3,2019,309836.2,2.75,2.63,3.315,8.12560899797329,5.41,8.19037,0,0,288.97,0.0,-0.01,0.004
310,11,3,2019,309842.34,2.75,2.64,3.31,8.12560899797329,5.39,8.190084,0,0,6.14,0.0,0.01,-0.005
311,12,3,2019,311647.76,2.75,2.602,3.303,8.12560899797329,5.3,8.106656,0,0,1805.43,0.0,-0.038,-0.007
312,13,3,2019,311722.33,2.75,2.622,3.292,8.12560899797329,5.29,8.103228,0,0,74.56,0.0,0.02,-0.011
313,14,3,2019,312232.66,2.75,2.631,3.297,8.12560899797329,5.26,8.079799,0,0,510.33,0.0,0.009,0.005
314,15,3,2019,313401.65,2.75,2.589,3.299,8.12560899797329,5.2,8.026371,0,0,1168.99,0.0,-0.042,0.002
315,18,3,2019,312378.08,2.75,2.605,3.301,8.12560899797329,5.24,8.073135,0,0,-1023.57,0.0,0.016,0.002
316,19,3,2019,312110.76,2.75,2.613,3.301,8.12560899797329,5.25,8.08539,0,0,-267.32,0.0,0.008,0.0
317,20,3,2019,311843.82,2.75,2.527,3.294,8.12560899797329,5.26,8.097644,0,0,-266.94,0.0,-0.086,-0.007
318,21,3,2019,313983.53,2.75,2.539,3.294,8.12560899797329,5.16,7.999899,0,0,2139.71,0.0,0.012,0.0
319,22,3,2019,313274.78,2.75,2.441,3.305,8.12560899797329,5.19,8.032154,0,0,-708.75,0.0,-0.098,0.011
320,25,3,2019,313345.77,2.75,2.4,3.304,8.12560899797329,5.18,8.028918,0,0,70.99,0.0,-0.041,-0.001
321,26,3,2019,313077.08,2.75,2.424,3.306,8.12560899797329,5.19,8.041172,0,0,-268.69,0.0,0.024,0.002
322,27,3,2019,313378.47,2.75,2.368,3.317,8.12560899797329,5.174,8.027427,0,0,301.4,0.0,-0.056,0.011
323,28,3,2019,311886.55,2.75,2.396,3.319,8.12560899797329,5.24,8.095682,0,0,-1491.93,0.0,0.028,0.002
324,29,3,2019,311837.46,2.75,2.406,3.321,8.12560899797329,5.24,8.097936,0,0,-49.08,0.0,0.01,0.002
325,1,4,2019,312343.91,2.75,2.502,3.312,8.11206590020025,5.21,8.0747,0,0,506.45,0.0,0.096,-0.009
326,2,4,2019,312294.71,2.75,2.475,3.312,8.11206590020025,5.21,8.076955,0,0,-49.2,0.0,-0.027,0.0
327,3,4,2019,312463.78,2.75,2.525,3.3,8.11206590020025,5.2,8.06921,0,0,169.07,0.0,0.05,-0.012
328,4,4,2019,312851.72,2.75,2.516,3.299,8.11206590020025,5.18,8.051464,0,0,387.93,0.0,-0.009,-0.001
329,5,4,2019,312802.38,2.75,2.496,3.3,8.11206590020025,5.18,8.053719,0,0,-49.33,0.0,-0.02,0.001
330,8,4,2019,312873.19,2.75,2.523,3.293,8.11206590020025,5.17,8.050483,0,0,70.81,0.0,0.027,-0.007
331,9,4,2019,312692.61,2.75,2.502,3.293,8.11206590020025,5.176,8.058738,0,0,-180.58,0.0,-0.021,0.0
332,10,4,2019,312621.46,2.75,2.467,3.295,8.11206590020025,5.177,8.061993,0,0,-71.15,0.0,-0.035,0.002
333,11,4,2019,312004.91,2.75,2.498,3.3,8.11206590020025,5.203,8.090247,0,0,-616.56,0.0,0.031,0.005
334,12,4,2019,310502.14,2.75,2.566,3.296,8.11206590020025,5.27,8.159502,0,0,-1502.76,0.0,0.068,-0.004
335,15,4,2019,310572.09,2.75,2.555,3.299,8.11206590020025,5.26,8.156266,0,0,69.95,0.0,-0.011,0.003
336,16,4,2019,309876.83,2.75,2.591,3.297,8.11206590020025,5.29,8.188483,0,0,-695.27,0.0,0.036,-0.002
337,17,4,2019,310260.27,2.75,2.595,3.297,8.11206590020025,5.27,8.1707,0,0,383.44,0.0,0.004,0.0
338,18,4,2019,310212.42,2.75,2.561,3.297,8.11206590020025,5.27,8.172917,1,0,-47.85,0.0,-0.034,0.0
339,19,4,2019,310164.58,2.75,2.561,3.297,8.11206590020025,5.27,8.175135,1,0,-47.84,0.0,0.0,0.0
340,22,4,2019,310236.83,2.75,2.589,3.304,8.11206590020025,5.26,8.171786,0,0,72.25,0.0,0.028,0.007
341,23,4,2019,311054.04,2.75,2.566,3.311,8.11206590020025,5.22,8.134003,0,0,817.21,0.0,-0.023,0.007
342,24,4,2019,310141.15,2.75,2.519,3.322,8.11206590020025,5.26,8.176221,0,0,-912.89,0.0,-0.047,0.011
343,25,4,2019,310093.33,2.75,2.533,3.332,8.11206590020025,5.26,8.178438,0,0,-47.82,0.0,0.014,0.01
344,26,4,2019,311126.63,2.75,2.499,3.321,8.11206590020025,5.21,8.130655,0,0,1033.3,0.0,-0.034,-0.011
345,29,4,2019,311851.17,2.75,2.527,3.317,8.11206590020025,5.17,8.097307,0,0,724.54,0.0,0.028,-0.004
346,30,4,2019,312456.92,2.75,2.503,3.312,8.11206590020025,5.14,8.069524,0,0,605.75,0.0,-0.024,-0.005
347,1,5,2019,312408.51,2.75,2.501,3.312,8.10013632634537,5.14,8.071741,1,0,-48.41,0.0,-0.002,0.0
348,2,5,2019,311489.05,2.75,2.542,3.315,8.10013632634537,5.18,8.113958,0,0,-919.46,0.0,0.041,0.003
349,3,5,2019,311875.8,2.75,2.526,3.304,8.10013632634537,5.16,8.096175,0,0,386.75,0.0,-0.016,-0.011
350,6,5,2019,311296.46,2.75,2.471,3.312,8.10013632634537,5.18,8.122827,0,0,-579.34,0.0,-0.055,0.008
351,7,5,2019,310598.51,2.75,2.458,3.315,8.10013632634537,5.21,8.155044,0,0,-697.95,0.0,-0.013,0.003
352,8,5,2019,310550.57,2.75,2.484,3.316,8.10013632634537,5.21,8.157261,0,0,-47.94,0.0,0.026,0.001
353,9,5,2019,309855.38,2.75,2.444,3.322,8.10013632634537,5.24,8.189479,0,0,-695.19,0.0,-0.04,0.006
354,10,5,2019,310670.93,2.75,2.468,3.318,8.10013632634537,5.2,8.151696,0,0,815.54,0.0,0.024,-0.004
355,13,5,2019,309879.75,2.75,2.402,3.332,8.10013632634537,5.23,8.188347,0,0,-791.18,0.0,-0.066,0.014
356,14,5,2019,310695.4,2.75,2.411,3.325,8.10013632634537,5.19,8.150565,0,0,815.65,0.0,0.009,-0.007
357,15,5,2019,311297.44,2.75,2.374,3.324,8.10013632634537,5.16,8.122782,0,0,602.04,0.0,-0.037,-0.001
358,16,5,2019,311083.93,2.75,2.395,3.318,8.10013632634537,5.16,8.132625,0,0,-213.51,0.0,0.021,-0.006
359,17,5,2019,311087.33,2.75,2.392,3.324,8.10013632634537,5.15,8.132468,0,0,3.4,0.0,-0.003,0.006
360,20,5,2019,310880.86,2.75,2.417,3.34,8.10013632634537,5.13,8.141997,0,0,-206.47,0.0,0.025,0.016
361,21,5,2019,310999.08,2.75,2.427,3.347,8.10013632634537,5.1147,8.13654,0,0,118.22,0.0,0.01,0.007
362,22,5,2019,310541.47,2.75,2.383,3.347,8.10013632634537,5.126,8.157682,0,0,-457.61,0.0,-0.044,0.0
363,23,5,2019,310655.15,2.75,2.319,3.35,8.10013632634537,5.1109,8.152425,0,0,113.68,0.0,-0.064,0.003
364,24,5,2019,311269.52,2.75,2.321,3.346,8.10013632634537,5.0727,8.124068,0,0,614.37,0.0,0.002,-0.004
365,27,5,2019,310606.01,2.75,2.321,3.351,8.10013632634537,5.0738,8.154697,0,0,-663.51,0.0,0.0,0.005
366,28,5,2019,311608.97,2.75,2.267,3.355,8.10013632634537,5.0177,8.10844,0,0,1002.96,0.0,-0.054,0.004
367,29,5,2019,311575.43,2.75,2.263,3.358,8.10013632634537,5.0094,8.109983,0,0,-33.54,0.0,-0.004,0.003
368,30,5,2019,310620.53,2.75,2.214,3.363,8.10013632634537,5.0436,8.154026,0,0,-954.9,0.0,-0.049,0.005
369,31,5,2019,310204.83,2.75,2.125,3.37,8.10013632634537,5.053,8.173269,0,0,-415.69,0.0,-0.089,0.007
370,3,6,2019,309171.31,2.75,2.072,3.373,8.08510335709317,5.0715,8.221298,0,0,-1033.52,0.0,-0.053,0.003
371,4,6,2019,309940.22,2.75,2.131,3.351,8.08510335709317,5.0259,8.185541,0,0,768.91,0.0,0.059,-0.022
372,5,6,2019,308997.87,2.75,2.136,3.353,8.08510335709317,5.0599,8.229384,0,0,-942.34,0.0,0.005,0.002
373,6,6,2019,309936.21,2.75,2.118,3.338,8.08510335709317,5.0064,8.185727,0,0,938.34,0.0,-0.018,-0.015
374,7,6,2019,310857.62,2.75,2.083,3.336,8.08510335709317,4.9539,8.14307,0,0,921.41,0.0,-0.035,-0.002
375,10,6,2019,308935.39,2.75,2.15,3.335,8.08510335709317,5.0136,8.232299,0,0,-1922.23,0.0,0.067,-0.001
376,11,6,2019,310220.53,2.75,2.144,3.332,8.08510335709317,4.944,8.172542,0,0,1285.14,0.0,-0.006,-0.003
377,12,6,2019,311910.44,2.75,2.121,3.331,8.08510335709317,4.8562,8.094584,0,0,1689.9,0.0,-0.023,-0.001
378,13,6,2019,312391.34,2.75,2.096,3.332,8.08510335709317,4.8243,8.072527,0,0,480.9,0.0,-0.025,0.001
379,14,6,2019,314661.21,2.75,2.081,3.34,8.08510335709317,4.7111,7.96917,0,0,2269.87,0.0,-0.015,0.008
380,17,6,2019,312869.44,2.75,2.095,3.348,8.08510335709317,4.7591,8.050654,0,0,-1791.76,0.0,0.014,0.008
381,18,6,2019,313533.29,2.75,2.06,3.34,8.08510335709317,4.717,8.020375,0,0,663.85,0.0,-0.035,-0.008
382,19,6,2019,312956.11,2.75,2.024,3.336,8.08510335709317,4.7315,8.046695,0,0,-577.18,0.0,-0.036,-0.004
383,20,6,2019,316371.2,2.75,2.029,3.313,8.08510335709317,4.5651,7.892116,0,0,3415.09,0.0,0.005,-0.023
384,21,6,2019,315115.41,2.75,2.056,3.306,8.08510335709317,4.6098,7.948636,0,0,-1255.79,0.0,0.027,-0.007
385,24,6,2019,314126.7,2.75,2.015,3.302,8.08510335709317,4.6191,7.993398,0,0,-988.71,0.0,-0.041,-0.004
386,25,6,2019,313615.82,2.75,1.986,3.298,8.08510335709317,4.6305,8.016618,0,0,-510.89,0.0,-0.029,-0.004
387,26,6,2019,311404.75,2.75,2.048,3.301,8.08510335709317,4.7199,8.117839,0,0,-2211.06,0.0,0.062,0.003
388,27,6,2019,310107.97,2.75,2.015,3.294,8.08510335709317,4.768,8.177759,0,0,-1296.79,0.0,-0.033,-0.007
389,28,6,2019,310090.27,2.75,2.006,3.29,8.08510335709317,4.757,8.17858,0,0,-17.69,0.0,-0.009,-0.004
390,1,7,2019,311452.48,2.75,2.026,3.291,8.06262820247471,4.6586,8.115641,0,0,1362.21,0.0,0.02,0.001
391,2,7,2019,312008.94,2.75,1.975,3.292,8.06262820247471,4.6212,8.090062,0,0,556.46,0.0,-0.051,0.001
392,3,7,2019,313350.93,2.75,1.951,3.296,8.06262820247471,4.548,8.028682,0,0,1341.99,0.0,-0.024,0.004
393,4,7,2019,313321.96,2.75,1.951,3.294,8.06262820247471,4.5375,8.030003,0,0,-28.97,0.0,0.0,-0.002
394,5,7,2019,312867.94,2.75,2.035,3.298,8.06262820247471,4.5464,8.050723,0,0,-454.02,0.0,0.084,0.004
395,8,7,2019,312523.3,2.75,2.048,3.293,8.06262820247471,4.5267,8.066485,0,0,-344.63,0.0,0.013,-0.005
396,9,7,2019,311955.72,2.75,2.066,3.293,8.06262820247471,4.5409,8.092505,0,0,-567.58,0.0,0.018,0.0
397,10,7,2019,311737.6,2.75,2.062,3.288,8.06262820247471,4.5391,8.102526,0,0,-218.12,0.0,-0.004,-0.005
398,11,7,2019,310959.93,2.75,2.139,3.286,8.06262820247471,4.5631,8.138346,0,0,-777.67,0.0,0.077,-0.002
399,12,7,2019,311245.68,2.75,2.123,3.285,8.06262820247471,4.5381,8.125167,0,0,285.76,0.0,-0.016,-0.001
400,15,7,2019,312194.95,2.75,2.09,3.286,8.06262820247471,4.459,8.081528,0,0,949.27,0.0,-0.033,0.001
401,16,7,2019,312561.83,2.75,2.103,3.288,8.06262820247471,4.4361,8.064721,0,0,366.88,0.0,0.013,0.002
402,17,7,2019,313840.16,2.75,2.046,3.287,8.06262820247471,4.3717,8.006414,0,0,1278.32,0.0,-0.057,-0.001
403,18,7,2019,315437.45,2.75,2.025,3.288,8.06262820247471,4.2933,7.934107,0,0,1597.29,0.0,-0.021,0.001
404,19,7,2019,316596.84,2.75,2.056,3.286,8.06262820247471,4.2351,7.882,0,0,1159.39,0.0,0.031,-0.002
405,22,7,2019,315904.49,2.75,2.047,3.287,8.06262820247471,4.2479,7.913078,0,0,-692.34,0.0,-0.009,0.001
406,23,7,2019,315048.22,2.75,2.082,3.292,8.06262820247471,4.2804,7.951671,0,0,-856.28,0.0,0.035,0.005
407,24,7,2019,313823.66,2.75,2.045,3.294,8.06262820247471,4.3298,8.007164,0,0,-1224.55,0.0,-0.037,0.002
408,25,7,2019,314787.48,2.75,2.082,3.3,8.06262820247471,4.28,7.963457,0,0,963.82,0.0,0.037,0.006
409,26,7,2019,314714.7,2.75,2.071,3.3,8.06262820247471,4.2772,7.966749,0,0,-72.78,0.0,-0.011,0.0
410,29,7,2019,314311.19,2.75,2.066,3.3,8.06262820247471,4.2772,7.985028,1,0,-403.51,0.0,-0.005,0.0
411,30,7,2019,314176.87,2.75,2.059,3.3,8.06262820247471,4.2772,7.991121,1,0,-134.31,0.0,-0.007,0.0
412,31,7,2019,311097.18,2.75,2.015,3.31,8.06262820247471,4.412,8.132014,0,0,-3079.7,0.0,-0.044,0.01
413,1,8,2019,310960.79,2.75,1.894,3.319,8.0403913090924,4.4122,8.138307,0,0,-136.39,0.0,-0.121,0.009
414,2,8,2019,310316.42,2.75,1.847,3.346,8.0403913090924,4.4359,8.168099,0,0,-644.37,0.0,-0.047,0.027
415,5,8,2019,308912.26,2.75,1.709,3.385,8.0403913090924,4.4829,8.233378,0,0,-1404.16,0.0,-0.138,0.039
416,6,8,2019,311061.25,2.75,1.704,3.384,8.0403913090924,4.3771,8.133671,0,0,2148.99,0.0,-0.005,-0.001
417,7,8,2019,311786.82,2.75,1.735,3.382,8.0403913090924,4.3376,8.100264,0,0,725.56,0.0,0.031,-0.002
418,8,8,2019,312059.18,2.75,1.718,3.382,8.0403913090924,4.319,8.087756,0,0,272.36,0.0,-0.017,0.0
419,9,8,2019,314443.08,2.5,1.746,3.383,8.0403913090924,4.2042,7.979049,0,0,2383.9,-0.25,0.028,0.001
420,12,8,2019,315954.54,2.5,1.646,3.389,8.0403913090924,4.1177,7.910828,0,0,1511.46,0.0,-0.1,0.006
421,13,8,2019,315910.22,2.5,1.705,3.377,8.0403913090924,4.1136,7.912821,0,0,-44.32,0.0,0.059,-0.012
422,14,8,2019,315903.71,2.5,1.58,3.389,8.0403913090924,4.1078,7.913113,0,0,-6.51,0.0,-0.125,0.012
423,15,8,2019,314981.03,2.5,1.529,3.394,8.0403913090924,4.1433,7.954706,0,0,-922.67,0.0,-0.051,0.005
424,16,8,2019,315923.51,2.5,1.555,3.386,8.0403913090924,4.0993,7.912223,0,0,942.48,0.0,0.026,-0.008
425,19,8,2019,314147.1,2.5,1.607,3.386,8.0403913090924,4.175,7.992472,0,0,-1776.41,0.0,0.052,0.0
426,20,8,2019,314179.79,2.5,1.556,3.381,8.0403913090924,4.172,7.990988,0,0,32.69,0.0,-0.051,-0.005
427,21,8,2019,314124.35,2.5,1.59,3.379,8.0403913090924,4.173,7.993505,0,0,-55.45,0.0,0.034,-0.002
428,22,8,2019,314090.94,2.5,1.615,3.3814,8.0403913090924,4.173,7.995021,0,0,-33.4,0.0,0.025,0.0024
429,23,8,2019,314277.9,2.5,1.536,3.377,8.0403913090924,4.163,7.986538,0,0,186.96,0.0,-0.079,-0.0044
430,26,8,2019,313385.94,2.5,1.536,3.379,8.0403913090924,4.199,8.027087,0,0,-891.96,0.0,0.0,0.002
431,27,8,2019,313418.5,2.5,1.473,3.388,8.0403913090924,4.196,8.025603,0,0,32.56,0.0,-0.063,0.009
432,28,8,2019,313778.45,2.5,1.481,3.399,8.0403913090924,4.1781,8.00922,0,0,359.95,0.0,0.008,0.011
433,29,8,2019,313745.1,2.5,1.496,3.399,8.0403913090924,4.1781,8.010736,1,0,-33.34,0.0,0.015,0.0
434,30,8,2019,313711.77,2.5,1.498,3.399,8.0403913090924,4.1781,8.012252,1,0,-33.34,0.0,0.002,0.0
435,2,9,2019,313168.48,2.5,1.498,3.405,8.01053885951996,4.1983,8.037002,0,0,-543.29,0.0,0.0,0.006
436,3,9,2019,313886.27,2.5,1.458,3.405,8.01053885951996,4.1641,8.004318,0,0,717.79,0.0,-0.04,0.0
437,4,9,2019,315430.17,2.5,1.467,3.392,8.01053885951996,4.0927,7.934435,0,0,1543.91,0.0,0.009,-0.013
438,5,9,2019,315660.64,2.5,1.559,3.367,8.01053885951996,4.0808,7.924051,0,0,230.47,0.0,0.092,-0.025
439,6,9,2019,316412.41,2.5,1.561,3.346,8.01053885951996,4.0455,7.890267,0,0,751.77,0.0,0.002,-0.021
440,9,9,2019,315899.19,2.5,1.645,3.347,8.01053885951996,4.064,7.913317,0,0,-513.22,0.0,0.084,0.001
441,10,9,2019,315603.31,2.5,1.732,3.348,8.01053885951996,4.0758,7.926633,0,0,-295.88,0.0,0.087,0.001
442,11,9,2019,316227.84,2.5,1.74,3.344,8.01053885951996,4.0462,7.898549,0,0,624.53,0.0,0.008,-0.004
443,12,9,2019,316033.78,2.5,1.772,3.331,8.01053885951996,4.0534,7.907266,0,0,-194.06,0.0,0.032,-0.013
444,13,9,2019,315156.47,2.5,1.898,3.318,8.01053885951996,4.0914,7.946782,0,0,-877.31,0.0,0.126,-0.013
445,16,9,2019,313683.95,2.5,1.848,3.327,8.01053885951996,4.1539,8.013518,0,0,-1472.52,0.0,-0.05,0.009
446,17,9,2019,313508.14,2.5,1.803,3.345,8.01053885951996,4.1607,8.02152,0,0,-175.82,0.0,-0.045,0.018
447,18,9,2019,313089.11,2.5,1.798,3.345,8.01053885951996,4.1786,8.040623,0,0,-419.02,0.0,-0.005,0.0
448,19,9,2019,312266.98,2.5,1.786,3.354,8.01053885951996,4.215,8.078226,0,0,-822.13,0.0,-0.012,0.009
449,20,9,2019,312345.48,2.5,1.723,3.361,8.01053885951996,4.2102,8.074629,0,0,78.5,0.0,-0.063,0.007
450,23,9,2019,312732.0,2.5,1.728,3.364,8.01053885951996,4.1889,8.056937,0,0,386.52,0.0,0.005,0.003
451,24,9,2019,313064.65,2.5,1.646,3.346,8.01053885951996,4.1725,8.041739,0,0,332.65,0.0,-0.082,-0.018
452,25,9,2019,312209.91,2.5,1.738,3.352,8.01053885951996,4.2104,8.080842,0,0,-854.74,0.0,0.092,0.006
453,26,9,2019,311322.12,2.5,1.694,3.365,8.01053885951996,4.25,8.121645,0,0,-887.8,0.0,-0.044,0.013
454,27,9,2019,310311.06,2.5,1.683,3.395,8.01053885951996,4.2955,8.168348,0,0,-1011.06,0.0,-0.011,0.03
455,30,9,2019,311289.32,2.5,1.666,3.385,8.01053885951996,4.2467,8.123156,0,0,978.26,0.0,-0.017,-0.01
456,1,10,2019,312611.28,2.5,1.637,3.393,7.96903914542224,4.1848,8.062458,0,0,1321.96,0.0,-0.029,0.008
457,2,10,2019,311887.0,2.5,1.6,3.388,7.96903914542224,4.2168,8.095661,0,0,-724.29,0.0,-0.037,-0.005
458,3,10,2019,313086.03,2.5,1.535,3.378,7.96903914542224,4.1607,8.040764,0,0,1199.03,0.0,-0.065,-0.01
459,4,10,2019,313874.2,2.5,1.53,3.378,7.96903914542224,4.1236,8.004867,0,0,788.17,0.0,-0.005,0.0
460,7,10,2019,315081.34,2.5,1.56,3.388,7.96903914542224,4.0653,7.950175,0,0,1207.14,0.0,0.03,0.01
461,8,10,2019,315054.72,2.5,1.53,3.388,7.96903914542224,4.0653,7.951377,1,0,-26.63,0.0,-0.03,0.0
462,9,10,2019,315988.97,2.5,1.585,3.379,7.96903914542224,4.022,7.90928,0,0,934.25,0.0,0.055,-0.009
463,10,10,2019,318053.34,2.5,1.67,3.361,7.96903914542224,3.9285,7.816983,0,0,2064.37,0.0,0.085,-0.018
464,11,10,2019,316345.13,2.5,1.731,3.357,7.96903914542224,4.0036,7.893285,0,0,-1708.21,0.0,0.061,-0.004
465,14,10,2019,316791.23,2.5,1.731,3.365,7.96903914542224,3.98,7.873294,0,0,446.1,0.0,0.0,0.008
466,15,10,2019,315502.02,2.5,1.773,3.372,7.96903914542224,4.0367,7.931196,0,0,-1289.21,0.0,0.042,0.007
467,16,10,2019,317898.0,2.5,1.74,3.37,7.96903914542224,3.9359,7.823894,0,0,2395.98,0.0,-0.033,-0.002
468,17,10,2019,318298.42,2.5,1.753,3.355,7.96903914542224,3.9246,7.806091,0,0,400.42,0.0,0.013,-0.015
469,18,10,2019,317862.17,2.5,1.755,3.347,7.96903914542224,3.9505,7.825488,0,0,-436.24,0.0,0.002,-0.008
470,21,10,2019,316892.08,2.5,1.801,3.347,7.96903914542224,4.0133,7.868781,0,0,-970.09,0.0,0.046,0.0
471,22,10,2019,316042.42,2.5,1.762,3.342,7.96903914542224,4.0579,7.906878,0,0,-849.66,0.0,-0.039,-0.005
472,23,10,2019,315409.31,2.5,1.765,3.347,7.96903914542224,4.0929,7.935375,0,0,-633.11,0.0,0.003,0.005
473,24,10,2019,315404.93,2.5,1.767,3.35,7.96903914542224,4.0996,7.935573,0,0,-4.38,0.0,0.002,0.003
474,25,10,2019,314687.73,2.5,1.796,3.351,7.96903914542224,4.1385,7.96797,0,0,-717.2,0.0,0.029,0.001
475,28,10,2019,314059.2,2.5,1.843,3.335,7.96903914542224,4.1865,7.996462,0,0,-628.53,0.0,0.047,-0.016
476,29,10,2019,314054.86,2.5,1.839,3.34,7.96903914542224,4.1932,7.99666,0,0,-4.35,0.0,-0.004,0.005
477,30,10,2019,312939.44,2.5,1.772,3.349,7.96903914542224,4.2505,8.047457,0,0,-1115.42,0.0,-0.067,0.009
478,31,10,2019,313081.86,2.5,1.692,3.349,7.96903914542224,4.2505,8.040954,1,0,142.42,0.0,-0.08,0.0
479,1,11,2019,313224.38,2.5,1.711,3.349,7.93260493164695,4.2505,8.034452,1,0,142.53,0.0,0.019,0.0
480,4,11,2019,315707.45,2.5,1.778,3.336,7.93260493164695,4.1575,7.921944,0,0,2483.06,0.0,0.067,-0.013
481,5,11,2019,315037.81,2.5,1.859,3.339,7.93260493164695,4.1942,7.952141,0,0,-669.64,0.0,0.081,0.003
482,6,11,2019,314626.57,2.5,1.829,3.341,7.93260493164695,4.2193,7.970739,0,0,-411.24,0.0,-0.03,0.002
483,7,11,2019,313756.1,2.5,1.918,3.345,7.93260493164695,4.2653,8.010236,0,0,-870.47,0.0,0.089,0.004
484,8,11,2019,315481.23,2.25,1.943,3.353,7.93260493164695,4.1937,7.932133,0,0,1725.13,-0.25,0.025,0.008
485,11,11,2019,315474.75,2.25,1.943,3.364,7.93260493164695,4.2135,7.932425,0,0,-6.48,0.0,0.0,0.011
486,12,11,2019,314587.16,2.25,1.936,3.376,7.93260493164695,4.2601,7.972523,0,0,-887.59,0.0,-0.007,0.012
487,13,11,2019,311713.79,2.25,1.887,3.392,7.93260493164695,4.3977,8.10362,0,0,-2873.37,0.0,-0.049,0.016
488,14,11,2019,312725.86,2.25,1.82,3.391,7.93260493164695,4.3578,8.057218,0,0,1012.07,0.0,-0.067,-0.001
489,15,11,2019,315104.81,2.25,1.832,3.373,7.93260493164695,4.2562,7.949115,0,0,2378.95,0.0,0.012,-0.018
490,18,11,2019,315151.61,2.25,1.816,3.372,7.93260493164695,4.2696,7.947002,0,0,46.8,0.0,-0.016,-0.001
491,19,11,2019,316326.29,2.25,1.784,3.381,7.93260493164695,4.2219,7.894131,0,0,1174.68,0.0,-0.032,0.009
492,20,11,2019,316245.43,2.25,1.747,3.387,7.93260493164695,4.2307,7.89776,0,0,-80.86,0.0,-0.037,0.006
493,21,11,2019,316637.25,2.25,1.774,3.38,7.93260493164695,4.2183,7.880189,0,0,391.82,0.0,0.027,-0.007
494,22,11,2019,316424.66,2.25,1.771,3.385,7.93260493164695,4.233,7.889718,0,0,-212.59,0.0,-0.003,0.005
495,25,11,2019,317491.5,2.25,1.756,3.391,7.93260493164695,4.2008,7.842005,0,0,1066.83,0.0,-0.015,0.006
496,26,11,2019,317971.26,2.25,1.742,3.385,7.93260493164695,4.1846,7.820634,0,0,479.76,0.0,-0.014,-0.006
497,27,11,2019,316867.89,2.25,1.767,3.394,7.93260493164695,4.239,7.869863,0,0,-1103.37,0.0,0.025,0.009
498,28,11,2019,317538.88,2.25,1.767,3.39,7.93260493164695,4.2142,7.839892,0,0,670.99,0.0,0.0,-0.004
499,29,11,2019,316487.04,2.25,1.777,3.399,7.93260493164695,4.2664,7.886921,0,0,-1051.84,0.0,0.01,0.009
500,2,12,2019,316802.09,2.25,1.82,3.403,7.89372257377526,4.2678,7.872808,0,0,315.05,0.0,0.043,0.004
501,3,12,2019,317654.53,2.25,1.717,3.391,7.89372257377526,4.2349,7.834737,0,0,852.44,0.0,-0.103,-0.012
502,4,12,2019,318287.73,2.25,1.775,3.386,7.89372257377526,4.2119,7.806566,0,0,633.2,0.0,0.058,-0.005
503,5,12,2019,317437.92,2.25,1.811,3.38,7.89372257377526,4.2549,7.844395,0,0,-849.81,0.0,0.036,-0.006
504,6,12,2019,317296.11,2.25,1.838,3.381,7.89372257377526,4.2664,7.850724,0,0,-141.81,0.0,0.027,0.001
505,9,12,2019,318451.14,2.25,1.82,3.38,7.89372257377526,4.2305,7.799311,0,0,1155.03,0.0,-0.018,-0.001
506,10,12,2019,319405.98,2.25,1.842,3.391,7.89372257377526,4.1934,7.75704,0,0,954.84,0.0,0.022,0.011
507,11,12,2019,319575.23,2.25,1.793,3.393,7.89372257377526,4.1911,7.749569,0,0,169.25,0.0,-0.049,0.002
508,12,12,2019,319216.81,2.25,1.893,3.393,7.89372257377526,4.2121,7.765398,0,0,-358.42,0.0,0.1,0.0
509,13,12,2019,320091.34,2.25,1.823,3.373,7.89372257377526,4.1787,7.726827,0,0,874.52,0.0,-0.07,-0.02
510,16,12,2019,321137.48,2.25,1.872,3.36,7.89372257377526,4.149,7.680913,0,0,1046.14,0.0,0.049,-0.013
511,17,12,2019,320632.57,2.25,1.881,3.349,7.89372257377526,4.177,7.703042,0,0,-504.9,0.0,0.009,-0.011
512,18,12,2019,320335.91,2.25,1.918,3.34,7.89372257377526,4.1959,7.716071,0,0,-296.66,0.0,0.037,-0.009
513,19,12,2019,311281.87,2.25,1.921,3.338,7.89372257377526,4.6092,8.123499,0,1,-4836.9,0.0,0.003,-0.002
514,20,12,2019,311881.19,2.25,1.918,3.326,7.89372257377526,4.5875,8.095928,0,0,599.32,0.0,-0.003,-0.012
515,23,12,2019,312345.79,2.25,1.93,3.32,7.89372257377526,4.5838,8.074614,0,0,464.61,0.0,0.012,-0.006
516,24,12,2019,313060.2,2.25,1.901,3.319,7.89372257377526,4.557,8.041943,0,0,714.41,0.0,-0.029,-0.001
517,25,12,2019,313188.87,2.25,1.901,3.319,7.89372257377526,4.557,8.036071,1,0,128.67,0.0,0.0,0.0
518,26,12,2019,313405.4,2.25,1.895,3.322,7.89372257377526,4.553,8.0262,0,0,216.53,0.0,-0.006,0.003
519,27,12,2019,313284.1,2.25,1.877,3.324,7.89372257377526,4.5644,8.031729,0,0,-121.3,0.0,-0.018,0.002
520,30,12,2019,312435.28,2.25,1.88,3.319,7.89372257377526,4.6208,8.070515,0,0,-848.82,0.0,0.003,-0.005
521,31,12,2019,312244.78,2.25,1.919,3.317,7.89372257377526,4.6354,8.079244,0,0,-190.5,0.0,0.039,-0.002
522,1,1,2020,312372.9,2.25,1.919,3.317,7.85808322471129,4.6354,8.073372,1,0,128.12,0.0,0.0,0.0
523,2,1,2020,314159.68,2.25,1.878,3.305,7.85808322471129,4.5598,7.991901,0,0,1786.78,0.0,-0.041,-0.012
524,3,1,2020,314015.88,2.25,1.789,3.311,7.85808322471129,4.5722,7.99843,0,0,-143.81,0.0,-0.089,0.006
525,6,1,2020,314867.99,2.25,1.81,3.323,7.85808322471129,4.5512,7.959816,0,0,852.12,0.0,0.021,0.012
526,7,1,2020,315425.52,2.25,1.819,3.327,7.85808322471129,4.5319,7.934645,0,0,557.53,0.0,0.009,0.004
527,8,1,2020,314807.02,2.25,1.875,3.32,7.85808322471129,4.5657,7.962573,0,0,-618.5,0.0,0.056,-0.007
528,9,1,2020,314872.72,2.25,1.856,3.321,7.85808322471129,4.5686,7.959602,0,0,65.71,0.0,-0.019,0.001
529,10,1,2020,315479.07,2.25,1.821,3.324,7.85808322471129,4.5471,7.932231,0,0,606.35,0.0,-0.035,0.003
530,13,1,2020,315690.28,2.25,1.847,3.336,7.85808322471129,4.5552,7.922717,0,0,211.21,0.0,0.026,0.012
531,14,1,2020,315518.68,2.25,1.812,3.33,7.85808322471129,4.5688,7.930445,0,0,-171.6,0.0,-0.035,-0.006
532,15,1,2020,315793.43,2.25,1.784,3.327,7.85808322471129,4.5623,7.918074,0,0,274.75,0.0,-0.028,-0.003
533,16,1,2020,315657.84,2.25,1.808,3.326,7.85808322471129,4.5617,7.924177,0,0,-135.58,0.0,0.024,-0.001
534,17,1,2020,316198.21,2.25,1.822,3.324,7.85808322471129,4.5307,7.89988,0,0,540.36,0.0,0.014,-0.002
535,20,1,2020,316120.08,2.25,1.822,3.323,7.85808322471129,4.5141,7.903389,0,0,-78.13,0.0,0.0,-0.001
536,21,1,2020,316889.6,2.25,1.775,3.32,7.85808322471129,4.4729,7.868892,0,0,769.52,0.0,-0.047,-0.003
537,22,1,2020,316668.38,2.25,1.77,3.317,7.85808322471129,4.4761,7.878795,0,0,-221.22,0.0,-0.005,-0.003
538,23,1,2020,316518.79,2.25,1.733,3.322,7.85808322471129,4.4761,7.885498,0,0,-149.59,0.0,-0.037,0.005
539,24,1,2020,316556.65,2.25,1.685,3.325,7.85808322471129,4.4677,7.8838,0,0,37.86,0.0,-0.048,0.003
540,27,1,2020,315932.71,2.25,1.609,3.339,7.85808322471129,4.4756,7.911809,0,0,-623.94,0.0,-0.076,0.014
541,28,1,2020,317601.23,2.25,1.657,3.335,7.85808322471129,4.3942,7.837112,0,0,1668.52,0.0,0.048,-0.004
542,29,1,2020,318066.11,2.25,1.585,3.345,7.85808322471129,4.3668,7.816415,0,0,464.88,0.0,-0.072,0.01
543,30,1,2020,317798.62,2.25,1.586,3.36,7.85808322471129,4.372,7.828318,0,0,-267.49,0.0,0.001,0.015
544,31,1,2020,317915.36,2.25,1.508,3.376,7.85808322471129,4.3601,7.823121,0,0,116.75,0.0,-0.078,0.016
545,3,2,2020,318750.63,2.25,1.528,3.374,7.82165972491844,4.3029,7.78603,0,0,835.27,0.0,0.02,-0.002
546,4,2,2020,318599.42,2.25,1.6,3.364,7.82165972491844,4.3029,7.792733,0,0,-151.21,0.0,0.072,-0.01
547,5,2,2020,319046.36,2.25,1.652,3.36,7.82165972491844,4.2764,7.772936,0,0,446.94,0.0,0.052,-0.004
548,6,2,2020,318083.57,2.25,1.644,3.371,7.82165972491844,4.3124,7.815638,0,0,-962.79,0.0,-0.008,0.011
549,7,2,2020,318150.99,2.25,1.584,3.388,7.82165972491844,4.3027,7.812641,0,0,67.42,0.0,-0.06,0.017
550,10,2,2020,318108.05,2.25,1.571,3.394,7.82165972491844,4.2845,7.81455,0,0,-42.94,0.0,-0.013,0.006
551,11,2,2020,317894.42,2.25,1.601,3.39,7.82165972491844,4.2873,7.824053,0,0,-213.63,0.0,0.03,-0.004
552,12,2,2020,317743.88,2.25,1.634,3.383,7.82165972491844,4.2873,7.830756,0,0,-150.54,0.0,0.033,-0.007
553,13,2,2020,317548.59,2.25,1.618,3.385,7.82165972491844,4.2893,7.839459,0,0,-195.29,0.0,-0.016,0.002
554,14,2,2020,317784.16,2.25,1.587,3.384,7.82165972491844,4.2721,7.828962,0,0,235.57,0.0,-0.031,-0.001
555,17,2,2020,320077.49,2.25,1.587,3.384,7.82165972491844,4.2242,7.727436,0,0,2293.33,0.0,0.0,0.0
556,18,2,2020,321737.92,2.25,1.562,3.386,7.82165972491844,4.1816,7.654671,0,0,1660.43,0.0,-0.025,0.002
557,19,2,2020,322239.61,2.25,1.568,3.384,7.82165972491844,4.1899,7.632807,0,0,501.69,0.0,0.006,-0.002
558,20,2,2020,322535.39,2.25,1.516,3.392,7.82165972491844,4.2072,7.619943,0,0,295.78,0.0,-0.052,0.008
559,21,2,2020,323230.69,2.25,1.472,3.394,7.82165972491844,4.2072,7.589778,0,0,695.3,0.0,-0.044,0.002
560,24,2,2020,326814.13,2.25,1.371,3.404,7.82165972491844,4.1439,7.435985,0,0,3583.43,0.0,-0.101,0.01
561,25,2,2020,327456.18,2.25,1.354,3.405,7.82165972491844,4.1468,7.408721,0,0,642.05,0.0,-0.017,0.001
562,26,2,2020,327085.37,2.25,1.339,3.412,7.82165972491844,4.1927,7.424456,0,0,-370.81,0.0,-0.015,0.007
563,27,2,2020,326802.21,2.25,1.262,3.43,7.82165972491844,4.2349,7.436492,0,0,-283.16,0.0,-0.077,0.018
564,28,2,2020,320995.56,2.25,1.15,3.451,7.82165972491844,4.5157,7.687127,0,1,-4836.9,0.0,-0.112,0.021
565,2,3,2020,328498.74,2.25,1.165,3.445,7.77605587704824,4.2837,7.364634,0,1,4874.69,0.0,0.015,-0.006
566,3,3,2020,331748.39,2.25,1.001,3.428,7.77605587704824,4.1779,7.22867,0,0,3249.65,0.0,-0.164,-0.017
567,4,3,2020,335531.17,2.25,1.054,3.425,7.77605587704824,4.0525,7.073105,0,0,3782.78,0.0,0.053,-0.003
568,5,3,2020,336349.15,2.25,0.914,3.44,7.77605587704824,4.0494,7.039841,0,0,817.97,0.0,-0.14,0.015
569,6,3,2020,335964.26,2.25,0.764,3.473,7.77605587704824,4.0952,7.055476,0,0,-384.88,0.0,-0.15,0.033
570,9,3,2020,335173.72,2.25,0.543,3.502,7.77605587704824,4.2179,7.087683,0,0,-790.55,0.0,-0.221,0.029
571,10,3,2020,333263.46,2.25,0.805,3.498,7.77605587704824,4.3264,7.166019,0,1,-1910.26,0.0,0.23,-0.004
572,11,3,2020,329558.49,2.25,0.872,3.51,7.77605587704824,4.5106,7.320054,0,0,-3704.97,0.0,0.067,0.012
573,12,3,2020,314129.08,2.25,0.811,3.545,7.77605587704824,5.214,7.99329,0,1,-4836.9,0.0,-0.061,0.035
574,13,3,2020,314704.18,2.25,0.964,3.53,7.77605587704824,5.2181,7.967226,0,0,575.1,0.0,0.153,-0.015
575,16,3,2020,299373.87,2.25,0.721,3.55,7.77605587704824,6.0,8.690221,0,1,-4836.9,0.0,-0.225,0.02
576,17,3,2020,301967.03,2.25,1.082,3.554,7.77605587704824,5.872,8.563645,0,1,2593.16,0.0,0.23,0.004
577,18,3,2020,289430.93,2.25,1.195,3.568,7.77605587704824,6.5,9.193069,0,1,-4836.9,0.0,0.113,0.014
578,19,3,2020,297265.45,2.25,1.144,3.565,7.77605587704824,6.1,8.794493,0,1,4874.69,0.0,-0.051,-0.003
579,20,3,2020,301302.32,1.25,0.848,3.525,7.77605587704824,5.9,8.595917,0,1,4036.87,-1.0,-0.225,-0.04
580,23,3,2020,297150.98,1.25,0.789,3.536,7.77605587704824,6.1,8.80019,0,0,-4151.34,0.0,-0.059,0.011
581,24,3,2020,299142.29,1.25,0.85,3.523,7.77605587704824,6.0,8.701614,0,0,1991.31,0.0,0.061,-0.013
582,25,3,2020,318367.17,1.25,0.87,3.503,7.77605587704824,5.1,7.803038,0,1,4874.69,0.0,0.02,-0.02
583,26,3,2020,325210.6,1.25,0.849,3.439,7.77605587704824,4.8,7.504462,0,1,4874.69,0.0,-0.021,-0.042
584,27,3,2020,321710.09,1.25,0.679,3.423,7.77605587704824,4.95,7.655886,0,0,-3500.51,0.0,-0.17,-0.016
585,30,3,2020,315924.95,1.25,0.729,3.439,7.77605587704824,5.202,7.912158,0,1,-4836.9,0.0,0.05,0.016
586,31,3,2020,314828.92,1.25,0.67,3.442,7.77605587704824,5.25,7.961582,0,0,-1096.02,0.0,-0.059,0.003
587,1,4,2020,305102.3,1.25,0.584,3.462,7.75844398968921,5.7,8.413007,0,1,-4836.9,0.0,-0.086,0.02
588,2,4,2020,302778.03,1.25,0.599,3.458,7.75844398968921,5.81,8.524431,0,0,-2324.27,0.0,0.015,-0.004
589,3,4,2020,300892.89,1.25,0.597,3.457,7.75844398968921,5.9,8.615855,0,0,-1885.14,0.0,-0.002,-0.001
590,6,4,2020,299783.05,1.25,0.672,3.412,7.75844398968921,5.95,8.670127,0,1,-1109.84,0.0,0.075,-0.042
591,7,4,2020,308096.01,1.25,0.714,3.373,7.75844398968921,5.55,8.271551,0,1,4874.69,0.0,0.042,-0.039
592,8,4,2020,310643.25,1.25,0.773,3.356,7.75844398968921,5.43,8.152975,0,0,2547.24,0.0,0.059,-0.017
593,9,4,2020,310612.45,1.25,0.773,3.356,7.75844398968921,5.43,8.154399,1,0,-30.8,0.0,0.0,0.0
594,10,4,2020,310581.66,1.25,0.721,3.356,7.75844398968921,5.43,8.155823,1,0,-30.79,0.0,-0.052,0.0
595,13,4,2020,322301.91,0.25,0.774,3.379,7.75844398968921,4.9,7.630096,0,1,4874.69,-1.0,0.053,0.023
596,14,4,2020,331198.6,0.25,0.754,3.393,7.75844398968921,4.52,7.25152,0,1,4874.69,0.0,-0.02,0.014
597,15,4,2020,325713.1,0.25,0.632,3.421,7.75844398968921,4.75,7.482944,0,1,-4836.9,0.0,-0.122,0.028
598,16,4,2020,326430.87,0.25,0.628,3.411,7.75844398968921,4.7,7.452301,0,0,717.77,0.0,-0.004,-0.01
599,17,4,2020,327151.24,0.25,0.643,3.407,7.75844398968921,4.65,7.421659,0,0,720.36,0.0,0.015,-0.004
600,20,4,2020,326022.28,0.25,0.607,3.41,7.75844398968921,4.64,7.469731,0,0,-1128.96,0.0,-0.036,0.003
601,21,4,2020,323015.82,0.25,0.571,3.4,7.75844398968921,4.75,7.599089,0,0,-3006.46,0.0,-0.036,-0.01
602,22,4,2020,323261.46,0.25,0.621,3.376,7.75844398968921,4.72,7.588446,0,0,245.63,0.0,0.05,-0.024
603,23,4,2020,323276.3,0.25,0.603,3.364,7.75844398968921,4.7,7.587803,0,0,14.84,0.0,-0.018,-0.012
604,24,4,2020,322369.38,0.25,0.602,3.381,7.75844398968921,4.72,7.627161,0,0,-906.92,0.0,-0.001,0.017
605,27,4,2020,320127.55,0.25,0.661,3.4,7.75844398968921,4.76,7.725233,0,0,-2241.83,0.0,0.059,0.019
606,28,4,2020,318332.2,0.25,0.614,3.387,7.75844398968921,4.82,7.804591,0,0,-1795.35,0.0,-0.047,-0.013
607,29,4,2020,319702.66,0.25,0.628,3.373,7.75844398968921,4.74,7.743948,0,0,1370.45,0.0,0.014,-0.014
608,30,4,2020,317911.22,0.25,0.64,3.383,7.75844398968921,4.8,7.823305,0,0,-1791.44,0.0,0.012,0.01
609,1,5,2020,317476.74,0.25,0.64,3.383,7.74316699122612,4.8,7.842663,1,0,-434.48,0.0,0.0,0.0
610,4,5,2020,313965.12,0.25,0.636,3.39,7.74316699122612,4.9,8.000735,0,0,-3511.62,0.0,-0.004,0.007
611,5,5,2020,317310.24,0.25,0.663,3.394,7.74316699122612,4.73,7.850093,0,0,3345.12,0.0,0.027,0.004
612,6,5,2020,315985.19,0.25,0.704,3.407,7.74316699122612,4.77,7.90945,0,0,-1325.05,0.0,0.041,0.013
613,7,5,2020,317115.12,0.25,0.642,3.41,7.74316699122612,4.7,7.858808,0,0,1129.94,0.0,-0.062,0.003
614,8,5,2020,322576.3,0.25,0.685,3.399,7.74316699122612,4.44,7.618165,0,1,4874.69,0.0,0.043,-0.011
615,11,5,2020,322390.61,0.25,0.711,3.421,7.74316699122612,4.39,7.626237,0,0,-185.69,0.0,0.026,0.022
616,12,5,2020,322175.58,0.25,0.666,3.425,7.74316699122612,4.38,7.635595,0,0,-215.03,0.0,-0.045,0.004
617,13,5,2020,321273.71,0.25,0.653,3.437,7.74316699122612,4.4,7.674952,0,0,-901.87,0.0,-0.013,0.012
618,14,5,2020,320603.69,0.25,0.623,3.455,7.74316699122612,4.41,7.70431,0,0,-670.02,0.0,-0.03,0.018
619,15,5,2020,320390.61,0.25,0.644,3.448,7.74316699122612,4.4,7.713667,0,0,-213.08,0.0,0.021,-0.007
620,18,5,2020,320784.93,0.25,0.727,3.424,7.74316699122612,4.38,7.696358,0,0,394.32,0.0,0.083,-0.024
621,19,5,2020,320308.95,0.25,0.69,3.43,7.74316699122612,4.4,7.717256,0,0,-475.98,0.0,-0.037,0.006
622,20,5,2020,321200.56,0.25,0.681,3.41,7.74316699122612,4.36,7.678153,0,0,891.6,0.0,-0.009,-0.02
623,21,5,2020,323247.51,0.25,0.673,3.406,7.74316699122612,4.27,7.58905,0,0,2046.96,0.0,-0.008,-0.004
624,22,5,2020,322535.3,0.25,0.66,3.429,7.74316699122612,4.3,7.619947,0,0,-712.22,0.0,-0.013,0.023
625,25,5,2020,323858.37,0.25,0.66,3.429,7.74316699122612,4.24,7.562638,0,0,1323.08,0.0,0.0,0.0
626,26,5,2020,323837.59,0.25,0.698,3.426,7.74316699122612,4.24,7.563535,0,0,-20.78,0.0,0.038,-0.003
627,27,5,2020,322432.11,0.25,0.683,3.453,7.74316699122612,4.3,7.624433,0,0,-1405.48,0.0,-0.015,0.027
628,28,5,2020,323102.54,0.25,0.692,3.444,7.74316699122612,4.27,7.59533,0,0,670.43,0.0,0.009,-0.009
629,29,5,2020,322161.06,0.25,0.653,3.434,7.74316699122612,4.31,7.636227,0,0,-941.48,0.0,-0.039,-0.01
630,1,6,2020,320954.68,0.25,0.66,3.422,7.73147804966579,4.36,7.688918,0,0,-1206.38,0.0,0.007,-0.012
631,2,6,2020,321162.56,0.25,0.686,3.404,7.73147804966579,4.35,7.679815,0,0,207.88,0.0,0.026,-0.018
632,3,6,2020,321599.53,0.25,0.747,3.391,7.73147804966579,4.33,7.660712,0,0,436.97,0.0,0.061,-0.013
633,4,6,2020,319755.7,0.25,0.825,3.422,7.73147804966579,4.41,7.74161,0,0,-1843.84,0.0,0.078,0.031
634,5,6,2020,319962.3,0.25,0.896,3.43,7.73147804966579,4.4,7.732507,0,0,206.61,0.0,0.071,0.008
635,8,6,2020,319901.19,0.25,0.876,3.441,7.73147804966579,4.4,7.735198,0,0,-61.11,0.0,-0.02,0.011
636,9,6,2020,319201.03,0.25,0.826,3.448,7.73147804966579,4.43,7.766095,0,0,-700.16,0.0,-0.05,0.007
637,10,6,2020,320542.57,0.25,0.728,3.437,7.73147804966579,4.37,7.706992,0,0,1341.54,0.0,-0.098,-0.011
638,11,6,2020,319840.1,0.25,0.671,3.452,7.73147804966579,4.4,7.73789,0,0,-702.47,0.0,-0.057,0.015
639,12,6,2020,319366.42,0.25,0.705,3.464,7.73147804966579,4.42,7.758787,0,0,-473.68,0.0,0.034,0.012
640,15,6,2020,319531.96,0.25,0.722,3.485,7.73147804966579,4.41,7.751478,0,0,165.53,0.0,0.017,0.021
641,16,6,2020,319887.1,0.25,0.754,3.477,7.73147804966579,4.39,7.735819,0,0,355.14,0.0,0.032,-0.008
642,17,6,2020,319109.11,0.25,0.739,3.493,7.73147804966579,4.42,7.77016,0,0,-777.99,0.0,-0.015,0.016
643,18,6,2020,319917.03,0.25,0.709,3.511,7.73147804966579,4.38,7.734501,0,0,807.92,0.0,-0.03,0.018
644,19,6,2020,320272.88,0.25,0.695,3.513,7.73147804966579,4.36,7.718841,0,0,355.85,0.0,-0.014,0.002
645,22,6,2020,319749.93,0.25,0.709,3.496,7.73147804966579,4.37,7.741864,0,0,-522.95,0.0,0.014,-0.017
646,23,6,2020,319424.89,0.25,0.713,3.518,7.73147804966579,4.38,7.756205,0,0,-325.04,0.0,0.004,0.022
647,24,6,2020,319326.61,0.25,0.68,3.529,7.73147804966579,4.38,7.760545,0,0,-98.28,0.0,-0.033,0.011
648,25,6,2020,319228.38,0.25,0.686,3.513,7.73147804966579,4.38,7.764886,0,0,-98.23,0.0,0.006,-0.016
649,26,6,2020,318453.02,0.25,0.642,3.522,7.73147804966579,4.41,7.799227,0,0,-775.36,0.0,-0.044,0.009
650,29,6,2020,318159.81,0.25,0.624,3.522,7.73147804966579,4.41,7.81225,1,0,-293.22,0.0,-0.018,0.0
651,30,6,2020,317388.71,0.25,0.657,3.541,7.73147804966579,4.44,7.84659,0,0,-771.1,0.0,0.033,0.019
652,1,7,2020,317291.46,0.25,0.677,3.537,7.71215714140671,4.44,7.850931,0,0,-97.25,0.0,0.02,-0.004
653,2,7,2020,316523.82,0.25,0.67,3.519,7.71215714140671,4.47,7.885272,0,0,-767.64,0.0,-0.007,-0.018
654,3,7,2020,315981.57,0.25,0.67,3.528,7.71215714140671,4.49,7.909613,0,0,-542.25,0.0,0.0,0.009
655,6,7,2020,315470.09,0.25,0.678,3.549,7.71215714140671,4.5,7.932635,0,0,-511.48,0.0,0.008,0.021
656,7,7,2020,316485.81,0.25,0.641,3.547,7.71215714140671,4.45,7.886976,0,0,1015.72,0.0,-0.037,-0.002
657,8,7,2020,317955.91,0.25,0.665,3.537,7.71215714140671,4.38,7.821317,0,0,1470.1,0.0,0.024,-0.01
658,9,7,2020,318759.03,0.25,0.614,3.524,7.71215714140671,4.34,7.785658,0,0,803.12,0.0,-0.051,-0.013
659,10,7,2020,318210.46,0.25,0.646,3.508,7.71215714140671,4.36,7.809999,0,0,-548.57,0.0,0.032,-0.016
660,13,7,2020,318367.55,0.25,0.619,3.5,7.71215714140671,4.34,7.803021,0,0,157.09,0.0,-0.027,-0.008
661,14,7,2020,317595.63,0.25,0.624,3.504,7.71215714140671,4.37,7.837362,0,0,-771.93,0.0,0.005,0.004
662,15,7,2020,319074.23,0.25,0.631,3.502,7.71215714140671,4.3,7.771703,0,0,1478.61,0.0,0.007,-0.002
663,16,7,2020,320326.81,0.25,0.618,3.499,7.71215714140671,4.24,7.716471,0,0,1252.58,0.0,-0.013,-0.003
664,17,7,2020,322505.58,0.25,0.627,3.511,7.71215714140671,4.14,7.621239,0,0,2178.77,0.0,0.009,0.012
665,20,7,2020,322176.77,0.25,0.612,3.518,7.71215714140671,4.14,7.635543,0,0,-328.81,0.0,-0.015,0.007
666,21,7,2020,321608.73,0.25,0.602,3.497,7.71215714140671,4.16,7.660311,0,0,-568.04,0.0,-0.01,-0.021
667,22,7,2020,321499.57,0.25,0.599,3.505,7.71215714140671,4.16,7.665079,0,0,-109.16,0.0,-0.003,0.008
668,23,7,2020,322537.6,0.25,0.579,3.518,7.71215714140671,4.11,7.619847,0,0,1038.03,0.0,-0.02,0.013
669,24,7,2020,324044.32,0.25,0.59,3.536,7.71215714140671,4.04,7.554615,0,0,1506.72,0.0,0.011,0.018
670,27,7,2020,324408.58,0.25,0.616,3.529,7.71215714140671,4.01,7.538919,0,0,364.26,0.0,0.026,-0.007
671,28,7,2020,324297.86,0.25,0.58,3.529,7.71215714140671,4.01,7.543687,1,0,-110.73,0.0,-0.036,0.0
672,29,7,2020,325117.49,0.25,0.576,3.515,7.71215714140671,3.97,7.508455,0,0,819.63,0.0,-0.004,-0.014
673,30,7,2020,325472.9,0.25,0.548,3.51,7.71215714140671,3.95,7.493223,0,0,355.41,0.0,-0.028,-0.005
674,31,7,2020,325828.94,0.25,0.529,3.529,7.71215714140671,3.93,7.477991,0,0,356.04,0.0,-0.019,0.019
675,3,8,2020,325728.27,0.25,0.556,3.543,7.68665447675058,3.92,7.482295,0,0,-100.67,0.0,0.027,0.014
676,4,8,2020,325616.8,0.25,0.508,3.55,7.68665447675058,3.92,7.487063,0,0,-111.46,0.0,-0.048,0.007
677,5,8,2020,325505.4,0.25,0.549,3.55,7.68665447675058,3.92,7.491831,0,0,-111.4,0.0,0.041,0.0
678,6,8,2020,322382.29,0.25,0.537,3.548,7.68665447675058,4.05,7.626599,0,0,-3123.12,0.0,-0.012,-0.002
679,7,8,2020,319761.19,0.25,0.565,3.551,7.68665447675058,4.16,7.741367,0,0,-2621.1,0.0,0.028,0.003
680,10,8,2020,318984.54,0.25,0.577,3.561,7.68665447675058,4.18,7.775671,0,0,-776.66,0.0,0.012,0.01
681,11,8,2020,320691.88,0.25,0.642,3.563,7.68665447675058,4.1,7.700439,0,0,1707.35,0.0,0.065,0.002
682,12,8,2020,321039.39,0.25,0.671,3.568,7.68665447675058,4.08,7.685208,0,0,347.51,0.0,0.029,0.005
683,13,8,2020,320930.55,0.25,0.716,3.573,7.68665447675058,4.08,7.689976,0,0,-108.85,0.0,0.045,0.005
684,14,8,2020,320821.76,0.25,0.709,3.576,7.68665447675058,4.08,7.694744,0,0,-108.79,0.0,-0.007,0.003
685,17,8,2020,320950.02,0.25,0.683,3.579,7.68665447675058,4.08,7.689122,0,0,128.26,0.0,-0.026,0.003
686,18,8,2020,321068.62,0.25,0.669,3.576,7.68665447675058,4.08,7.683928,0,0,118.6,0.0,-0.014,-0.003
687,19,8,2020,321187.3,0.25,0.676,3.564,7.68665447675058,4.08,7.678733,0,0,118.67,0.0,0.007,-0.012
688,20,8,2020,321077.52,0.25,0.644,3.576,7.68665447675058,4.09,7.683538,0,0,-109.78,0.0,-0.032,0.012
689,21,8,2020,320511.8,0.25,0.64,3.584,7.68665447675058,4.12,7.708343,0,0,-565.71,0.0,-0.004,0.008
690,24,8,2020,321095.31,0.25,0.682,3.583,7.68665447675058,4.11,7.682759,0,0,583.5,0.0,0.042,-0.001
691,25,8,2020,320529.54,0.25,0.687,3.593,7.68665447675058,4.14,7.707565,0,0,-565.76,0.0,0.005,0.01
692,26,8,2020,321332.76,0.25,0.687,3.586,7.68665447675058,4.11,7.67237,0,0,803.22,0.0,0.0,-0.007
693,27,8,2020,321909.78,0.25,0.746,3.573,7.68665447675058,4.09,7.647175,0,0,577.03,0.0,0.059,-0.013
694,28,8,2020,323410.83,0.25,0.729,3.54,7.68665447675058,4.03,7.581981,0,0,1501.05,0.0,-0.017,-0.033
695,31,8,2020,324699.68,0.25,0.671,3.547,7.68665447675058,3.99,7.526396,0,0,1288.85,0.0,-0.058,0.007
696,1,9,2020,324123.47,0.25,0.671,3.531,7.64529407914852,4.02,7.551202,0,0,-576.21,0.0,0.0,-0.016
697,2,9,2020,323086.92,0.25,0.651,3.533,7.64529407914852,4.07,7.596007,0,0,-1036.56,0.0,-0.02,0.002
698,3,9,2020,322055.78,0.25,0.622,3.542,7.64529407914852,4.12,7.640812,0,0,-1031.14,0.0,-0.029,0.009
699,4,9,2020,321030.03,0.25,0.721,3.554,7.64529407914852,4.17,7.685618,0,0,-1025.75,0.0,0.099,0.012
700,7,9,2020,320701.14,0.25,0.723,3.54,7.64529407914852,4.2,7.700034,0,0,-328.89,0.0,0.002,-0.014
701,8,9,2020,322422.77,0.25,0.684,3.545,7.64529407914852,4.13,7.624839,0,0,1721.63,0.0,-0.039,0.005
702,9,9,2020,324391.74,0.25,0.703,3.537,7.64529407914852,4.05,7.539644,0,0,1968.97,0.0,0.019,-0.008
703,10,9,2020,322892.21,0.25,0.684,3.543,7.64529407914852,4.12,7.604449,0,0,-1499.53,0.0,-0.019,0.006
704,11,9,2020,321175.37,0.25,0.667,3.57,7.64529407914852,4.2,7.679255,0,0,-1716.84,0.0,-0.017,0.027
705,14,9,2020,322219.77,0.25,0.669,3.569,7.64529407914852,4.17,7.633671,0,0,1044.4,0.0,0.002,-0.001
706,15,9,2020,322569.15,0.25,0.68,3.553,7.64529407914852,4.16,7.618476,0,0,349.37,0.0,0.011,-0.016
707,16,9,2020,321944.35,0.25,0.687,3.543,7.64529407914852,4.19,7.645668,0,0,-624.8,0.0,0.007,-0.01
708,17,9,2020,322698.41,0.25,0.682,3.538,7.64529407914852,4.16,7.612861,0,0,754.06,0.0,-0.005,-0.005
709,18,9,2020,322763.08,0.25,0.694,3.527,7.64529407914852,4.16,7.610053,0,0,64.66,0.0,0.012,-0.011
710,21,9,2020,322036.99,0.25,0.671,3.546,7.64529407914852,4.2,7.641631,0,0,-726.08,0.0,-0.023,0.019
711,22,9,2020,320273.29,0.25,0.676,3.555,7.64529407914852,4.28,7.718823,0,0,-1763.7,0.0,0.005,0.009
712,23,9,2020,318976.76,0.25,0.676,3.568,7.64529407914852,4.34,7.776016,0,0,-1296.53,0.0,0.0,0.013
713,24,9,2020,319946.37,0.25,0.668,3.58,7.64529407914852,4.3,7.733208,0,0,969.62,0.0,-0.008,0.012
714,25,9,2020,321606.67,0.25,0.659,3.592,7.64529407914852,4.23,7.660401,0,0,1660.3,0.0,-0.009,0.012
715,28,9,2020,320884.85,0.25,0.663,3.593,7.64529407914852,4.27,7.691978,0,0,-721.82,0.0,0.004,0.001
716,29,9,2020,321634.84,0.25,0.651,3.597,7.64529407914852,4.24,7.659171,0,0,749.99,0.0,-0.012,0.004
717,30,9,2020,319647.89,0.25,0.686,3.599,7.64529407914852,4.33,7.746363,0,0,-1986.95,0.0,0.035,0.002
718,1,10,2020,320393.14,0.25,0.679,3.607,7.57970483630351,4.3,7.713556,0,0,745.25,0.0,-0.007,0.008
719,2,10,2020,320002.25,0.25,0.704,3.62,7.57970483630351,4.32,7.730748,0,0,-390.9,0.0,0.025,0.013
720,5,10,2020,321333.77,0.25,0.778,3.612,7.57970483630351,4.27,7.672325,0,0,1331.53,0.0,0.074,-0.008
721,6,10,2020,321856.06,0.25,0.74,3.586,7.57970483630351,4.25,7.649518,0,0,522.28,0.0,-0.038,-0.026
722,7,10,2020,322609.78,0.25,0.784,3.581,7.57970483630351,4.22,7.61671,0,0,753.73,0.0,0.044,-0.005
723,8,10,2020,325457.02,0.25,0.779,3.58,7.57970483630351,4.1,7.493903,0,0,2847.24,0.0,-0.005,-0.001
724,9,10,2020,326929.12,0.25,0.779,3.572,7.57970483630351,4.04,7.431095,0,0,1472.1,0.0,0.0,-0.008
725,12,10,2020,326187.64,0.25,0.764,3.587,7.57970483630351,4.08,7.462673,0,0,-741.48,0.0,-0.015,0.015
726,13,10,2020,324619.0,0.25,0.729,3.596,7.57970483630351,4.15,7.529865,0,0,-1568.64,0.0,-0.035,0.009
727,14,10,2020,325383.36,0.25,0.727,3.59,7.57970483630351,4.12,7.497058,0,0,764.36,0.0,-0.002,-0.006
728,15,10,2020,324749.61,0.25,0.739,3.59,7.57970483630351,4.15,7.52425,0,0,-633.75,0.0,0.012,0.0
729,16,10,2020,324191.27,0.25,0.749,3.581,7.57970483630351,4.17,7.548279,0,0,-558.34,0.0,0.01,-0.009
730,19,10,2020,323448.14,0.25,0.772,3.59,7.57970483630351,4.19,7.580366,0,0,-743.13,0.0,0.023,0.009
731,20,10,2020,321515.21,0.25,0.792,3.59,7.57970483630351,4.27,7.664395,0,0,-1932.93,0.0,0.02,0.0
732,21,10,2020,319827.96,0.25,0.821,3.599,7.57970483630351,4.34,7.738424,0,0,-1687.25,0.0,0.029,0.009
733,22,10,2020,320645.98,0.25,0.861,3.606,7.57970483630351,4.3,7.702454,0,0,818.02,0.0,0.04,0.007
734,23,10,2020,322615.03,0.25,0.841,3.606,7.57970483630351,4.21,7.616483,0,0,1969.04,0.0,-0.02,0.0
735,26,10,2020,322336.99,0.25,0.803,3.606,7.57970483630351,4.21,7.62857,0,0,-278.03,0.0,-0.038,0.0
736,27,10,2020,323165.58,0.25,0.771,3.609,7.57970483630351,4.17,7.592599,0,0,828.58,0.0,-0.032,0.003
737,28,10,2020,321464.12,0.25,0.774,3.615,7.57970483630351,4.24,7.666628,0,0,-1701.46,0.0,0.003,0.006
738,29,10,2020,322289.02,0.25,0.831,3.613,7.57970483630351,4.2,7.630657,0,0,824.9,0.0,0.057,-0.002
739,30,10,2020,321737.59,0.25,0.874,3.615,7.57970483630351,4.22,7.654686,0,0,-551.43,0.0,0.043,0.002
740,2,11,2020,322608.34,0.25,0.852,3.617,7.51365502707544,4.17,7.616773,0,0,870.75,0.0,-0.022,0.002
741,3,11,2020,325295.98,0.25,0.896,3.608,7.51365502707544,4.05,7.500802,0,0,2687.64,0.0,0.044,-0.009
742,4,11,2020,326371.52,0.25,0.771,3.6,7.51365502707544,4.0,7.454831,0,0,1075.54,0.0,-0.125,-0.008
743,5,11,2020,329825.48,0.25,0.766,3.594,7.51365502707544,3.85,7.30886,0,0,3453.96,0.0,-0.005,-0.006
744,6,11,2020,327593.77,0.25,0.82,3.601,7.51365502707544,3.94,7.402889,0,0,-2231.71,0.0,0.054,0.007
745,9,11,2020,327308.68,0.25,0.924,3.59,7.51365502707544,3.94,7.414976,0,0,-285.09,0.0,0.104,-0.011
746,10,11,2020,325805.22,0.25,0.96,3.624,7.51365502707544,4.0,7.479005,0,0,-1503.47,0.0,0.036,0.034
747,11,11,2020,323849.2,0.25,0.977,3.626,7.51365502707544,4.08,7.563034,0,0,-1956.01,0.0,0.017,0.002
748,12,11,2020,323524.51,0.25,0.883,3.636,7.51365502707544,4.09,7.577063,0,0,-324.69,0.0,-0.094,0.01
749,13,11,2020,321819.96,0.25,0.898,3.646,7.51365502707544,4.16,7.651092,0,0,-1704.55,0.0,0.015,0.01
750,16,11,2020,319568.96,0.25,0.911,3.662,7.51365502707544,4.24,7.749845,0,0,-2251.0,0.0,0.013,0.016
751,17,11,2020,323213.09,0.25,0.862,3.632,7.51365502707544,4.07,7.59054,0,0,3644.13,0.0,-0.049,-0.03
752,18,11,2020,323342.55,0.25,0.87,3.582,7.51365502707544,4.0537,7.584935,0,1,129.45,0.0,0.008,-0.042
753,19,11,2020,322818.9,0.25,0.842,3.577,7.51365502707544,4.0657,7.607631,0,0,-523.65,0.0,-0.028,-0.005
754,20,11,2020,323627.16,0.25,0.824,3.587,7.51365502707544,4.02,7.572626,0,0,808.26,0.0,-0.018,0.01
755,23,11,2020,323347.74,0.25,0.859,3.6,7.51365502707544,4.0,7.584711,0,0,-279.42,0.0,0.035,0.013
756,24,11,2020,324255.64,0.25,0.885,3.609,7.51365502707544,3.9501,7.545506,0,0,907.9,0.0,0.026,0.009
757,25,11,2020,324343.97,0.25,0.882,3.611,7.51365502707544,3.9356,7.541701,0,0,88.34,0.0,-0.003,0.002
758,26,11,2020,325349.79,0.25,0.859,3.608,7.51365502707544,3.8817,7.498496,0,0,1005.82,0.0,-0.023,-0.003
759,27,11,2020,324674.22,0.25,0.842,3.609,7.51365502707544,3.9,7.527491,0,0,-675.57,0.0,-0.017,0.001
760,30,11,2020,323748.65,0.25,0.842,3.61,7.51365502707544,3.9078,7.567376,0,0,-925.57,0.0,0.0,0.001
761,1,12,2020,323156.98,0.25,0.929,3.606,7.45264495884486,3.9227,7.592971,0,0,-591.68,0.0,0.087,-0.004
762,2,12,2020,323369.56,0.25,0.938,3.607,7.45264495884486,3.9028,7.583766,0,0,212.59,0.0,0.009,0.001
763,3,12,2020,323881.01,0.25,0.911,3.599,7.45264495884486,3.87,7.561661,0,0,511.44,0.0,-0.027,-0.008
764,4,12,2020,325026.56,0.25,0.973,3.596,7.45264495884486,3.81,7.512356,0,0,1145.56,0.0,0.062,-0.003
765,7,12,2020,325374.4,0.25,0.928,3.603,7.45264495884486,3.763,7.497442,0,0,347.84,0.0,-0.045,0.007
766,8,12,2020,325124.91,0.25,0.921,3.603,7.45264495884486,3.763,7.508137,1,0,-249.49,0.0,-0.007,0.0
767,9,12,2020,325879.47,0.25,0.938,3.606,7.45264495884486,3.72,7.475832,0,0,754.55,0.0,0.017,0.003
768,10,12,2020,326331.74,0.25,0.906,3.603,7.45264495884486,3.69,7.456527,0,0,452.28,0.0,-0.032,-0.003
769,11,12,2020,326550.11,0.25,0.896,3.602,7.45264495884486,3.67,7.447222,0,0,218.36,0.0,-0.01,-0.001
770,14,12,2020,326032.21,0.25,0.898,3.591,7.45264495884486,3.66,7.469307,0,0,-517.89,0.0,0.002,-0.011
771,15,12,2020,327898.17,0.25,0.911,3.592,7.45264495884486,3.57,7.390002,0,0,1865.96,0.0,0.013,0.001
772,16,12,2020,328206.54,0.25,0.92,3.59,7.45264495884486,3.56,7.376967,0,0,308.37,0.0,0.009,-0.002
773,17,12,2020,329227.99,0.25,0.935,3.587,7.45264495884486,3.52,7.333932,0,0,1021.45,0.0,0.015,-0.003
774,18,12,2020,329776.87,0.25,0.945,3.597,7.45264495884486,3.5,7.310897,0,0,548.88,0.0,0.01,0.01
775,21,12,2020,329755.51,0.25,0.938,3.608,7.45264495884486,3.51,7.311792,0,0,-21.35,0.0,-0.007,0.011
776,22,12,2020,328875.53,0.25,0.921,3.617,7.45264495884486,3.55,7.348757,0,0,-879.98,0.0,-0.017,0.009
777,23,12,2020,329900.38,0.25,0.945,3.616,7.45264495884486,3.51,7.305722,0,0,1024.85,0.0,0.024,-0.001
778,24,12,2020,329925.09,0.25,0.926,3.615,7.45264495884486,3.512,7.304687,0,0,24.71,0.0,-0.019,-0.001
779,25,12,2020,329997.57,0.25,0.926,3.615,7.45264495884486,3.512,7.301652,1,0,72.48,0.0,0.0,0.0
780,28,12,2020,330167.36,0.25,0.923,3.617,7.45264495884486,3.514,7.294547,0,0,169.78,0.0,-0.003,0.002
781,29,12,2020,330311.68,0.25,0.94,3.62,7.45264495884486,3.511,7.288512,0,0,144.33,0.0,0.017,0.003
782,30,12,2020,330169.03,0.25,0.926,3.621,7.45264495884486,3.52,7.294477,0,0,-142.65,0.0,-0.014,0.001
783,31,12,2020,330720.47,0.25,0.916,3.624,7.45264495884486,3.5,7.271442,0,0,551.44,0.0,-0.01,0.003
784,1,1,2021,330793.23,0.25,0.916,3.624,7.38391738798809,3.5,7.268407,1,0,72.77,0.0,0.0,0.0
785,4,1,2021,331251.89,0.25,0.918,3.628,7.38391738798809,3.49,7.249302,0,0,458.66,0.0,0.002,0.004
786,5,1,2021,330844.56,0.25,0.955,3.631,7.38391738798809,3.51,7.266267,0,0,-407.34,0.0,0.037,0.003
787,6,1,2021,328531.98,0.25,1.039,3.63,7.38391738798809,3.61,7.363232,0,0,-2312.58,0.0,0.084,-0.001
788,7,1,2021,327893.56,0.25,1.081,3.623,7.38391738798809,3.64,7.390197,0,0,-638.42,0.0,0.042,-0.007
789,8,1,2021,327728.99,0.25,1.119,3.615,7.38391738798809,3.65,7.397162,0,0,-164.57,0.0,0.038,-0.008
790,11,1,2021,326765.41,0.25,1.144,3.618,7.38391738798809,3.7,7.438057,0,0,-963.58,0.0,0.025,0.003
791,12,1,2021,328726.76,0.25,1.129,3.608,7.38391738798809,3.62,7.355022,0,0,1961.35,0.0,-0.015,-0.01
792,13,1,2021,329750.86,0.25,1.092,3.615,7.38391738798809,3.58,7.311987,0,0,1024.09,0.0,-0.037,0.007
793,14,1,2021,329584.76,0.25,1.129,3.613,7.38391738798809,3.59,7.318952,0,0,-166.1,0.0,0.037,-0.002
794,15,1,2021,328943.0,0.25,1.087,3.614,7.38391738798809,3.62,7.345917,0,0,-641.76,0.0,-0.042,0.001
795,18,1,2021,329268.74,0.25,1.1,3.617,7.38391738798809,3.64,7.33222,0,0,325.74,0.0,0.013,0.003
796,19,1,2021,329060.18,0.25,1.092,3.615,7.38391738798809,3.66,7.340987,0,0,-208.56,0.0,-0.008,-0.002
797,20,1,2021,329089.48,0.25,1.077,3.615,7.38391738798809,3.67,7.339755,0,0,29.31,0.0,-0.015,0.0
798,21,1,2021,329118.79,0.25,1.109,3.622,7.38391738798809,3.68,7.338523,0,0,29.31,0.0,0.032,0.007
799,22,1,2021,328435.78,0.25,1.086,3.634,7.38391738798809,3.72,7.36729,0,0,-683.01,0.0,-0.023,0.012
800,25,1,2021,328998.25,0.25,1.033,3.645,7.38391738798809,3.73,7.343593,0,0,562.47,0.0,-0.053,0.011
801,26,1,2021,328078.9,0.25,1.033,3.647,7.38391738798809,3.78,7.38236,0,0,-919.34,0.0,0.0,0.002
802,27,1,2021,325989.58,0.25,1.013,3.653,7.38391738798809,3.88,7.471128,0,0,-2089.32,0.0,-0.02,0.006
803,28,1,2021,329800.78,0.25,1.052,3.647,7.38391738798809,3.73,7.309895,0,0,3811.2,0.0,0.039,-0.006
804,29,1,2021,331748.56,0.25,1.071,3.642,7.38391738798809,3.66,7.228663,0,0,1947.79,0.0,0.019,-0.005
805,1,2,2021,331356.16,0.25,1.079,3.641,7.28921052999691,3.71,7.244965,0,0,-392.4,0.0,0.008,-0.001
806,2,2,2021,330905.36,0.25,1.095,3.641,7.28921052999691,3.74,7.263733,0,0,-450.8,0.0,0.016,0.0
807,3,2,2021,330455.56,0.25,1.139,3.64,7.28921052999691,3.77,7.2825,0,0,-449.8,0.0,0.044,-0.001
808,4,2,2021,330485.07,0.25,1.136,3.647,7.28921052999691,3.78,7.281268,0,0,29.51,0.0,-0.003,0.007
809,5,2,2021,330994.09,0.25,1.169,3.64,7.28921052999691,3.77,7.260035,0,0,509.03,0.0,0.033,-0.007
810,8,2,2021,331804.58,0.25,1.176,3.644,7.28921052999691,3.77,7.226338,0,0,810.49,0.0,0.007,0.004
811,9,2,2021,332316.92,0.25,1.16,3.645,7.28921052999691,3.76,7.205105,0,0,512.34,0.0,-0.016,0.001
812,10,2,2021,333315.55,0.25,1.124,3.64,7.28921052999691,3.73,7.163873,0,0,998.63,0.0,-0.036,-0.005
813,11,2,2021,333102.8,0.25,1.165,3.64,7.28921052999691,3.75,7.17264,0,0,-212.75,0.0,0.041,0.0
814,12,2,2021,332890.27,0.25,1.21,3.646,7.28921052999691,3.77,7.181408,0,0,-212.53,0.0,0.045,0.006
815,15,2,2021,333222.4,0.25,1.25,3.647,7.28921052999691,3.79,7.167711,0,0,332.14,0.0,0.04,0.001
816,16,2,2021,332049.74,0.25,1.311,3.652,7.28921052999691,3.87,7.216172,0,0,-1172.67,0.0,0.061,0.005
817,17,2,2021,332328.35,0.25,1.282,3.655,7.28921052999691,3.89,7.204633,0,0,278.61,0.0,-0.029,0.003
818,18,2,2021,330680.89,0.25,1.297,3.652,7.28921052999691,3.99,7.273094,0,0,-1647.46,0.0,0.015,-0.003
819,19,2,2021,328571.77,0.25,1.34,3.655,7.28921052999691,4.11,7.361555,0,0,-2109.12,0.0,0.043,0.003
820,22,2,2021,328444.13,0.25,1.369,3.657,7.28921052999691,4.21,7.366938,0,0,-127.64,0.0,0.029,0.002
821,23,2,2021,330625.65,0.25,1.343,3.656,7.28921052999691,4.15,7.275399,0,0,2181.51,0.0,-0.026,-0.001
822,24,2,2021,331382.74,0.25,1.372,3.653,7.28921052999691,4.15,7.24386,0,0,757.1,0.0,0.029,-0.003
823,25,2,2021,328790.9,0.25,1.53,3.649,7.28921052999691,4.29,7.352321,0,0,-2591.85,0.0,0.158,-0.004
824,26,2,2021,330976.18,0.25,1.407,3.651,7.28921052999691,4.23,7.260782,0,0,2185.28,0.0,-0.123,0.002
825,1,3,2021,332291.33,0.25,1.426,3.656,7.18070619799812,4.27,7.206165,0,0,1315.15,0.0,0.019,0.005
826,2,3,2021,329449.56,0.25,1.398,3.665,7.18070619799812,4.42,7.324626,0,0,-2841.77,0.0,-0.028,0.009
827,3,3,2021,326647.22,0.25,1.484,3.675,7.18070619799812,4.57,7.443087,0,0,-2802.34,0.0,0.086,0.01
828,4,3,2021,323189.83,0.25,1.557,3.676,7.18070619799812,4.75,7.591548,0,0,-3457.39,0.0,0.073,0.001
829,5,3,2021,323687.71,0.25,1.577,3.693,7.18070619799812,4.76,7.570009,0,0,497.88,0.0,0.02,0.017
830,8,3,2021,322640.13,0.25,1.603,3.704,7.18070619799812,4.9,7.615392,0,0,-1047.58,0.0,0.026,0.011
831,9,3,2021,325925.77,0.25,1.528,3.705,7.18070619799812,4.79,7.473853,0,0,3285.65,0.0,-0.075,0.001
832,10,3,2021,328791.06,0.25,1.521,3.696,7.18070619799812,4.7,7.352314,0,0,2865.28,0.0,-0.007,-0.009
833,11,3,2021,332905.6,0.25,1.535,3.695,7.18070619799812,4.56,7.180775,0,0,4114.55,0.0,0.014,-0.001
834,12,3,2021,330294.36,0.25,1.625,3.705,7.18070619799812,4.7,7.289236,0,0,-2611.24,0.0,0.09,0.01
835,15,3,2021,333054.81,0.25,1.607,3.719,7.18070619799812,4.68,7.174619,0,0,2760.45,0.0,-0.018,0.014
836,16,3,2021,332968.12,0.25,1.621,3.708,7.18070619799812,4.7,7.178195,0,0,-86.69,0.0,0.014,-0.011
837,17,3,2021,333852.85,0.25,1.646,3.709,7.18070619799812,4.68,7.141771,0,0,884.73,0.0,0.025,0.001
838,18,3,2021,334741.41,0.25,1.706,3.707,7.18070619799812,4.66,7.105348,0,0,888.56,0.0,0.06,-0.002
839,19,3,2021,336618.31,0.25,1.73,3.715,7.18070619799812,4.6,7.028924,0,0,1876.9,0.0,0.024,0.008
840,22,3,2021,339331.73,0.25,1.695,3.723,7.18070619799812,4.54,6.919652,0,0,2713.42,0.0,-0.035,0.008
841,23,3,2021,337748.72,0.25,1.622,3.719,7.18070619799812,4.62,6.983228,0,0,-1583.01,0.0,-0.073,-0.004
842,24,3,2021,336670.6,0.25,1.614,3.724,7.18070619799812,4.68,7.026804,0,0,-1078.12,0.0,-0.008,0.005
843,25,3,2021,336335.86,0.25,1.633,3.734,7.18070619799812,4.71,7.04038,0,0,-334.75,0.0,0.019,0.01
844,26,3,2021,336247.77,0.25,1.674,3.739,7.18070619799812,4.73,7.043956,0,0,-88.09,0.0,0.041,0.005
845,29,3,2021,335737.93,0.25,1.717,3.75,7.18070619799812,4.8,7.064685,0,0,-509.84,0.0,0.043,0.011
846,30,3,2021,331517.44,0.25,1.71,3.763,7.18070619799812,4.99,7.238261,0,0,-4220.49,0.0,-0.007,0.013
847,31,3,2021,332395.9,0.25,1.744,3.758,7.18070619799812,4.97,7.201837,0,0,878.46,0.0,0.034,-0.005
848,1,4,2021,332793.25,0.25,1.673,3.758,7.07547865895112,4.97,7.185413,1,0,397.35,0.0,-0.071,0.0
849,2,4,2021,333191.37,0.25,1.714,3.758,7.07547865895112,4.97,7.168989,1,0,398.12,0.0,0.041,0.0
850,5,4,2021,335859.99,0.25,1.707,3.721,7.07547865895112,4.91,7.059718,0,0,2668.62,0.0,-0.007,-0.037
851,6,4,2021,339240.73,0.25,1.658,3.661,7.07547865895112,4.79,6.923294,0,1,3380.74,0.0,-0.049,-0.042
852,7,4,2021,339901.92,0.25,1.679,3.625,7.07547865895112,4.78,6.89687,0,0,661.19,0.0,0.021,-0.036
853,8,4,2021,341320.79,0.25,1.626,3.599,7.07547865895112,4.74,6.840446,0,0,1418.87,0.0,-0.053,-0.026
854,9,4,2021,339973.3,0.25,1.662,3.624,7.07547865895112,4.81,6.894022,0,0,-1347.48,0.0,0.036,0.025
855,12,4,2021,341464.54,0.25,1.669,3.654,7.07547865895112,4.8,6.83475,0,0,1491.24,0.0,0.007,0.03
856,13,4,2021,342386.2,0.25,1.62,3.626,7.07547865895112,4.78,6.798326,0,0,921.66,0.0,-0.049,-0.028
857,14,4,2021,340277.36,0.25,1.634,3.631,7.07547865895112,4.88,6.881903,0,0,-2108.84,0.0,0.014,0.005
858,15,4,2021,340941.83,0.25,1.574,3.623,7.07547865895112,4.87,6.855479,0,0,664.47,0.0,-0.06,-0.008
859,16,4,2021,340432.79,0.25,1.5904,3.633,7.07547865895112,4.89,6.875714,0,0,-509.04,0.0,0.0164,0.01
860,19,4,2021,337174.23,0.25,1.61,3.677,7.07547865895112,5.02,7.00642,0,1,-3258.57,0.0,0.0196,0.042
861,20,4,2021,336181.31,0.25,1.566,3.686,7.07547865895112,5.06,7.046656,0,0,-992.92,0.0,-0.044,0.009
862,21,4,2021,333728.26,0.25,1.559,3.705,7.07547865895112,5.16,7.146891,0,0,-2453.04,0.0,-0.007,0.019
863,22,4,2021,328914.27,0.25,1.5416,3.763,7.07547865895112,5.36,7.347127,0,1,-4814.0,0.0,-0.0174,0.042
864,23,4,2021,327488.22,0.25,1.5595,3.776,7.07547865895112,5.42,7.407362,0,0,-1426.04,0.0,0.0179,0.013
865,26,4,2021,322118.77,0.25,1.572,3.831,7.07547865895112,5.65,7.638068,0,1,-4836.9,0.0,0.0125,0.042
866,27,4,2021,323033.93,0.25,1.622,3.841,7.07547865895112,5.61,7.598304,0,0,915.15,0.0,0.05,0.01
867,28,4,2021,326284.55,0.25,1.613,3.81,7.07547865895112,5.47,7.458539,0,0,3250.62,0.0,-0.009,-0.031
868,29,4,2021,327927.2,0.25,1.643,3.794,7.07547865895112,5.4,7.388774,0,0,1642.64,0.0,0.03,-0.016
869,30,4,2021,327921.63,0.25,1.626,3.792,7.07547865895112,5.4,7.38901,0,0,-5.57,0.0,-0.017,-0.002
870,3,5,2021,327196.99,0.25,1.599,3.813,6.98254115872125,5.43,7.419716,0,0,-724.64,0.0,-0.027,0.021
871,4,5,2021,328135.9,0.25,1.594,3.832,6.98254115872125,5.39,7.379952,0,0,938.9,0.0,-0.005,0.019
872,5,5,2021,330032.58,0.25,1.578,3.829,6.98254115872125,5.31,7.300187,0,0,1896.68,0.0,-0.016,-0.003
873,6,5,2021,334617.38,0.25,1.57,3.821,6.98254115872125,5.12,7.110422,0,0,4584.81,0.0,-0.008,-0.008
874,7,5,2021,336329.02,0.25,1.579,3.8,6.98254115872125,5.05,7.040658,0,0,1711.64,0.0,0.009,-0.021
875,10,5,2021,340542.12,0.25,1.604,3.776,6.98254115872125,4.88,6.871364,0,0,4213.1,0.0,0.025,-0.024
876,11,5,2021,340284.97,0.25,1.622,3.709,6.98254115872125,4.89,6.881599,0,1,-257.14,0.0,0.018,-0.042
877,12,5,2021,339527.2,0.25,1.693,3.725,6.98254115872125,4.92,6.911835,0,0,-757.77,0.0,0.071,0.016
878,13,5,2021,342798.84,0.25,1.659,3.686,6.98254115872125,4.79,6.78207,0,0,3271.64,0.0,-0.034,-0.039
879,14,5,2021,342538.94,0.25,1.635,3.678,6.98254115872125,4.8,6.792306,0,0,-259.91,0.0,-0.024,-0.008
880,17,5,2021,340830.41,0.25,1.652,3.704,6.98254115872125,4.89,6.859904,0,0,-1708.53,0.0,0.017,0.026
881,18,5,2021,339608.52,0.25,1.64,3.728,6.98254115872125,4.95,6.908585,0,0,-1221.89,0.0,-0.012,0.024
882,19,5,2021,338891.94,0.25,1.676,3.747,6.98254115872125,4.99,6.937266,0,0,-716.58,0.0,0.036,0.019
883,20,5,2021,339674.53,0.25,1.628,3.741,6.98254115872125,4.97,6.905948,0,0,782.59,0.0,-0.048,-0.006
884,21,5,2021,342987.99,0.25,1.623,3.745,6.98254115872125,4.85,6.774629,0,0,3313.46,0.0,-0.005,0.004
885,24,5,2021,340559.49,0.25,1.603,3.796,6.98254115872125,4.98,6.870673,0,1,-2428.51,0.0,-0.02,0.042
886,25,5,2021,340844.23,0.25,1.56,3.832,6.98254115872125,4.98,6.859355,0,0,284.75,0.0,-0.043,0.036
887,26,5,2021,338623.51,0.25,1.581,3.842,6.98254115872125,5.08,6.948036,0,0,-2220.73,0.0,0.021,0.01
888,27,5,2021,342680.81,0.25,1.606,3.865,6.98254115872125,4.93,6.786717,0,0,4057.3,0.0,0.025,0.023
889,28,5,2021,345784.1,0.25,1.581,3.808,6.98254115872125,4.82,6.665399,0,1,3103.29,0.0,-0.025,-0.042
890,31,5,2021,347958.29,0.25,1.61,3.827,6.98254115872125,4.77,6.581443,0,0,2174.19,0.0,0.029,0.019
891,1,6,2021,346178.03,0.25,1.606,3.845,6.91490061603869,4.85,6.650124,0,0,-1780.26,0.0,-0.004,0.018
892,2,6,2021,345438.94,0.25,1.589,3.862,6.91490061603869,4.89,6.678805,0,0,-739.1,0.0,-0.017,0.017
893,3,6,2021,347022.18,0.25,1.625,3.855,6.91490061603869,4.84,6.617487,0,0,1583.24,0.0,0.036,-0.007
894,4,6,2021,351508.07,0.25,1.557,3.827,6.91490061603869,4.68,6.446168,0,0,4485.9,0.0,-0.068,-0.028
895,7,6,2021,344069.45,0.25,1.569,3.912,6.91490061603869,5.0,6.732212,0,1,-4836.9,0.0,0.012,0.042
896,8,6,2021,346416.44,0.25,1.538,3.954,6.91490061603869,4.92,6.640893,0,0,2346.99,0.0,-0.031,0.042
897,9,6,2021,340838.7,0.25,1.492,3.894,6.91490061603869,5.15,6.859575,0,1,-4836.9,0.0,-0.046,-0.042
898,10,6,2021,342895.78,0.25,1.437,3.891,6.91490061603869,5.08,6.778256,0,0,2057.09,0.0,-0.055,-0.003
899,11,6,2021,341409.34,0.25,1.454,3.904,6.91490061603869,5.15,6.836937,0,0,-1486.45,0.0,0.017,0.013
900,14,6,2021,338500.36,0.25,1.497,3.909,6.91490061603869,5.3,6.952981,0,0,-2908.98,0.0,0.043,0.005
901,15,6,2021,336304.27,0.25,1.489,3.922,6.91490061603869,5.4,7.041663,0,0,-2196.09,0.0,-0.008,0.013
902,16,6,2021,336423.73,0.25,1.581,3.907,6.91490061603869,5.41,7.036815,0,0,119.46,0.0,0.092,-0.015
903,17,6,2021,336469.28,0.25,1.511,3.917,6.91490061603869,5.423,7.034967,0,0,45.55,0.0,-0.07,0.01
904,18,6,2021,333722.73,0.25,1.443,3.94,6.91490061603869,5.55,7.147119,0,0,-2746.55,0.0,-0.068,0.023
905,21,6,2021,329617.6,0.25,1.495,3.965,6.91490061603869,5.765,7.317575,0,0,-4105.13,0.0,0.052,0.025
906,22,6,2021,332012.21,0.25,1.467,3.975,6.91490061603869,5.68,7.217727,0,0,2394.61,0.0,-0.028,0.01
907,23,6,2021,331406.33,0.25,1.485,3.981,6.91490061603869,5.72,7.242879,0,0,-605.88,0.0,0.018,0.006
908,24,6,2021,333700.53,0.25,1.499,3.988,6.91490061603869,5.64,7.148031,0,0,2294.2,0.0,0.014,0.007
909,25,6,2021,335774.82,0.25,1.524,3.985,6.91490061603869,5.57,7.063183,0,0,2074.29,0.0,0.025,-0.003
910,28,6,2021,342378.27,0.25,1.482,3.932,6.91490061603869,5.35,6.798639,0,1,4874.69,0.0,-0.042,-0.042
911,29,6,2021,342755.12,0.25,1.475,3.932,6.91490061603869,5.35,6.783791,1,0,376.85,0.0,-0.007,0.0
912,30,6,2021,342624.28,0.25,1.468,3.866,6.91490061603869,5.37,6.788943,0,1,-130.84,0.0,-0.007,-0.042
913,1,7,2021,341986.69,0.25,1.459,3.866,6.84696114327376,5.41,6.814095,0,0,-637.58,0.0,-0.009,0.0
914,2,7,2021,340093.04,0.25,1.431,3.887,6.84696114327376,5.5,6.889248,0,0,-1893.66,0.0,-0.028,0.021
915,5,7,2021,338357.94,0.25,1.436,3.919,6.84696114327376,5.614,6.958704,0,0,-1735.09,0.0,0.005,0.032
916,6,7,2021,338578.18,0.25,1.352,3.951,6.84696114327376,5.62,6.949856,0,0,220.23,0.0,-0.084,0.032
917,7,7,2021,334505.38,0.25,1.323,3.959,6.84696114327376,5.8,7.115008,0,0,-4072.8,0.0,-0.029,0.008
918,8,7,2021,336095.06,0.25,1.294,3.971,6.84696114327376,5.75,7.05016,0,0,1589.68,0.0,-0.029,0.012
919,9,7,2021,334010.15,0.25,1.361,3.966,6.84696114327376,5.85,7.135312,0,0,-2084.91,0.0,0.067,-0.005
920,12,7,2021,335098.16,0.25,1.368,3.96,6.84696114327376,5.85,7.090768,1,0,1088.0,0.0,0.007,-0.006
921,13,7,2021,335462.1,0.25,1.418,3.973,6.84696114327376,5.85,7.07592,0,0,363.95,0.0,0.05,0.013
922,14,7,2021,338299.03,0.25,1.349,3.967,6.84696114327376,5.75,6.961072,0,0,2836.92,0.0,-0.069,-0.006
923,15,7,2021,340671.36,0.25,1.301,3.961,6.84696114327376,5.67,6.866224,0,0,2372.33,0.0,-0.048,-0.006
924,16,7,2021,344080.27,0.25,1.3,3.913,6.84696114327376,5.56,6.731789,0,1,3408.91,0.0,-0.001,-0.042
925,19,7,2021,343654.0,0.25,1.199,3.939,6.84696114327376,5.65,6.748481,0,0,-426.27,0.0,-0.101,0.026
926,20,7,2021,345047.24,0.25,1.222,3.956,6.84696114327376,5.62,6.694045,0,0,1393.24,0.0,0.023,0.017
927,21,7,2021,347485.96,0.25,1.292,3.954,6.84696114327376,5.55,6.59961,0,0,2438.72,0.0,0.07,-0.002
928,22,7,2021,351799.13,0.25,1.277,3.944,6.84696114327376,5.41,6.435174,0,0,4313.17,0.0,-0.015,-0.01
929,23,7,2021,351122.94,0.25,1.281,3.929,6.84696114327376,5.46,6.460738,0,0,-676.18,0.0,0.004,-0.015
930,26,7,2021,355209.51,0.25,1.295,3.915,6.84696114327376,5.38,6.307431,0,0,4086.57,0.0,0.014,-0.014
931,27,7,2021,353452.54,0.25,1.239,3.924,6.84696114327376,5.47,6.372995,0,0,-1756.97,0.0,-0.056,0.009
932,28,7,2021,354105.73,0.25,1.238,3.924,6.84696114327376,5.47,6.348559,1,0,653.19,0.0,-0.001,0.0
933,29,7,2021,354760.86,0.25,1.266,3.924,6.84696114327376,5.47,6.324123,1,0,655.13,0.0,0.028,0.0
934,30,7,2021,330522.91,0.25,1.226,4.044,6.84696114327376,6.45,7.279688,0,1,-4836.9,0.0,-0.04,0.042
935,2,8,2021,342182.07,0.25,1.179,4.061,6.79395314309815,6.05,6.80638,0,1,4874.69,0.0,-0.047,0.017
936,3,8,2021,347425.33,0.25,1.174,4.081,6.79395314309815,5.87,6.601944,0,1,4874.69,0.0,-0.005,0.02
937,4,8,2021,343678.81,0.25,1.18,4.084,6.79395314309815,6.04,6.747509,0,0,-3746.52,0.0,0.006,0.003
938,5,8,2021,343027.57,0.25,1.225,4.074,6.79395314309815,6.09,6.773073,0,0,-651.24,0.0,0.045,-0.01
939,6,8,2021,337366.85,0.25,1.305,4.09,6.79395314309815,6.34,6.998637,0,1,-4836.9,0.0,0.08,0.016
940,9,8,2021,336460.33,0.25,1.325,4.106,6.79395314309815,6.45,7.03533,0,0,-906.52,0.0,0.02,0.016
941,10,8,2021,339300.69,0.25,1.354,4.069,6.79395314309815,6.36,6.920894,0,0,2840.36,0.0,0.029,-0.037
942,11,8,2021,338912.1,0.25,1.335,4.088,6.79395314309815,6.4,6.936458,0,0,-388.59,0.0,-0.019,0.019
943,12,8,2021,337035.69,0.25,1.361,4.1,6.79395314309815,6.5,7.012022,0,0,-1876.4,0.0,0.026,0.012
944,13,8,2021,340637.1,0.5,1.283,4.081,6.79395314309815,6.38,6.867587,0,0,3601.4,0.25,-0.078,-0.019
945,16,8,2021,340133.39,0.5,1.268,4.079,6.79395314309815,6.45,6.887639,0,0,-503.71,0.0,-0.015,-0.002
946,17,8,2021,339159.07,0.5,1.267,4.089,6.79395314309815,6.49,6.926563,0,0,-974.32,0.0,-0.001,0.01
947,18,8,2021,339435.85,0.5,1.26,4.095,6.79395314309815,6.48,6.915487,0,0,276.79,0.0,-0.007,0.006
948,19,8,2021,335008.96,0.5,1.243,4.111,6.79395314309815,6.66,7.094411,0,0,-4426.89,0.0,-0.017,0.016
949,20,8,2021,331636.02,0.5,1.255,4.115,6.79395314309815,6.8,7.233335,0,0,-3372.94,0.0,0.012,0.004
950,23,8,2021,334380.9,0.5,1.253,4.111,6.79395314309815,6.69,7.120107,0,0,2744.87,0.0,-0.002,-0.004
951,24,8,2021,340600.78,0.5,1.297,4.095,6.79395314309815,6.44,6.869031,0,1,4874.69,0.0,0.044,-0.016
952,25,8,2021,339374.15,0.5,1.349,4.099,6.79395314309815,6.49,6.917955,0,0,-1226.63,0.0,0.052,0.004
953,26,8,2021,344205.81,0.5,1.354,4.098,6.79395314309815,6.3,6.726879,0,0,4831.66,0.0,0.005,-0.001
954,27,8,2021,349673.53,0.5,1.31,4.078,6.79395314309815,6.09,6.515803,0,1,4874.69,0.0,-0.044,-0.02
955,30,8,2021,349758.23,0.5,1.28,4.078,6.79395314309815,6.09,6.512575,1,0,84.7,0.0,-0.03,0.0
956,31,8,2021,349786.47,0.5,1.307,4.086,6.79395314309815,6.09,6.511499,0,0,28.24,0.0,0.027,0.008
957,1,9,2021,348245.31,0.5,1.299,4.087,6.74763122700596,6.15,6.570423,0,0,-1541.17,0.0,-0.008,0.001
958,2,9,2021,345425.01,0.5,1.285,4.099,6.74763122700596,6.26,6.679347,0,0,-2820.3,0.0,-0.014,0.012
959,3,9,2021,345710.11,0.5,1.326,4.097,6.74763122700596,6.25,6.668271,0,0,285.1,0.0,0.041,-0.002
960,6,9,2021,345793.27,0.5,1.336,4.105,6.74763122700596,6.25,6.665043,0,0,83.16,0.0,0.01,0.008
961,7,9,2021,344536.32,0.5,1.377,4.105,6.74763122700596,6.3,6.713967,0,0,-1256.95,0.0,0.041,0.0
962,8,9,2021,342017.19,0.5,1.336,4.092,6.74763122700596,6.4,6.812891,0,0,-2519.13,0.0,-0.041,-0.013
963,9,9,2021,342044.43,0.5,1.297,4.101,6.74763122700596,6.4,6.811815,0,0,27.24,0.0,-0.039,0.009
964,10,9,2021,340557.84,1.0,1.343,4.102,6.74763122700596,6.46,6.870739,0,0,-1486.59,0.5,0.046,0.001
965,13,9,2021,341394.86,1.0,1.326,4.108,6.74763122700596,6.43,6.837511,0,0,837.02,0.0,-0.017,0.006
966,14,9,2021,342942.09,1.0,1.284,4.105,6.74763122700596,6.37,6.776435,0,0,1547.22,0.0,-0.042,-0.003
967,15,9,2021,341449.19,1.0,1.304,4.109,6.74763122700596,6.43,6.835358,0,0,-1492.9,0.0,0.02,0.004
968,16,9,2021,341910.06,1.0,1.336,4.114,6.74763122700596,6.4,6.817124,0,0,460.88,0.0,0.032,0.005
969,17,9,2021,342625.67,1.0,1.363,4.113,6.74763122700596,6.36,6.788889,0,0,715.61,0.0,0.027,-0.001
970,20,9,2021,343253.79,1.0,1.312,4.12,6.74763122700596,6.3,6.764184,0,0,628.12,0.0,-0.051,0.007
971,21,9,2021,343718.61,1.0,1.328,4.117,6.74763122700596,6.27,6.745949,0,0,464.82,0.0,0.016,-0.003
972,22,9,2021,343418.6,1.0,1.304,4.113,6.74763122700596,6.27,6.757714,0,0,-300.02,0.0,-0.024,-0.004
973,23,9,2021,343119.01,1.0,1.435,4.114,6.74763122700596,6.27,6.769479,0,0,-299.59,0.0,0.131,0.001
974,24,9,2021,342058.88,1.0,1.453,4.111,6.74763122700596,6.3,6.811244,0,0,-1060.13,0.0,0.018,-0.003
975,27,9,2021,339159.66,1.0,1.491,4.127,6.74763122700596,6.38,6.926539,0,0,-2899.22,0.0,0.038,0.016
976,28,9,2021,338119.24,1.0,1.546,4.129,6.74763122700596,6.41,6.968304,0,0,-1040.42,0.0,0.055,0.002
977,29,9,2021,337331.38,1.0,1.524,4.13,6.74763122700596,6.43,7.000069,0,0,-787.85,0.0,-0.022,0.001
978,30,9,2021,336793.28,1.0,1.492,4.136,6.74763122700596,6.44,7.021835,0,0,-538.11,0.0,-0.032,0.006
979,1,10,2021,338236.18,1.0,1.465,4.134,6.7078105946698,6.37,6.9636,0,0,1442.9,0.0,-0.027,-0.002
980,4,10,2021,338353.19,1.0,1.481,4.136,6.7078105946698,6.33,6.958895,0,0,117.01,0.0,0.016,0.002
981,5,10,2021,341820.61,1.0,1.536,4.133,6.7078105946698,6.18,6.82066,0,0,3467.42,0.0,0.055,-0.003
982,6,10,2021,342535.91,1.0,1.528,4.135,6.7078105946698,6.14,6.792425,0,0,715.3,0.0,-0.008,0.002
983,7,10,2021,347886.79,1.0,1.576,4.109,6.7078105946698,5.92,6.58419,0,1,4874.69,0.0,0.048,-0.026
984,8,10,2021,347580.89,1.0,1.612,4.109,6.7078105946698,5.92,6.595955,1,0,-305.9,0.0,0.036,0.0
985,11,10,2021,345891.01,1.5,1.628,4.08,6.7078105946698,5.95,6.66125,0,0,-1689.88,0.5,0.016,-0.029
986,12,10,2021,350535.4,1.5,1.572,4.067,6.7078105946698,5.76,6.483015,0,0,4644.39,0.0,-0.056,-0.013
987,13,10,2021,349700.35,1.5,1.542,4.002,6.7078105946698,5.78,6.51478,0,1,-835.05,0.0,-0.03,-0.042
988,14,10,2021,351233.69,1.5,1.516,3.95,6.7078105946698,5.71,6.456546,0,1,1533.34,0.0,-0.026,-0.042
989,15,10,2021,347779.61,1.5,1.574,3.938,6.7078105946698,5.83,6.588311,0,0,-3454.09,0.0,0.058,-0.012
990,18,10,2021,344508.2,1.5,1.591,3.951,6.7078105946698,5.95,6.715065,0,0,-3271.41,0.0,0.017,0.013
991,19,10,2021,345734.7,1.5,1.641,3.949,6.7078105946698,5.9,6.667316,0,0,1226.51,0.0,0.05,-0.002
992,20,10,2021,345162.27,1.5,1.66,3.947,6.7078105946698,5.92,6.689567,0,0,-572.44,0.0,0.019,-0.002
993,21,10,2021,344591.36,1.5,1.696,3.953,6.7078105946698,5.94,6.711818,0,0,-570.91,0.0,0.036,0.006
994,22,10,2021,346076.2,1.5,1.638,3.964,6.7078105946698,5.88,6.65407,0,0,1484.84,0.0,-0.058,0.011
995,25,10,2021,345902.01,1.5,1.633,3.973,6.7078105946698,5.88,6.660824,0,0,-174.19,0.0,-0.005,0.009
996,26,10,2021,344047.39,1.5,1.61,3.992,6.7078105946698,5.95,6.733075,0,0,-1854.62,0.0,-0.023,0.019
997,27,10,2021,343989.86,1.5,1.55,3.989,6.7078105946698,5.95,6.735326,0,0,-57.53,0.0,-0.06,-0.003
998,28,10,2021,347019.82,1.5,1.578,3.98,6.7078105946698,5.83,6.617578,0,0,3029.96,0.0,0.028,-0.009
999,29,10,2021,347220.72,1.5,1.561,3.992,6.7078105946698,5.82,6.609829,0,0,200.9,0.0,-0.017,0.012
1000,1,11,2021,347045.6,1.5,1.561,3.992,6.69381541134265,5.82,6.616583,1,0,-175.12,0.0,0.0,0.0
1001,2,11,2021,346987.26,1.5,1.547,4.012,6.69381541134265,5.82,6.618834,0,0,-58.34,0.0,-0.014,0.02
1002,3,11,2021,344866.55,1.5,1.603,4.014,6.69381541134265,5.9,6.701085,0,0,-2120.71,0.0,0.056,0.002
1003,4,11,2021,346353.31,1.5,1.53,4.013,6.69381541134265,5.84,6.643337,0,0,1486.76,0.0,-0.073,-0.001
1004,5,11,2021,349155.09,1.5,1.455,4.017,6.69381541134265,5.73,6.535588,0,0,2801.78,0.0,-0.075,0.004
1005,8,11,2021,348717.05,1.5,1.493,4.016,6.69381541134265,5.74,6.552342,0,0,-438.04,0.0,0.038,-0.001
1006,9,11,2021,347097.17,1.5,1.439,4.018,6.69381541134265,5.8,6.614593,0,0,-1619.88,0.0,-0.054,0.002
1007,10,11,2021,345232.22,1.5,1.57,4.025,6.69381541134265,5.87,6.686845,0,0,-1864.95,0.0,0.131,0.007
1008,11,11,2021,345688.85,1.5,1.578,4.025,6.69381541134265,5.85,6.669096,0,0,456.63,0.0,0.008,0.0
1009,12,11,2021,345630.88,2.0,1.57,4.026,6.69381541134265,5.85,6.671347,0,0,-57.97,0.5,-0.008,0.001
1010,15,11,2021,346747.27,2.0,1.618,4.013,6.69381541134265,5.8,6.628101,0,0,1116.4,0.0,0.048,-0.013
1011,16,11,2021,345004.01,2.0,1.64,4.004,6.69381541134265,5.87,6.695729,0,0,-1743.26,0.0,0.022,-0.009
1012,17,11,2021,346094.58,2.0,1.585,4.007,6.69381541134265,5.83,6.653357,0,0,1090.57,0.0,-0.055,0.003
1013,18,11,2021,345125.83,2.0,1.587,4.02,6.69381541134265,5.87,6.690985,0,0,-968.75,0.0,0.002,0.013
1014,19,11,2021,345443.87,2.0,1.548,4.026,6.69381541134265,5.86,6.678613,0,0,318.04,0.0,-0.039,0.006
1015,22,11,2021,344599.58,2.0,1.632,4.023,6.69381541134265,5.9,6.711498,0,0,-844.29,0.0,0.084,-0.003
1016,23,11,2021,342873.67,2.0,1.676,4.011,6.69381541134265,5.97,6.779126,0,0,-1725.9,0.0,0.044,-0.012
1017,24,11,2021,342933.97,2.0,1.643,4.023,6.69381541134265,5.97,6.776754,0,0,60.3,0.0,-0.033,0.012
1018,25,11,2021,343248.75,2.0,1.596,4.031,6.69381541134265,5.96,6.764382,0,0,314.78,0.0,-0.047,0.008
1019,26,11,2021,345356.51,2.0,1.482,4.041,6.69381541134265,5.88,6.68201,0,0,2107.76,0.0,-0.114,0.01
1020,29,11,2021,344512.57,2.0,1.502,4.059,6.69381541134265,5.92,6.714894,0,0,-843.95,0.0,0.02,0.018
1021,30,11,2021,343806.08,2.0,1.456,4.066,6.69381541134265,5.95,6.742522,0,0,-706.49,0.0,-0.046,0.007
1022,1,12,2021,343101.93,2.0,1.404,4.071,6.68257925654479,5.98,6.77015,0,0,-704.15,0.0,-0.052,0.005
1023,2,12,2021,343162.29,2.0,1.444,4.075,6.68257925654479,5.98,6.767778,0,0,60.36,0.0,0.04,0.004
1024,3,12,2021,343222.67,2.0,1.356,4.078,6.68257925654479,5.98,6.765406,0,0,60.38,0.0,-0.088,0.003
1025,6,12,2021,343914.14,2.0,1.433,4.085,6.68257925654479,5.96,6.73829,0,0,691.47,0.0,0.077,0.007
1026,7,12,2021,345256.03,2.0,1.482,4.08,6.68257925654479,5.91,6.685918,0,0,1341.89,0.0,0.049,-0.005
1027,8,12,2021,345317.0,2.0,1.528,4.08,6.68257925654479,5.91,6.683546,1,0,60.97,0.0,0.046,0.0
1028,9,12,2021,344864.26,2.0,1.497,4.085,6.68257925654479,5.93,6.701175,0,0,-452.74,0.0,-0.031,0.005
1029,10,12,2021,345954.12,2.5,1.482,4.076,6.68257925654479,5.89,6.658803,0,0,1089.86,0.5,-0.015,-0.009
1030,13,12,2021,346395.94,2.5,1.414,4.067,6.68257925654479,5.88,6.641687,0,0,441.82,0.0,-0.068,-0.009
1031,14,12,2021,346198.92,2.5,1.441,4.06,6.68257925654479,5.89,6.649315,0,0,-197.02,0.0,0.027,-0.007
1032,15,12,2021,345744.31,2.5,1.458,4.058,6.68257925654479,5.91,6.666943,0,0,-454.61,0.0,0.017,-0.002
1033,16,12,2021,346135.38,2.5,1.424,4.04,6.68257925654479,5.9,6.651776,0,0,391.07,0.0,-0.034,-0.018
1034,17,12,2021,345752.89,2.5,1.407,4.043,6.68257925654479,5.92,6.66661,0,0,-382.49,0.0,-0.017,0.003
1035,20,12,2021,345379.64,2.5,1.428,4.049,6.68257925654479,5.95,6.681111,0,0,-373.25,0.0,0.021,0.006
1036,21,12,2021,344229.71,2.5,1.467,4.055,6.68257925654479,6.0,6.725944,0,0,-1149.92,0.0,0.039,0.006
1037,22,12,2021,345131.16,2.5,1.453,4.05,6.68257925654479,5.97,6.690778,0,0,901.45,0.0,-0.014,-0.005
1038,23,12,2021,346036.43,2.5,1.493,4.027,6.68257925654479,5.94,6.655611,0,0,905.26,0.0,0.04,-0.023
1039,24,12,2021,346686.62,2.5,1.493,4.018,6.68257925654479,5.92,6.630445,0,0,650.19,0.0,0.0,-0.009
1040,27,12,2021,347867.13,2.5,1.477,3.991,6.68257925654479,5.89,6.584946,0,0,1180.51,0.0,-0.016,-0.027
1041,28,12,2021,348783.99,2.5,1.484,3.958,6.68257925654479,5.86,6.549779,0,0,916.86,0.0,0.007,-0.033
1042,29,12,2021,347875.79,2.5,1.556,3.976,6.68257925654479,5.9,6.584613,0,0,-908.2,0.0,0.072,0.018
1043,30,12,2021,347126.9,2.5,1.507,3.991,6.68257925654479,5.934,6.613446,0,0,-748.89,0.0,-0.049,0.015
1044,31,12,2021,348927.72,2.5,1.512,3.998,6.68257925654479,5.87,6.54428,0,0,1800.82,0.0,0.005,0.007
1045,3,1,2022,347403.62,2.5,1.637,3.995,6.6713548511654,5.944,6.602781,0,0,-1524.1,0.0,0.125,-0.003
1046,4,1,2022,347122.55,2.5,1.649,3.968,6.6713548511654,5.96,6.613614,0,0,-281.07,0.0,0.012,-0.027
1047,5,1,2022,346221.3,2.5,1.7,3.965,6.6713548511654,6.0,6.648448,0,0,-901.25,0.0,0.051,-0.003
1048,6,1,2022,345838.66,2.5,1.728,3.973,6.6713548511654,6.02,6.663281,0,0,-382.64,0.0,0.028,0.008
1049,7,1,2022,345199.58,3.0,1.765,3.955,6.6713548511654,6.05,6.688115,0,0,-639.08,0.5,0.037,-0.018
1050,10,1,2022,343803.69,3.0,1.755,3.933,6.6713548511654,6.12,6.742616,0,0,-1395.89,0.0,-0.01,-0.022
1051,11,1,2022,345731.27,3.0,1.746,3.925,6.6713548511654,6.05,6.667449,0,0,1927.58,0.0,-0.009,-0.008
1052,12,1,2022,346122.31,3.0,1.752,3.901,6.6713548511654,6.04,6.652283,0,0,391.04,0.0,0.006,-0.024
1053,13,1,2022,345482.39,3.0,1.701,3.9,6.6713548511654,6.07,6.677116,0,0,-639.92,0.0,-0.051,-0.001
1054,14,1,2022,344331.91,3.0,1.793,3.887,6.6713548511654,6.12,6.72195,0,0,-1150.47,0.0,0.092,-0.013
1055,17,1,2022,344238.82,3.0,1.809,3.869,6.6713548511654,6.13,6.725588,0,0,-93.09,0.0,0.016,-0.018
1056,18,1,2022,342673.86,3.0,1.875,3.856,6.6713548511654,6.192,6.786991,0,0,-1564.96,0.0,0.066,-0.013
1057,19,1,2022,343503.24,3.0,1.854,3.866,6.6713548511654,6.16,6.754393,0,0,829.38,0.0,-0.021,0.01
1058,20,1,2022,345310.61,3.0,1.811,3.859,6.6713548511654,6.09,6.683795,0,0,1807.36,0.0,-0.043,-0.007
1059,21,1,2022,346615.41,3.0,1.77,3.834,6.6713548511654,6.04,6.633198,0,0,1304.8,0.0,-0.041,-0.025
1060,24,1,2022,345629.4,3.0,1.776,3.842,6.6713548511654,6.08,6.671405,0,0,-986.01,0.0,0.006,0.008
1061,25,1,2022,345644.79,3.0,1.776,3.852,6.6713548511654,6.08,6.670807,0,0,15.39,0.0,0.0,0.01
1062,26,1,2022,345660.18,3.0,1.873,3.849,6.6713548511654,6.08,6.670209,0,0,15.39,0.0,0.097,-0.003
1063,27,1,2022,345161.12,3.0,1.803,3.839,6.6713548511654,6.1,6.689612,0,0,-499.06,0.0,-0.07,-0.01
1064,28,1,2022,344919.69,3.0,1.778,3.849,6.6713548511654,6.11,6.699014,0,0,-241.42,0.0,-0.025,0.01
1065,31,1,2022,344452.96,3.0,1.784,3.846,6.6713548511654,6.13,6.717221,0,0,-466.73,0.0,0.006,-0.003
1066,1,2,2022,343956.72,3.0,1.795,3.878,6.64925658976194,6.15,6.736624,0,0,-496.25,0.0,0.011,0.032
1067,2,2,2022,345767.93,3.0,1.771,3.86,6.64925658976194,6.08,6.666026,0,0,1811.22,0.0,-0.024,-0.018
1068,3,2,2022,345783.33,3.0,1.836,3.863,6.64925658976194,6.08,6.665428,0,0,15.4,0.0,0.065,0.003
1069,4,2,2022,345283.99,3.0,1.916,3.873,6.64925658976194,6.1,6.684831,0,0,-499.34,0.0,0.08,0.01
1070,7,2,2022,344816.46,3.0,1.919,3.848,6.64925658976194,6.12,6.703038,0,0,-467.53,0.0,0.003,-0.025
1071,8,2,2022,346118.25,3.0,1.965,3.845,6.64925658976194,6.07,6.65244,0,0,1301.79,0.0,0.046,-0.003
1072,9,2,2022,346909.32,3.0,1.945,3.834,6.64925658976194,6.04,6.621842,0,0,791.07,0.0,-0.02,-0.011
1073,10,2,2022,345376.19,3.0,2.043,3.767,6.64925658976194,6.1,6.681245,0,1,-1533.14,0.0,0.098,-0.042
1074,11,2,2022,345906.56,3.5,1.918,3.758,6.64925658976194,6.08,6.660647,0,0,530.37,0.5,-0.125,-0.009
1075,14,2,2022,345952.79,3.5,1.986,3.789,6.64925658976194,6.08,6.658854,0,0,46.23,0.0,0.068,0.031
1076,15,2,2022,345453.05,3.5,2.043,3.806,6.64925658976194,6.1,6.678257,0,0,-499.74,0.0,0.057,0.017
1077,16,2,2022,347018.49,3.5,2.04,3.785,6.64925658976194,6.06,6.617629,0,0,1565.44,0.0,-0.003,-0.021
1078,17,2,2022,349118.11,3.5,1.968,3.75,6.64925658976194,6.0,6.537001,0,0,2099.62,0.0,-0.072,-0.035
1079,18,2,2022,348873.0,3.5,1.927,3.726,6.64925658976194,6.03,6.546373,0,0,-245.11,0.0,-0.041,-0.024
1080,21,2,2022,349970.51,3.5,1.873,3.752,6.64925658976194,6.05,6.50449,0,0,1097.52,0.0,-0.054,0.026
1081,22,2,2022,351833.87,3.5,1.944,3.745,6.64925658976194,6.0,6.433862,0,0,1863.36,0.0,0.071,-0.007
1082,23,2,2022,352381.1,3.5,1.998,3.715,6.64925658976194,6.0,6.413235,0,0,547.22,0.0,0.054,-0.03
1083,24,2,2022,351867.14,3.5,1.97,3.788,6.64925658976194,6.04,6.432607,0,1,-513.96,0.0,-0.028,0.042
1084,25,2,2022,351618.92,3.5,1.97,3.763,6.64925658976194,6.07,6.441979,0,0,-248.22,0.0,0.0,-0.025
1085,28,2,2022,350612.31,3.5,1.822,3.759,6.64925658976194,6.17,6.480096,0,0,-1006.61,0.0,-0.148,-0.004
1086,1,3,2022,349839.78,3.5,1.716,3.791,6.59850585328241,6.22,6.509468,0,0,-772.53,0.0,-0.106,0.032
1087,2,3,2022,349331.76,3.5,1.878,3.77,6.59850585328241,6.26,6.52884,0,0,-508.02,0.0,0.162,-0.021
1088,3,3,2022,348042.38,3.5,1.84,3.735,6.59850585328241,6.33,6.578213,0,0,-1289.39,0.0,-0.038,-0.035
1089,4,3,2022,345470.33,3.5,1.737,3.76,6.59850585328241,6.45,6.677585,0,0,-2572.05,0.0,-0.103,0.025
1090,7,3,2022,342199.26,3.5,1.777,3.751,6.59850585328241,6.64,6.805702,0,0,-3271.07,0.0,0.04,-0.009
1091,8,3,2022,341961.93,3.5,1.84,3.736,6.59850585328241,6.67,6.815074,0,0,-237.33,0.0,0.063,-0.015
1092,9,3,2022,342992.64,3.5,1.951,3.718,6.59850585328241,6.65,6.774446,0,0,1030.72,0.0,0.111,-0.018
1093,10,3,2022,341740.74,3.5,1.993,3.721,6.59850585328241,6.72,6.823818,0,0,-1251.91,0.0,0.042,0.003
1094,11,3,2022,344044.43,4.0,1.997,3.698,6.59850585328241,6.65,6.733191,0,0,2303.69,0.5,0.004,-0.023
1095,14,3,2022,343837.09,4.0,2.142,3.715,6.59850585328241,6.72,6.741308,0,0,-207.34,0.0,0.145,0.017
1096,15,3,2022,345648.06,4.0,2.149,3.735,6.59850585328241,6.67,6.67068,0,0,1810.98,0.0,0.007,0.02
1097,16,3,2022,347321.75,4.0,2.192,3.729,6.59850585328241,6.63,6.605935,0,0,1673.68,0.0,0.043,-0.006
1098,17,3,2022,349794.57,4.0,2.167,3.736,6.59850585328241,6.56,6.51119,0,0,2472.82,0.0,-0.025,0.007
1099,18,3,2022,351500.73,4.0,2.153,3.776,6.59850585328241,6.52,6.446446,0,0,1706.16,0.0,-0.014,0.04
1100,21,3,2022,352142.79,4.0,2.297,3.79,6.59850585328241,6.57,6.422211,0,0,642.06,0.0,0.144,0.014
1101,22,3,2022,351738.39,4.0,2.381,3.776,6.59850585328241,6.61,6.437467,0,0,-404.39,0.0,0.084,-0.014
1102,23,3,2022,352394.71,4.0,2.29,3.773,6.59850585328241,6.61,6.412722,0,0,656.32,0.0,-0.091,-0.003
1103,24,3,2022,349354.37,4.0,2.37,3.756,6.59850585328241,6.75,6.527977,0,0,-3040.34,0.0,0.08,-0.017
1104,25,3,2022,346097.8,4.0,2.488,3.731,6.59850585328241,6.9,6.653232,0,0,-3256.57,0.0,0.118,-0.025
1105,28,3,2022,350377.87,4.0,2.466,3.737,6.59850585328241,6.81,6.488998,0,0,4280.07,0.0,-0.022,0.006
1106,29,3,2022,355295.01,4.0,2.398,3.724,6.59850585328241,6.65,6.304254,0,1,4874.69,0.0,-0.068,-0.013
1107,30,3,2022,357044.46,4.0,2.358,3.728,6.59850585328241,6.61,6.239509,0,0,1749.46,0.0,-0.04,0.004
1108,31,3,2022,359355.25,4.0,2.345,3.701,6.59850585328241,6.55,6.154764,0,0,2310.78,0.0,-0.013,-0.027
1109,1,4,2022,355409.0,4.0,2.389,3.663,6.60675104661952,6.72,6.300019,0,0,-3946.25,0.0,0.044,-0.038
1110,4,4,2022,355523.05,4.0,2.393,3.634,6.60675104661952,6.79,6.295785,0,0,114.05,0.0,0.004,-0.029
1111,5,4,2022,354307.1,4.0,2.554,3.69,6.60675104661952,6.86,6.34104,0,1,-1215.95,0.0,0.161,0.042
1112,6,4,2022,352831.48,4.0,2.596,3.72,6.60675104661952,6.94,6.396296,0,0,-1475.62,0.0,0.042,0.03
1113,7,4,2022,353758.2,4.0,2.665,3.714,6.60675104661952,6.93,6.361551,0,0,926.72,0.0,0.069,-0.006
1114,8,4,2022,353084.2,4.5,2.704,3.715,6.60675104661952,6.98,6.386806,0,0,-674.0,0.5,0.039,0.001
1115,11,4,2022,352398.7,4.5,2.774,3.721,6.60675104661952,7.08,6.412572,0,0,-685.51,0.0,0.07,0.006
1116,12,4,2022,349882.86,4.5,2.727,3.706,6.60675104661952,7.2,6.507827,0,0,-2515.83,0.0,-0.047,-0.015
1117,13,4,2022,348175.99,4.5,2.703,3.736,6.60675104661952,7.29,6.573083,0,0,-1706.87,0.0,-0.024,0.03
1118,14,4,2022,348821.66,4.5,2.828,3.736,6.60675104661952,7.29,6.548338,1,0,645.66,0.0,0.125,0.0
1119,15,4,2022,349469.25,4.5,2.828,3.736,6.60675104661952,7.29,6.523593,1,0,647.59,0.0,0.0,0.0
1120,18,4,2022,348255.23,4.5,2.857,3.742,6.60675104661952,7.39,6.570042,0,0,-1214.02,0.0,0.029,0.006
1121,19,4,2022,346382.89,4.5,2.94,3.736,6.60675104661952,7.48,6.642192,0,0,-1872.34,0.0,0.083,-0.006
1122,20,4,2022,344783.03,4.5,2.834,3.709,6.60675104661952,7.56,6.704341,0,0,-1599.86,0.0,-0.106,-0.027
1123,21,4,2022,342432.75,4.5,2.908,3.734,6.60675104661952,7.67,6.796491,0,0,-2350.27,0.0,0.074,0.025
1124,22,4,2022,340862.21,4.5,2.905,3.766,6.60675104661952,7.75,6.858641,0,0,-1570.55,0.0,-0.003,0.032
1125,25,4,2022,335973.78,4.5,2.818,3.815,6.60675104661952,8.0,7.05509,0,1,-4836.9,0.0,-0.087,0.042
1126,26,4,2022,334939.74,4.5,2.738,3.818,6.60675104661952,8.06,7.097239,0,0,-1034.04,0.0,-0.08,0.003
1127,27,4,2022,341852.76,4.5,2.826,3.83,6.60675104661952,7.8,6.819389,0,1,4874.69,0.0,0.088,0.012
1128,28,4,2022,344342.44,4.5,2.82,3.852,6.60675104661952,7.72,6.721539,0,0,2489.69,0.0,-0.006,0.022
1129,29,4,2022,340986.93,4.5,2.938,3.838,6.60675104661952,7.87,6.853688,0,0,-3355.51,0.0,0.118,-0.014
1130,2,5,2022,339069.83,4.5,2.987,3.848,6.62171888017961,8.0,6.930137,0,0,-1917.1,0.0,0.049,0.01
1131,3,5,2022,341022.24,4.5,2.975,3.826,6.62171888017961,7.94,6.852287,0,0,1952.41,0.0,-0.012,-0.022
1132,4,5,2022,341472.47,4.5,2.946,3.805,6.62171888017961,7.94,6.834436,0,0,450.23,0.0,-0.029,-0.021
1133,5,5,2022,336429.36,4.5,3.052,3.79,6.62171888017961,8.16,7.036586,0,1,-4836.9,0.0,0.106,-0.015
1134,6,5,2022,330785.36,4.5,3.142,3.811,6.62171888017961,8.41,7.268736,0,1,-4836.9,0.0,0.09,0.021
1135,9,5,2022,332315.01,4.5,3.034,3.814,6.62171888017961,8.4,7.205185,0,0,1529.65,0.0,-0.108,0.003
1136,10,5,2022,336657.52,4.5,2.989,3.816,6.62171888017961,8.24,7.027334,0,0,4342.51,0.0,-0.045,0.002
1137,11,5,2022,339086.13,4.5,2.925,3.788,6.62171888017961,8.16,6.929484,0,0,2428.61,0.0,-0.064,-0.028
1138,12,5,2022,342049.02,4.5,2.855,3.801,6.62171888017961,8.06,6.811634,0,0,2962.88,0.0,-0.07,0.013
1139,13,5,2022,344029.29,5.0,2.928,3.786,6.62171888017961,8.0,6.733783,0,0,1980.27,0.5,0.073,-0.015
1140,16,5,2022,347190.34,5.0,2.886,3.787,6.62171888017961,7.91,6.611,0,0,3161.05,0.0,-0.042,0.001
1141,17,5,2022,345050.53,5.0,2.995,3.762,6.62171888017961,7.99,6.693917,0,0,-2139.82,0.0,0.109,-0.025
1142,18,5,2022,344719.09,5.0,2.884,3.772,6.62171888017961,8.0,6.706835,0,0,-331.44,0.0,-0.111,0.01
1143,19,5,2022,346445.92,5.0,2.837,3.754,6.62171888017961,7.93,6.639752,0,0,1726.84,0.0,-0.047,-0.018
1144,20,5,2022,347666.27,5.0,2.788,3.738,6.62171888017961,7.88,6.59267,0,0,1220.34,0.0,-0.049,-0.016
1145,23,5,2022,347958.82,5.0,2.861,3.72,6.62171888017961,7.86,6.581422,0,0,292.55,0.0,0.073,-0.018
1146,24,5,2022,351291.98,5.0,2.754,3.719,6.62171888017961,7.73,6.45434,0,0,3333.16,0.0,-0.107,-0.001
1147,25,5,2022,355214.17,5.0,2.751,3.694,6.62171888017961,7.58,6.307257,0,0,3922.19,0.0,-0.003,-0.025
1148,26,5,2022,357297.81,5.0,2.742,3.663,6.62171888017961,7.5,6.230175,0,0,2083.64,0.0,-0.009,-0.031
1149,27,5,2022,357762.22,5.0,2.743,3.669,6.62171888017961,7.48,6.213092,0,0,464.41,0.0,0.001,0.006
1150,30,5,2022,356710.07,5.0,2.812,3.683,6.62171888017961,7.51,6.251845,0,0,-1052.15,0.0,0.069,0.014
1151,31,5,2022,353138.67,5.0,2.862,3.707,6.62171888017961,7.64,6.384762,0,0,-3571.4,0.0,0.05,0.024
1152,1,6,2022,353327.53,5.0,2.911,3.726,6.64652450808265,7.63,6.37768,0,0,188.85,0.0,0.049,0.019
1153,2,6,2022,351390.92,5.0,2.913,3.714,6.64652450808265,7.7,6.450597,0,0,-1936.61,0.0,0.002,-0.012
1154,3,6,2022,350522.25,5.0,2.941,3.712,6.64652450808265,7.73,6.483515,0,0,-868.67,0.0,0.028,-0.002
1155,6,6,2022,347157.48,5.0,3.04,3.731,6.64652450808265,7.85,6.612267,0,0,-3364.76,0.0,0.099,0.019
1156,7,6,2022,349165.65,5.0,2.979,3.755,6.64652450808265,7.77,6.535185,0,0,2008.17,0.0,-0.061,0.024
1157,8,6,2022,347525.11,5.0,3.027,3.758,6.64652450808265,7.83,6.598102,0,0,-1640.53,0.0,0.048,0.003
1158,9,6,2022,346930.64,5.0,3.046,3.756,6.64652450808265,7.85,6.62102,0,0,-594.48,0.0,0.019,-0.002
1159,10,6,2022,345050.02,5.5,3.165,3.778,6.64652450808265,7.92,6.693937,0,0,-1880.61,0.5,0.119,0.022
1160,13,6,2022,340760.29,5.5,3.362,3.783,6.64652450808265,8.08,6.86269,0,0,-4289.73,0.0,0.197,0.005
1161,14,6,2022,339683.06,5.5,3.479,3.759,6.64652450808265,8.12,6.905607,0,0,-1077.23,0.0,0.117,-0.024
1162,15,6,2022,341369.27,5.5,3.292,3.731,6.64652450808265,8.05,6.838525,0,0,1686.21,0.0,-0.187,-0.028
1163,16,6,2022,344956.51,5.5,3.195,3.727,6.64652450808265,7.92,6.697579,0,0,3587.24,0.0,-0.097,-0.004
1164,17,6,2022,346268.13,5.5,3.231,3.728,6.64652450808265,7.88,6.646634,0,0,1311.61,0.0,0.036,0.001
1165,20,6,2022,349201.91,5.5,3.277,3.729,6.64652450808265,7.8,6.533799,0,0,2933.78,0.0,0.046,0.001
1166,21,6,2022,348181.94,5.5,3.279,3.724,6.64652450808265,7.85,6.572854,0,0,-1019.97,0.0,0.002,-0.005
1167,22,6,2022,347686.04,5.5,3.16,3.731,6.64652450808265,7.88,6.591909,0,0,-495.9,0.0,-0.119,0.007
1168,23,6,2022,350589.43,5.5,3.089,3.753,6.64652450808265,7.78,6.480964,0,0,2903.39,0.0,-0.071,0.022
1169,24,6,2022,349562.94,5.5,3.138,3.782,6.64652450808265,7.83,6.520019,0,0,-1026.49,0.0,0.049,0.029
1170,27,6,2022,349899.75,5.5,3.202,3.791,6.64652450808265,7.85,6.507184,0,0,336.81,0.0,0.064,0.009
1171,28,6,2022,350450.51,5.5,3.177,3.788,6.64652450808265,7.84,6.486239,0,0,550.75,0.0,-0.025,-0.003
1172,29,6,2022,350738.86,5.5,3.087,3.788,6.64652450808265,7.84,6.475294,1,0,288.36,0.0,-0.09,0.0
1173,30,6,2022,350552.95,5.5,3.017,3.83,6.64652450808265,7.858,6.482349,0,0,-185.91,0.0,-0.07,0.042
1174,1,7,2022,351846.02,5.5,2.889,3.854,6.67648935270125,7.82,6.433404,0,0,1293.07,0.0,-0.128,0.024
1175,4,7,2022,352451.91,5.5,2.932,3.839,6.67648935270125,7.83,6.410569,0,0,605.9,0.0,0.043,-0.015
1176,5,7,2022,353542.53,5.5,2.818,3.862,6.67648935270125,7.8,6.369624,0,0,1090.62,0.0,-0.114,0.023
1177,6,7,2022,356525.04,5.5,2.934,3.888,6.67648935270125,7.7,6.258679,0,0,2982.5,0.0,0.116,0.026
1178,7,7,2022,350938.26,5.5,3.0,3.888,6.67648935270125,7.92,6.467734,0,1,-4836.9,0.0,0.066,0.0
1179,8,7,2022,346522.54,6.0,3.08,3.905,6.67648935270125,8.1,6.636789,0,0,-4415.73,0.5,0.08,0.017
1180,11,7,2022,345306.53,6.0,2.993,3.939,6.67648935270125,8.18,6.683954,0,0,-1216.0,0.0,-0.087,0.034
1181,12,7,2022,339497.84,6.0,2.971,3.972,6.67648935270125,8.42,6.913009,0,1,-4836.9,0.0,-0.022,0.033
1182,13,7,2022,340524.53,6.0,2.935,3.968,6.67648935270125,8.39,6.872064,0,0,1026.69,0.0,-0.036,-0.004
1183,14,7,2022,339295.08,6.0,2.958,3.958,6.67648935270125,8.45,6.921119,0,0,-1229.46,0.0,0.023,-0.01
1184,15,7,2022,339819.14,6.0,2.928,3.906,6.67648935270125,8.44,6.900174,0,1,524.06,0.0,-0.03,-0.042
1185,18,7,2022,337758.18,6.0,2.989,3.892,6.67648935270125,8.49,6.982847,0,0,-2060.96,0.0,0.061,-0.014
1186,19,7,2022,335515.65,6.0,3.028,3.878,6.67648935270125,8.57,7.073738,0,0,-2242.53,0.0,0.039,-0.014
1187,20,7,2022,335739.3,6.0,3.03,3.888,6.67648935270125,8.55,7.064629,0,0,223.65,0.0,0.002,0.01
1188,21,7,2022,336949.25,6.0,2.882,3.914,6.67648935270125,8.49,7.01552,0,0,1209.95,0.0,-0.148,0.026
1189,22,7,2022,340415.28,6.0,2.754,3.918,6.67648935270125,8.34,6.876411,0,0,3466.03,0.0,-0.128,0.004
1190,25,7,2022,343383.68,6.0,2.807,3.919,6.67648935270125,8.19,6.759085,0,0,2968.4,0.0,0.053,0.001
1191,26,7,2022,343106.37,6.0,2.803,3.921,6.67648935270125,8.19,6.769976,0,0,-277.31,0.0,-0.004,0.002
1192,27,7,2022,341562.62,6.0,2.785,3.925,6.67648935270125,8.24,6.830867,0,0,-1543.75,0.0,-0.018,0.004
1193,28,7,2022,341287.69,6.0,2.671,3.925,6.67648935270125,8.24,6.841758,1,0,-274.93,0.0,-0.114,0.0
1194,29,7,2022,341013.11,6.0,2.658,3.925,6.67648935270125,8.24,6.852649,1,0,-274.58,0.0,-0.013,0.0
1195,1,8,2022,346302.02,6.0,2.568,3.897,6.70652474415222,8.0,6.645322,0,1,4874.69,0.0,-0.09,-0.028
1196,2,8,2022,346020.9,6.0,2.747,3.919,6.70652474415222,8.0,6.656213,0,0,-281.12,0.0,0.179,0.022
1197,3,8,2022,345482.7,6.0,2.706,3.92,6.70652474415222,8.01,6.677104,0,0,-538.21,0.0,-0.041,0.001
1198,4,8,2022,348308.58,6.0,2.694,3.897,6.70652474415222,7.89,6.567995,0,0,2825.88,0.0,-0.012,-0.023
1199,5,8,2022,345694.24,6.0,2.827,3.905,6.70652474415222,7.98,6.668887,0,0,-2614.33,0.0,0.133,0.008
1200,8,8,2022,346916.64,6.0,2.752,3.916,6.70652474415222,7.9,6.62156,0,0,1222.4,0.0,-0.075,0.011
1201,9,8,2022,346376.19,6.0,2.786,3.932,6.70652474415222,7.91,6.642451,0,0,-540.45,0.0,0.034,0.016
1202,10,8,2022,348169.24,6.0,2.785,3.899,6.70652474415222,7.83,6.573342,0,0,1793.04,0.0,-0.001,-0.033
1203,11,8,2022,347106.51,6.0,2.889,3.888,6.70652474415222,7.86,6.614233,0,0,-1062.73,0.0,0.104,-0.011
1204,12,8,2022,347862.49,6.5,2.842,3.865,6.70652474415222,7.82,6.585124,0,0,755.98,0.5,-0.047,-0.023
1205,15,8,2022,349097.27,6.5,2.793,3.856,6.70652474415222,7.74,6.537797,0,0,1234.78,0.0,-0.049,-0.009
1206,16,8,2022,349135.52,6.5,2.819,3.86,6.70652474415222,7.75,6.536336,0,0,38.25,0.0,0.026,0.004
1207,17,8,2022,348129.32,6.5,2.902,3.847,6.70652474415222,7.8,6.574874,0,0,-1006.2,0.0,0.083,-0.013
1208,18,8,2022,348689.09,6.5,2.886,3.847,6.70652474415222,7.79,6.553413,0,0,559.77,0.0,-0.016,0.0
1209,19,8,2022,346906.51,6.5,2.976,3.857,6.70652474415222,7.87,6.621951,0,0,-1782.57,0.0,0.09,0.01
1210,22,8,2022,344956.86,6.5,3.024,3.88,6.70652474415222,7.98,6.697566,0,0,-1949.65,0.0,0.048,0.023
1211,23,8,2022,345251.25,6.5,3.059,3.864,6.70652474415222,7.98,6.686104,0,0,294.39,0.0,0.035,-0.016
1212,24,8,2022,344775.3,6.5,3.109,3.867,6.70652474415222,8.01,6.704643,0,0,-475.95,0.0,0.05,0.003
1213,25,8,2022,346874.66,6.5,3.031,3.861,6.70652474415222,7.94,6.623181,0,0,2099.35,0.0,-0.078,-0.006
1214,26,8,2022,346653.65,6.5,3.03,3.847,6.70652474415222,7.96,6.631719,0,0,-221.01,0.0,-0.001,-0.014
1215,29,8,2022,346767.12,6.5,3.114,3.838,6.70652474415222,7.99,6.627334,0,0,113.47,0.0,0.084,-0.009
1216,30,8,2022,347064.0,6.5,3.112,3.838,6.70652474415222,7.99,6.615873,1,0,296.88,0.0,-0.002,0.0
1217,31,8,2022,347569.05,6.5,3.196,3.847,6.70652474415222,7.982,6.596411,0,0,505.04,0.0,0.084,0.009
1218,1,9,2022,343285.23,6.5,3.263,3.865,6.7483953575248,8.16,6.762949,0,0,-4283.82,0.0,0.067,0.018
1219,2,9,2022,344343.74,6.5,3.195,3.876,6.7483953575248,8.13,6.721488,0,0,1058.51,0.0,-0.068,0.011
1220,5,9,2022,344456.0,6.5,3.223,3.885,6.7483953575248,8.16,6.717103,0,0,112.26,0.0,0.028,0.009
1221,6,9,2022,341694.66,6.5,3.351,3.897,6.7483953575248,8.28,6.825641,0,0,-2761.33,0.0,0.128,0.012
1222,7,9,2022,342237.83,6.5,3.267,3.896,6.7483953575248,8.27,6.804179,0,0,543.16,0.0,-0.084,-0.001
1223,8,9,2022,342782.39,6.5,3.323,3.881,6.7483953575248,8.26,6.782718,0,0,544.56,0.0,0.056,-0.015
1224,9,9,2022,345890.86,6.75,3.315,3.883,6.7483953575248,8.15,6.661256,0,0,3108.47,0.25,-0.008,0.002
1225,12,9,2022,348598.78,6.75,3.358,3.859,6.7483953575248,8.08,6.556871,0,0,2707.92,0.0,0.043,-0.024
1226,13,9,2022,347855.06,6.75,3.412,3.862,6.7483953575248,8.12,6.58541,0,0,-743.71,0.0,0.054,0.003
1227,14,9,2022,346854.79,6.75,3.404,3.875,6.7483953575248,8.17,6.623948,0,0,-1000.27,0.0,-0.008,0.013
1228,15,9,2022,346633.81,6.75,3.449,3.892,6.7483953575248,8.19,6.632486,0,0,-220.99,0.0,0.045,0.017
1229,16,9,2022,346889.25,6.75,3.455,3.883,6.7483953575248,8.19,6.622617,0,0,255.45,0.0,0.006,-0.009
1230,19,9,2022,347657.42,6.75,3.494,3.871,6.7483953575248,8.19,6.59301,0,0,768.16,0.0,0.039,-0.012
1231,20,9,2022,345584.69,6.75,3.569,3.883,6.7483953575248,8.28,6.673141,0,0,-2072.73,0.0,0.075,0.012
1232,21,9,2022,346872.29,6.75,3.534,3.903,6.7483953575248,8.24,6.623272,0,0,1287.6,0.0,-0.035,0.02
1233,22,9,2022,346093.39,6.75,3.712,3.913,6.7483953575248,8.28,6.653403,0,0,-778.9,0.0,0.178,0.01
1234,23,9,2022,344547.39,6.75,3.687,3.911,6.7483953575248,8.35,6.713534,0,0,-1546.0,0.0,-0.025,-0.002
1235,26,9,2022,341990.95,6.75,3.91,3.938,6.7483953575248,8.48,6.813927,0,0,-2556.44,0.0,0.223,0.027
1236,27,9,2022,340474.4,6.75,3.949,3.949,6.7483953575248,8.55,6.874058,0,0,-1516.55,0.0,0.039,0.011
1237,28,9,2022,338470.28,6.75,3.737,3.952,6.7483953575248,8.64,6.954189,0,0,-2004.12,0.0,-0.212,0.003
1238,29,9,2022,335746.88,6.75,3.786,3.971,6.7483953575248,8.76,7.06432,0,0,-2723.4,0.0,0.049,0.019
1239,30,9,2022,335007.97,6.75,3.829,3.984,6.7483953575248,8.8,7.094451,0,0,-738.91,0.0,0.043,0.013
1240,3,10,2022,338205.23,6.75,3.621,3.969,6.78941671139332,8.7,6.964845,0,0,3197.26,0.0,-0.208,-0.015
1241,4,10,2022,338949.08,6.75,3.635,3.955,6.78941671139332,8.68,6.934976,0,0,743.85,0.0,0.014,-0.014
1242,5,10,2022,339195.44,6.75,3.751,3.966,6.78941671139332,8.68,6.925107,1,0,246.36,0.0,0.116,0.011
1243,6,10,2022,339442.09,6.75,3.828,3.983,6.78941671139332,8.68,6.915238,0,0,246.65,0.0,0.077,0.017
1244,7,10,2022,341196.62,7.0,3.888,3.98,6.78941671139332,8.62,6.845369,0,0,1754.53,0.25,0.06,-0.003
1245,10,10,2022,340934.7,7.0,3.955,3.967,6.78941671139332,8.66,6.855762,0,0,-261.91,0.0,0.067,-0.013
1246,11,10,2022,340177.21,7.0,3.945,3.972,6.78941671139332,8.7,6.885893,0,0,-757.49,0.0,-0.01,0.005
1247,12,10,2022,338673.63,7.0,3.904,3.984,6.78941671139332,8.77,6.946024,0,0,-1503.58,0.0,-0.041,0.012
1248,13,10,2022,339169.26,7.0,3.95,3.987,6.78941671139332,8.76,6.926155,0,0,495.63,0.0,0.046,0.003
1249,14,10,2022,339165.99,7.0,4.023,3.992,6.78941671139332,8.77,6.926286,0,0,-3.27,0.0,0.073,0.005
1250,17,10,2022,340087.36,7.0,4.012,3.985,6.78941671139332,8.69,6.889474,0,0,921.37,0.0,-0.011,-0.007
1251,18,10,2022,341432.93,7.0,4.007,3.979,6.78941671139332,8.61,6.836002,0,0,1345.57,0.0,-0.005,-0.006
1252,19,10,2022,339760.09,7.0,4.142,3.985,6.78941671139332,8.65,6.902531,0,0,-1672.85,0.0,0.135,0.006
1253,20,10,2022,338598.01,7.0,4.226,3.978,6.78941671139332,8.67,6.94906,0,0,-1162.08,0.0,0.084,-0.007
1254,21,10,2022,338684.49,7.0,4.219,3.984,6.78941671139332,8.64,6.945588,0,0,86.48,0.0,-0.007,0.006
1255,24,10,2022,335725.92,7.0,4.247,4.003,6.78941671139332,8.68,7.065174,0,0,-2958.57,0.0,0.028,0.019
1256,25,10,2022,336549.77,7.0,4.1,4.002,6.78941671139332,8.62,7.031702,0,0,823.85,0.0,-0.147,-0.001
1257,26,10,2022,337624.66,7.0,4.011,3.996,6.78941671139332,8.55,6.988231,0,0,1074.89,0.0,-0.089,-0.006
1258,27,10,2022,338456.09,7.0,3.927,3.987,6.78941671139332,8.49,6.954759,0,0,831.43,0.0,-0.084,-0.009
1259,28,10,2022,337301.22,7.0,4.01,3.978,6.78941671139332,8.51,7.001288,0,0,-1154.87,0.0,0.083,-0.009
1260,31,10,2022,337807.13,7.0,4.05,3.993,6.78941671139332,8.41,6.980874,0,0,505.91,0.0,0.04,0.015
1261,1,11,2022,337149.94,7.0,4.046,3.993,6.83356400159313,8.41,7.007402,1,0,-657.19,0.0,-0.004,0.0
1262,2,11,2022,340980.82,7.0,4.096,3.976,6.83356400159313,8.23,6.853931,0,0,3830.88,0.0,0.05,-0.017
1263,3,11,2022,340062.64,7.0,4.149,3.973,6.83356400159313,8.24,6.890459,0,0,-918.18,0.0,0.053,-0.003
1264,4,11,2022,342166.67,7.0,4.163,3.962,6.83356400159313,8.13,6.806988,0,0,2104.03,0.0,0.014,-0.011
1265,7,11,2022,344982.33,7.0,4.218,3.957,6.83356400159313,7.94,6.696574,0,0,2815.66,0.0,0.055,-0.005
1266,8,11,2022,349482.12,7.0,4.128,3.936,6.83356400159313,7.74,6.523102,0,0,4499.78,0.0,-0.09,-0.021
1267,9,11,2022,349573.13,7.0,4.099,3.918,6.83356400159313,7.71,6.519631,0,0,91.01,0.0,-0.029,-0.018
1268,10,11,2022,353635.07,7.0,3.811,3.87,6.83356400159313,7.53,6.366159,0,1,4061.94,0.0,-0.225,-0.042
1269,11,11,2022,350544.02,7.25,3.811,3.86,6.83356400159313,7.62,6.482688,0,0,-3091.04,0.25,0.0,-0.01
1270,14,11,2022,345607.03,7.25,3.863,3.86,6.83356400159313,7.73,6.672274,0,1,-4836.9,0.0,0.052,0.0
1271,15,11,2022,341362.27,7.25,3.777,3.838,6.83356400159313,7.87,6.838802,0,0,-4244.76,0.0,-0.086,-0.022
1272,16,11,2022,339566.49,7.25,3.69,3.842,6.83356400159313,7.94,6.910264,0,0,-1795.77,0.0,-0.087,0.004
1273,17,11,2022,338034.21,7.25,3.769,3.845,6.83356400159313,8.0,6.971727,0,0,-1532.28,0.0,0.079,0.003
1274,18,11,2022,337254.17,7.25,3.829,3.841,6.83356400159313,8.03,7.003189,0,0,-780.04,0.0,0.06,-0.004
1275,21,11,2022,339133.77,7.25,3.831,3.838,6.83356400159313,7.95,6.927576,0,0,1879.6,0.0,0.002,-0.003
1276,22,11,2022,340852.2,7.25,3.758,3.846,6.83356400159313,7.88,6.859038,0,0,1718.42,0.0,-0.073,0.008
1277,23,11,2022,340563.83,7.25,3.689,3.852,6.83356400159313,7.89,6.870501,0,0,-288.37,0.0,-0.069,0.006
1278,24,11,2022,342801.57,7.25,3.661,3.85,6.83356400159313,7.8,6.781963,0,0,2237.75,0.0,-0.028,-0.002
1279,25,11,2022,342764.42,7.25,3.691,3.873,6.83356400159313,7.8,6.783425,0,0,-37.15,0.0,0.03,0.023
1280,28,11,2022,343416.1,7.25,3.679,3.861,6.83356400159313,7.77,6.757812,0,0,651.68,0.0,-0.012,-0.012
1281,29,11,2022,344400.4,7.25,3.75,3.847,6.83356400159313,7.73,6.719274,0,0,984.3,0.0,0.071,-0.014
1282,30,11,2022,346937.97,7.25,3.611,3.854,6.83356400159313,7.63,6.620737,0,0,2537.57,0.0,-0.139,0.007
1283,1,12,2022,347678.51,7.25,3.51,3.836,6.87898696531991,7.6,6.592199,0,0,740.54,0.0,-0.101,-0.018
1284,2,12,2022,346603.41,7.25,3.492,3.835,6.87898696531991,7.64,6.633661,0,0,-1075.09,0.0,-0.018,-0.001
1285,5,12,2022,345973.58,7.25,3.583,3.848,6.87898696531991,7.66,6.658048,0,0,-629.84,0.0,0.091,0.013
1286,6,12,2022,347488.54,7.25,3.531,3.851,6.87898696531991,7.6,6.59951,0,0,1514.96,0.0,-0.052,0.003
1287,7,12,2022,342319.11,7.25,3.421,3.851,6.87898696531991,7.8,6.800973,0,1,-4836.9,0.0,-0.11,0.0
1288,8,12,2022,342282.04,7.25,3.489,3.851,6.87898696531991,7.8,6.802435,1,0,-37.07,0.0,0.068,0.0
1289,9,12,2022,342244.98,7.25,3.586,3.851,6.87898696531991,7.8,6.803897,1,0,-37.06,0.0,0.097,0.0
1290,12,12,2022,342133.83,7.5,3.617,3.84,6.87898696531991,7.8,6.808284,1,0,-111.14,0.25,0.031,-0.011
1291,13,12,2022,344132.47,7.5,3.501,3.835,6.87898696531991,7.72,6.729747,0,0,1998.64,0.0,-0.116,-0.005
1292,14,12,2022,342313.12,7.5,3.479,3.841,6.87898696531991,7.79,6.801209,0,0,-1819.35,0.0,-0.022,0.006
1293,15,12,2022,341517.05,7.5,3.45,3.849,6.87898696531991,7.82,6.832671,0,0,-796.07,0.0,-0.029,0.008
1294,16,12,2022,338048.8,7.5,3.488,3.853,6.87898696531991,7.96,6.971139,0,0,-3468.25,0.0,0.038,0.004
1295,19,12,2022,335446.79,7.5,3.59,3.842,6.87898696531991,8.07,7.076544,0,0,-2602.01,0.0,0.102,-0.011
1296,20,12,2022,335729.87,7.5,3.692,3.839,6.87898696531991,8.06,7.065013,0,0,283.08,0.0,0.102,-0.003
1297,21,12,2022,337246.95,7.5,3.673,3.825,6.87898696531991,8.0,7.003481,0,0,1517.07,0.0,-0.019,-0.014
1298,22,12,2022,338028.68,7.5,3.686,3.819,6.87898696531991,7.97,6.971949,0,0,781.73,0.0,0.013,-0.006
1299,23,12,2022,338066.73,7.5,3.751,3.827,6.87898696531991,7.97,6.970418,0,0,38.05,0.0,0.065,0.008
1300,26,12,2022,338927.95,7.5,3.743,3.823,6.87898696531991,7.94,6.935823,0,0,861.22,0.0,-0.008,-0.004
1301,27,12,2022,339215.81,7.5,3.849,3.822,6.87898696531991,7.93,6.924291,0,0,287.86,0.0,0.106,-0.001
1302,28,12,2022,338257.07,7.5,3.886,3.817,6.87898696531991,7.97,6.962759,0,0,-958.74,0.0,0.037,-0.005
1303,29,12,2022,338046.61,7.5,3.82,3.818,6.87898696531991,7.98,6.971228,0,0,-210.47,0.0,-0.066,0.001
1304,30,12,2022,338084.66,7.5,3.879,3.82,6.87898696531991,7.98,6.969696,0,0,38.05,0.0,0.059,0.002
1305,2,1,2023,338198.85,7.5,3.879,3.82,6.91741136550458,7.98,6.965101,1,0,114.2,0.0,0.0,0.0
1306,3,1,2023,337492.36,7.5,3.752,3.823,6.91741136550458,8.01,6.993569,0,0,-706.49,0.0,-0.127,0.003
1307,4,1,2023,337778.25,7.5,3.69,3.827,6.91741136550458,8.0,6.982038,0,0,285.89,0.0,-0.062,0.004
1308,5,1,2023,338064.54,7.5,3.726,3.83,6.91741136550458,7.99,6.970506,0,0,286.28,0.0,0.036,0.003
1309,6,1,2023,340099.89,7.5,3.56,3.806,6.91741136550458,7.91,6.888974,0,0,2035.35,0.0,-0.166,-0.024
1310,9,1,2023,346326.37,7.5,3.527,3.803,6.91741136550458,7.67,6.644379,0,1,4874.69,0.0,-0.033,-0.003
1311,10,1,2023,343542.64,7.5,3.615,3.806,6.91741136550458,7.78,6.752848,0,0,-2783.73,0.0,0.088,0.003
1312,11,1,2023,343581.7,7.5,3.543,3.783,6.91741136550458,7.78,6.751316,0,0,39.06,0.0,-0.072,-0.023
1313,12,1,2023,343875.99,7.5,3.444,3.784,6.91741136550458,7.77,6.739784,0,0,294.29,0.0,-0.099,0.001
1314,13,1,2023,339616.84,7.75,3.498,3.806,6.91741136550458,7.94,6.908253,0,0,-4259.14,0.25,0.054,0.022
1315,16,1,2023,336875.89,7.75,3.529,3.822,6.91741136550458,8.05,7.018489,0,0,-2740.95,0.0,0.031,0.016
1316,17,1,2023,337041.44,7.75,3.549,3.842,6.91741136550458,8.04,7.01179,0,0,165.56,0.0,0.02,0.02
1317,18,1,2023,337950.68,7.75,3.373,3.836,6.91741136550458,8.0,6.97509,0,0,909.24,0.0,-0.176,-0.006
1318,19,1,2023,337125.5,7.75,3.399,3.861,6.91741136550458,8.03,7.00839,0,0,-825.19,0.0,0.026,0.025
1319,20,1,2023,338283.64,7.75,3.482,3.859,6.91741136550458,7.98,6.961691,0,0,1158.15,0.0,0.083,-0.002
1320,23,1,2023,338534.95,7.75,3.521,3.873,6.91741136550458,7.96,6.951592,0,0,251.3,0.0,0.039,0.014
1321,24,1,2023,335242.11,7.75,3.455,3.885,6.91741136550458,8.09,7.084892,0,0,-3292.84,0.0,-0.066,0.012
1322,25,1,2023,335161.24,7.75,3.451,3.9,6.91741136550458,8.09,7.088192,1,0,-80.87,0.0,-0.004,0.015
1323,26,1,2023,335080.41,7.75,3.506,3.867,6.91741136550458,8.09,7.091493,1,0,-80.83,0.0,0.055,-0.033
1324,27,1,2023,334999.61,7.75,3.507,3.829,6.91741136550458,8.09,7.094793,1,0,-80.8,0.0,0.001,-0.038
1325,30,1,2023,335737.7,7.75,3.542,3.859,6.91741136550458,8.05,7.064694,0,0,738.09,0.0,0.035,0.03
1326,31,1,2023,334676.71,7.75,3.51,3.851,6.91741136550458,8.09,7.107994,0,0,-1060.99,0.0,-0.032,-0.008
1327,1,2,2023,338044.94,7.75,3.417,3.848,6.95314641184834,7.95,6.971295,0,0,3368.23,0.0,-0.093,-0.003
1328,2,2,2023,341721.11,7.75,3.402,3.835,6.95314641184834,7.8,6.824595,0,0,3676.16,0.0,-0.015,-0.013
1329,3,2,2023,341637.69,7.75,3.519,3.847,6.95314641184834,7.8,6.827895,0,0,-83.41,0.0,0.117,0.012
1330,6,2,2023,340380.48,7.75,3.644,3.855,6.95314641184834,7.84,6.877796,0,0,-1257.21,0.0,0.125,0.008
1331,7,2,2023,340297.6,7.75,3.679,3.848,6.95314641184834,7.84,6.881097,0,0,-82.88,0.0,0.035,-0.007
1332,8,2,2023,339213.17,7.75,3.615,3.856,6.95314641184834,7.88,6.924397,0,0,-1084.43,0.0,-0.064,0.008
1333,9,2,2023,339380.59,7.75,3.664,3.869,6.95314641184834,7.87,6.917697,0,0,167.42,0.0,0.049,0.013
1334,10,2,2023,341913.25,7.75,3.743,3.858,6.95314641184834,7.766,6.816998,0,0,2532.66,0.0,0.079,-0.011
1335,13,2,2023,341662.88,7.75,3.704,3.854,6.95314641184834,7.766,6.826899,1,0,-250.37,0.0,-0.039,-0.004
1336,14,2,2023,341579.49,7.75,3.753,3.861,6.95314641184834,7.766,6.830199,1,0,-83.39,0.0,0.049,0.007
1337,15,2,2023,338636.87,7.75,3.803,3.865,6.95314641184834,7.88,6.947499,0,0,-2942.62,0.0,0.05,0.004
1338,16,2,2023,336968.84,7.75,3.863,3.868,6.95314641184834,7.94,7.014727,0,0,-1668.03,0.0,0.06,0.003
1339,17,2,2023,338775.03,7.75,3.817,3.849,6.95314641184834,7.86,6.941955,0,0,1806.19,0.0,-0.046,-0.019
1340,20,2,2023,338235.21,7.75,3.851,3.85,6.95314641184834,7.86,6.963639,1,0,-539.82,0.0,0.034,0.001
1341,21,2,2023,337559.33,7.75,3.954,3.836,6.95314641184834,7.88,6.990867,0,0,-675.88,0.0,0.103,-0.014
1342,22,2,2023,338622.04,7.75,3.927,3.827,6.95314641184834,7.83,6.948095,0,0,1062.71,0.0,-0.027,-0.009
1343,23,2,2023,337696.78,7.75,3.89,3.805,6.95314641184834,7.86,6.985322,0,0,-925.27,0.0,-0.037,-0.022
1344,24,2,2023,332378.67,7.75,3.947,3.82,6.95314641184834,8.07,7.20255,0,1,-4836.9,0.0,0.057,0.015
1345,27,2,2023,333792.92,7.75,3.922,3.816,6.95314641184834,7.99,7.144234,0,0,1414.25,0.0,-0.025,-0.004
1346,28,2,2023,333374.1,7.75,3.938,3.81,6.95314641184834,8.0,7.161462,0,0,-418.82,0.0,0.016,-0.006
1347,1,3,2023,334171.54,7.75,3.994,3.784,6.98657575869307,7.96,7.12869,0,0,797.44,0.0,0.056,-0.026
1348,2,3,2023,331333.26,7.75,4.062,3.784,6.98657575869307,8.07,7.245918,0,0,-2838.28,0.0,0.068,0.0
1349,3,3,2023,331159.55,7.75,3.958,3.789,6.98657575869307,8.07,7.253145,0,0,-173.71,0.0,-0.104,0.005
1350,6,3,2023,330639.29,7.75,3.967,3.788,6.98657575869307,8.07,7.274829,0,0,-520.25,0.0,0.009,-0.001
1351,7,3,2023,330945.57,7.75,3.983,3.789,6.98657575869307,8.05,7.262057,0,0,306.28,0.0,0.016,0.001
1352,8,3,2023,330676.3,7.75,3.989,3.788,6.98657575869307,8.054,7.273285,0,0,-269.27,0.0,0.006,-0.001
1353,9,3,2023,331800.37,7.75,3.907,3.792,6.98657575869307,8.0,7.226513,0,0,1124.07,0.0,-0.082,0.004
1354,10,3,2023,334780.7,7.75,3.704,3.786,6.98657575869307,7.87,7.103741,0,0,2980.33,0.0,-0.203,-0.006
1355,13,3,2023,336704.66,7.75,3.545,3.803,6.98657575869307,7.77,7.025424,0,0,1923.96,0.0,-0.159,0.017
1356,14,3,2023,336279.89,7.75,3.685,3.789,6.98657575869307,7.78,7.042652,0,0,-424.77,0.0,0.14,-0.014
1357,15,3,2023,340077.17,7.75,3.462,3.808,6.98657575869307,7.62,6.88988,0,0,3797.28,0.0,-0.223,0.019
1358,16,3,2023,337864.45,7.75,3.579,3.801,6.98657575869307,7.7,6.978564,0,0,-2212.72,0.0,0.117,-0.007
1359,17,3,2023,340897.28,7.75,3.438,3.798,6.98657575869307,7.57,6.857248,0,0,3032.83,0.0,-0.141,-0.003
1360,20,3,2023,340744.96,7.75,3.483,3.785,6.98657575869307,7.55,6.863299,0,0,-152.32,0.0,0.045,-0.013
1361,21,3,2023,340024.44,7.75,3.608,3.77,6.98657575869307,7.57,6.891983,0,0,-720.52,0.0,0.125,-0.015
1362,22,3,2023,340308.4,7.75,3.451,3.774,6.98657575869307,7.55,6.880666,0,0,283.96,0.0,-0.157,0.004
1363,23,3,2023,343376.91,7.75,3.414,3.767,6.98657575869307,7.42,6.75935,0,0,3068.51,0.0,-0.037,-0.007
1364,24,3,2023,343155.78,7.75,3.372,3.773,6.98657575869307,7.42,6.768034,0,0,-221.13,0.0,-0.042,0.006
1365,27,3,2023,341228.98,7.75,3.539,3.772,6.98657575869307,7.47,6.844085,0,0,-1926.8,0.0,0.167,-0.001
1366,28,3,2023,341010.09,7.75,3.572,3.768,6.98657575869307,7.47,6.852769,0,0,-218.89,0.0,0.033,-0.004
1367,29,3,2023,340539.89,7.75,3.566,3.759,6.98657575869307,7.48,6.871453,0,0,-470.2,0.0,-0.006,-0.009
1368,30,3,2023,340824.55,7.75,3.547,3.761,6.98657575869307,7.46,6.860136,0,0,284.66,0.0,-0.019,0.002
1369,31,3,2023,339352.52,7.75,3.473,3.765,6.98657575869307,7.51,6.91882,0,0,-1472.03,0.0,-0.074,0.004
1370,3,4,2023,338204.56,7.75,3.415,3.77,7.02407641308018,7.53,6.964871,0,0,-1147.96,0.0,-0.058,0.005
1371,4,4,2023,339234.2,7.75,3.339,3.773,7.02407641308018,7.48,6.923555,0,0,1029.64,0.0,-0.076,0.003
1372,5,4,2023,339767.4,7.75,3.309,3.774,7.02407641308018,7.45,6.902239,0,0,533.21,0.0,-0.03,0.001
1373,6,4,2023,339550.02,7.75,3.303,3.774,7.02407641308018,7.45,6.910923,1,0,-217.38,0.0,-0.006,0.0
1374,7,4,2023,339332.87,7.75,3.413,3.774,7.02407641308018,7.45,6.919606,1,0,-217.15,0.0,0.11,0.0
1375,10,4,2023,337440.63,7.75,3.415,3.781,7.02407641308018,7.5,6.995658,0,0,-1892.24,0.0,0.002,0.007
1376,11,4,2023,336978.38,7.75,3.432,3.787,7.02407641308018,7.51,7.014341,0,0,-462.26,0.0,0.017,0.006
1377,12,4,2023,337505.84,7.75,3.4,3.78,7.02407641308018,7.48,6.993025,0,0,527.47,0.0,-0.032,-0.007
1378,13,4,2023,337290.8,7.75,3.449,3.777,7.02407641308018,7.48,7.001709,0,0,-215.04,0.0,0.049,-0.003
1379,14,4,2023,336089.33,7.75,3.515,3.784,7.02407641308018,7.52,7.050393,0,0,-1201.48,0.0,0.066,0.007
1380,17,4,2023,334255.16,7.75,3.606,3.785,7.02407641308018,7.57,7.125261,0,0,-1834.17,0.0,0.091,0.001
1381,18,4,2023,334057.89,7.75,3.578,3.781,7.02407641308018,7.57,7.133353,1,0,-197.27,0.0,-0.028,-0.004
1382,19,4,2023,333860.81,7.75,3.591,3.781,7.02407641308018,7.57,7.141445,1,0,-197.08,0.0,0.013,0.0
1383,20,4,2023,333663.92,7.75,3.536,3.768,7.02407641308018,7.57,7.149537,1,0,-196.89,0.0,-0.055,-0.013
1384,21,4,2023,333467.21,7.75,3.568,3.768,7.02407641308018,7.57,7.157629,1,0,-196.7,0.0,0.032,0.0
1385,24,4,2023,335806.23,7.75,3.496,3.761,7.02407641308018,7.45,7.061905,0,0,2339.02,0.0,-0.072,-0.007
1386,25,4,2023,336591.83,7.75,3.4,3.762,7.02407641308018,7.41,7.029997,0,0,785.6,0.0,-0.096,0.001
1387,26,4,2023,335900.03,7.75,3.445,3.75,7.02407641308018,7.43,7.058089,0,0,-691.81,0.0,0.045,-0.012
1388,27,4,2023,334232.71,7.75,3.528,3.737,7.02407641308018,7.49,7.126181,0,0,-1667.32,0.0,0.083,-0.013
1389,28,4,2023,334035.46,7.75,3.433,3.719,7.02407641308018,7.49,7.134273,0,0,-197.25,0.0,-0.095,-0.018
1390,1,5,2023,333444.85,7.75,3.57,3.719,7.05683776205561,7.49,7.158549,1,0,-590.61,0.0,0.137,0.0
1391,2,5,2023,332763.52,7.75,3.433,3.715,7.05683776205561,7.51,7.186641,0,0,-681.33,0.0,-0.137,-0.004
1392,3,5,2023,334268.02,7.75,3.364,3.709,7.05683776205561,7.44,7.124733,0,0,1504.51,0.0,-0.069,-0.006
1393,4,5,2023,334314.56,7.75,3.377,3.719,7.05683776205561,7.43,7.122825,0,0,46.54,0.0,0.013,0.01
1394,5,5,2023,336569.13,7.75,3.435,3.717,7.05683776205561,7.33,7.030917,0,0,2254.57,0.0,0.058,-0.002
1395,8,5,2023,337699.98,7.75,3.507,3.71,7.05683776205561,7.26,6.985193,0,0,1130.85,0.0,0.072,-0.007
1396,9,5,2023,339240.93,7.75,3.522,3.702,7.05683776205561,7.19,6.923285,0,0,1540.96,0.0,0.015,-0.008
1397,10,5,2023,340290.54,7.75,3.439,3.678,7.05683776205561,7.14,6.881378,0,0,1049.61,0.0,-0.083,-0.024
1398,11,5,2023,338837.0,7.75,3.386,3.683,7.05683776205561,7.19,6.93947,0,0,-1453.55,0.0,-0.053,0.005
1399,12,5,2023,338635.32,7.75,3.463,3.659,7.05683776205561,7.19,6.947562,0,0,-201.68,0.0,0.077,-0.024
1400,15,5,2023,340028.07,7.75,3.507,3.667,7.05683776205561,7.11,6.891838,0,0,1392.75,0.0,0.044,0.008
1401,16,5,2023,336609.47,7.75,3.541,3.683,7.05683776205561,7.24,7.029282,0,0,-3418.6,0.0,0.034,0.016
1402,17,5,2023,335687.78,7.75,3.572,3.697,7.05683776205561,7.27,7.066726,0,0,-921.69,0.0,0.031,0.014
1403,18,5,2023,334525.82,7.75,3.651,3.702,7.05683776205561,7.31,7.114171,0,0,-1161.96,0.0,0.079,0.005
1404,19,5,2023,331918.43,7.75,3.682,3.696,7.05683776205561,7.41,7.221615,0,0,-2607.39,0.0,0.031,-0.006
1405,22,5,2023,330660.41,7.75,3.719,3.695,7.05683776205561,7.44,7.273948,0,0,-1258.02,0.0,0.037,-0.001
1406,23,5,2023,332648.51,7.75,3.698,3.695,7.05683776205561,7.35,7.191392,0,0,1988.1,0.0,-0.021,0.0
1407,24,5,2023,332952.58,7.75,3.744,3.69,7.05683776205561,7.33,7.178837,0,0,304.07,0.0,0.046,-0.005
1408,25,5,2023,333743.11,7.75,3.823,3.698,7.05683776205561,7.29,7.146281,0,0,790.53,0.0,0.079,0.008
1409,26,5,2023,335515.96,7.75,3.819,3.675,7.05683776205561,7.21,7.073725,0,0,1772.85,0.0,-0.004,-0.023
1410,29,5,2023,334968.64,7.75,3.764,3.68,7.05683776205561,7.21,7.096058,0,0,-547.32,0.0,-0.055,0.005
1411,30,5,2023,336258.95,7.75,3.694,3.677,7.05683776205561,7.15,7.043502,0,0,1290.31,0.0,-0.07,-0.003
1412,31,5,2023,338551.01,7.75,3.646,3.682,7.05683776205561,7.05,6.950947,0,0,2292.06,0.0,-0.048,0.005
1413,1,6,2023,333935.16,7.75,3.601,3.684,7.08642084707663,7.23,7.138391,0,0,-4615.85,0.0,-0.045,0.002
1414,2,6,2023,332783.03,7.75,3.698,3.688,7.08642084707663,7.27,7.185835,0,0,-1152.13,0.0,0.097,0.004
1415,5,6,2023,331760.48,7.75,3.689,3.68,7.08642084707663,7.29,7.228168,0,0,-1022.55,0.0,-0.009,-0.008
1416,6,6,2023,331581.19,7.75,3.677,3.691,7.08642084707663,7.29,7.235613,0,0,-179.29,0.0,-0.012,0.011
1417,7,6,2023,330921.58,7.75,3.793,3.674,7.08642084707663,7.31,7.263057,0,0,-659.61,0.0,0.116,-0.017
1418,8,6,2023,332912.24,7.75,3.718,3.661,7.08642084707663,7.22,7.180501,0,0,1990.66,0.0,-0.075,-0.013
1419,9,6,2023,334189.68,7.75,3.743,3.646,7.08642084707663,7.16,7.127945,0,0,1277.45,0.0,0.025,-0.015
1420,12,6,2023,334376.71,7.75,3.743,3.658,7.08642084707663,7.13,7.120278,0,0,187.03,0.0,0.0,0.012
1421,13,6,2023,334195.12,7.75,3.827,3.648,7.08642084707663,7.13,7.127723,0,0,-181.59,0.0,0.084,-0.01
1422,14,6,2023,334990.45,7.75,3.79,3.652,7.08642084707663,7.09,7.095167,0,0,795.34,0.0,-0.037,0.004
1423,15,6,2023,335053.02,7.75,3.72,3.654,7.08642084707663,7.08,7.092611,0,0,62.57,0.0,-0.07,0.002
1424,16,6,2023,336239.05,7.75,3.767,3.645,7.08642084707663,7.02,7.044311,0,0,1186.03,0.0,0.047,-0.009
1425,19,6,2023,337100.33,7.75,3.822,3.647,7.08642084707663,6.95,7.009408,0,0,861.28,0.0,0.055,0.002
1426,20,6,2023,337305.69,7.75,3.719,3.648,7.08642084707663,6.93,7.001108,0,0,205.36,0.0,-0.103,0.001
1427,21,6,2023,337263.63,7.75,3.727,3.645,7.08642084707663,6.92,7.002807,0,0,-42.06,0.0,0.008,-0.003
1428,22,6,2023,335988.13,7.75,3.797,3.641,7.08642084707663,6.96,7.054506,0,0,-1275.5,0.0,0.07,-0.004
1429,23,6,2023,335946.34,7.75,3.737,3.638,7.08642084707663,6.95,7.056205,0,0,-41.79,0.0,-0.06,-0.003
1430,26,6,2023,335085.06,7.75,3.723,3.642,7.08642084707663,6.95,7.091303,0,0,-861.29,0.0,-0.014,0.004
1431,27,6,2023,335043.45,7.75,3.772,3.64,7.08642084707663,6.94,7.093002,0,0,-41.61,0.0,0.049,-0.002
1432,28,6,2023,336229.42,7.75,3.714,3.636,7.08642084707663,6.88,7.044701,0,0,1185.97,0.0,-0.058,-0.004
1433,29,6,2023,335941.54,7.75,3.842,3.636,7.08642084707663,6.88,7.056401,1,0,-287.89,0.0,0.128,0.0
1434,30,6,2023,336392.05,7.75,3.841,3.633,7.08642084707663,6.85,7.0381,0,0,450.51,0.0,-0.001,-0.003
1435,3,7,2023,340244.85,7.75,3.858,3.63,7.11581081328546,6.66,6.883198,0,0,3852.8,0.0,0.017,-0.003
1436,4,7,2023,341460.84,7.75,3.839,3.634,7.11581081328546,6.6,6.834897,0,0,1215.99,0.0,-0.019,0.004
1437,5,7,2023,339658.3,7.75,3.934,3.633,7.11581081328546,6.66,6.906596,0,0,-1802.54,0.0,0.095,-0.001
1438,6,7,2023,336140.94,7.75,4.031,3.648,7.11581081328546,6.79,7.048295,0,0,-3517.36,0.0,0.097,0.015
1439,7,7,2023,336099.12,7.75,4.066,3.643,7.11581081328546,6.78,7.049995,0,0,-41.82,0.0,0.035,-0.005
1440,10,7,2023,334747.65,7.75,4.0,3.643,7.11581081328546,6.8,7.105092,0,0,-1351.47,0.0,-0.066,0.0
1441,11,7,2023,334461.82,7.75,3.978,3.638,7.11581081328546,6.8,7.116792,1,0,-285.83,0.0,-0.022,-0.005
1442,12,7,2023,334176.39,7.75,3.861,3.599,7.11581081328546,6.8,7.128491,1,0,-285.43,0.0,-0.117,-0.039
1443,13,7,2023,337080.99,7.75,3.767,3.573,7.11581081328546,6.67,7.01019,0,0,2904.61,0.0,-0.094,-0.026
1444,14,7,2023,335315.71,7.75,3.83,3.567,7.11581081328546,6.73,7.081889,0,0,-1765.28,0.0,0.063,-0.006
1445,17,7,2023,333909.22,7.75,3.809,3.57,7.11581081328546,6.78,7.139456,0,0,-1406.5,0.0,-0.021,0.003
1446,18,7,2023,333716.13,7.75,3.789,3.557,7.11581081328546,6.79,7.14739,0,0,-193.09,0.0,-0.02,-0.013
1447,19,7,2023,334497.66,7.75,3.748,3.589,7.11581081328546,6.76,7.115324,0,0,781.53,0.0,-0.041,0.032
1448,20,7,2023,333816.67,7.75,3.856,3.592,7.11581081328546,6.79,7.143258,0,0,-680.98,0.0,0.108,0.003
1449,21,7,2023,332895.51,7.75,3.837,3.591,7.11581081328546,6.83,7.181192,0,0,-921.16,0.0,-0.019,-0.001
1450,24,7,2023,333045.75,7.75,3.878,3.588,7.11581081328546,6.83,7.174993,0,0,150.24,0.0,0.041,-0.003
1451,25,7,2023,334312.08,7.75,3.89,3.604,7.11581081328546,6.78,7.122927,0,0,1266.34,0.0,0.012,0.016
1452,26,7,2023,334851.13,7.75,3.873,3.602,7.11581081328546,6.76,7.100861,0,0,539.05,0.0,-0.017,-0.002
1453,27,7,2023,333681.96,7.75,4.002,3.602,7.11581081328546,6.81,7.148795,0,0,-1169.17,0.0,0.129,0.0
1454,28,7,2023,333732.22,7.75,3.957,3.602,7.11581081328546,6.81,7.146728,1,0,50.26,0.0,-0.045,0.0
1455,31,7,2023,336085.95,7.75,3.967,3.614,7.11581081328546,6.72,7.05053,0,0,2353.73,0.0,0.01,0.012
1456,1,8,2023,335645.12,7.75,4.037,3.634,7.14362832478569,6.74,7.068464,0,0,-440.84,0.0,0.07,0.02
1457,2,8,2023,333740.27,7.75,4.09,3.661,7.14362832478569,6.82,7.146398,0,0,-1904.84,0.0,0.053,0.027
1458,3,8,2023,330891.0,7.75,4.179,3.696,7.14362832478569,6.94,7.264331,0,0,-2849.27,0.0,0.089,0.035
1459,4,8,2023,332144.01,7.75,4.042,3.692,7.14362832478569,6.89,7.212265,0,0,1253.01,0.0,-0.137,-0.004
1460,7,8,2023,332535.42,7.75,4.097,3.694,7.14362832478569,6.88,7.196067,0,0,391.41,0.0,0.055,0.002
1461,8,8,2023,334285.89,7.75,4.028,3.71,7.14362832478569,6.81,7.124001,0,0,1750.47,0.0,-0.069,0.016
1462,9,8,2023,335559.91,7.75,4.016,3.699,7.14362832478569,6.76,7.071934,0,0,1274.02,0.0,-0.012,-0.011
1463,10,8,2023,337584.08,7.75,4.107,3.678,7.14362832478569,6.68,6.989868,0,0,2024.16,0.0,0.091,-0.021
1464,11,8,2023,337635.29,7.75,4.158,3.684,7.14362832478569,6.68,6.987802,0,0,51.22,0.0,0.051,0.006
1465,14,8,2023,336305.72,7.75,4.201,3.703,7.14362832478569,6.74,7.041604,0,0,-1329.57,0.0,0.043,0.019
1466,15,8,2023,335618.75,7.75,4.215,3.719,7.14362832478569,6.77,7.069537,0,0,-686.97,0.0,0.014,0.016
1467,16,8,2023,334956.91,7.75,4.252,3.717,7.14362832478569,6.8,7.096537,0,0,-661.84,0.0,0.037,-0.002
1468,17,8,2023,332596.6,7.75,4.278,3.73,7.14362832478569,6.9,7.193537,0,0,-2360.31,0.0,0.026,0.013
1469,18,8,2023,330742.16,7.75,4.256,3.72,7.14362832478569,6.98,7.270537,0,0,-1854.44,0.0,-0.022,-0.01
1470,21,8,2023,328572.18,7.75,4.341,3.722,7.14362832478569,7.08,7.361537,0,0,-2169.98,0.0,0.085,0.002
1471,22,8,2023,328880.75,7.75,4.327,3.729,7.14362832478569,7.07,7.348537,0,0,308.57,0.0,-0.014,0.007
1472,23,8,2023,331583.0,7.75,4.195,3.716,7.14362832478569,6.96,7.235537,0,0,2702.25,0.0,-0.132,-0.013
1473,24,8,2023,332862.91,7.75,4.238,3.701,7.14362832478569,6.91,7.182537,0,0,1279.91,0.0,0.043,-0.015
1474,25,8,2023,333178.08,7.75,4.237,3.699,7.14362832478569,6.9,7.169537,0,0,315.17,0.0,-0.001,-0.002
1475,28,8,2023,334859.05,7.75,4.205,3.699,7.14362832478569,6.84,7.100537,0,0,1680.97,0.0,-0.032,0.0
1476,29,8,2023,337394.09,7.75,4.123,3.696,7.14362832478569,6.74,6.997537,0,0,2535.03,0.0,-0.082,-0.003
1477,30,8,2023,337468.39,7.75,4.116,3.696,7.14362832478569,6.74,6.994537,1,0,74.3,0.0,-0.007,0.0
1478,31,8,2023,339034.89,7.75,4.109,3.699,7.14362832478569,6.68,6.931537,0,0,1566.5,0.0,-0.007,0.003
1479,1,9,2023,336381.28,7.75,4.18,3.695,7.17510798396905,6.79,7.038537,0,0,-2653.61,0.0,0.071,-0.004
1480,4,9,2023,334639.02,7.75,4.18,3.698,7.17510798396905,6.87,7.109537,0,0,-1742.26,0.0,0.0,0.003
1481,5,9,2023,334468.04,7.75,4.263,3.709,7.17510798396905,6.88,7.116537,0,0,-170.98,0.0,0.083,0.011
1482,6,9,2023,332113.32,7.75,4.282,3.708,7.17510798396905,6.98,7.213537,0,0,-2354.72,0.0,0.019,-0.001
1483,7,9,2023,333396.57,7.75,4.247,3.713,7.17510798396905,6.93,7.160537,0,0,1283.25,0.0,-0.035,0.005
1484,8,9,2023,335422.45,7.75,4.267,3.716,7.17510798396905,6.85,7.077537,0,0,2025.88,0.0,0.02,0.003
1485,11,9,2023,336135.01,7.75,4.292,3.704,7.17510798396905,6.83,7.048537,0,0,712.56,0.0,0.025,-0.012
1486,12,9,2023,336208.86,7.75,4.283,3.708,7.17510798396905,6.83,7.045537,0,0,73.85,0.0,-0.009,0.004
1487,13,9,2023,336282.74,7.75,4.251,3.706,7.17510798396905,6.83,7.042537,0,0,73.88,0.0,-0.032,-0.002
1488,14,9,2023,336850.02,7.75,4.289,3.712,7.17510798396905,6.81,7.019537,0,0,567.28,0.0,0.038,0.006
1489,15,9,2023,338411.86,7.5,4.334,3.722,7.17510798396905,6.75,6.956537,0,0,1561.84,-0.25,0.045,0.01
1490,18,9,2023,338994.54,7.5,4.304,3.714,7.17510798396905,6.79,6.933154,0,0,582.68,0.0,-0.03,-0.008
1491,19,9,2023,336541.78,7.5,4.36,3.717,7.17510798396905,6.91,7.032026,0,0,-2452.76,0.0,0.056,0.003
1492,20,9,2023,337806.52,7.5,4.409,3.718,7.17510798396905,6.88,6.980898,0,0,1264.73,0.0,0.049,0.001
1493,21,9,2023,334877.8,7.5,4.496,3.744,7.17510798396905,7.02,7.099771,0,0,-2928.72,0.0,0.087,0.026
1494,22,9,2023,336625.23,7.5,4.435,3.748,7.17510798396905,6.97,7.028643,0,0,1747.43,0.0,-0.061,0.004
1495,25,9,2023,333767.94,7.5,4.535,3.773,7.17510798396905,7.15,7.14526,0,0,-2857.29,0.0,0.1,0.025
1496,26,9,2023,332582.2,7.5,4.537,3.787,7.17510798396905,7.22,7.194133,0,0,-1185.74,0.0,0.002,0.014
1497,27,9,2023,327591.04,7.5,4.609,3.799,7.17510798396905,7.45,7.403005,0,1,-4836.9,0.0,0.072,0.012
1498,28,9,2023,329992.2,7.5,4.576,3.806,7.17510798396905,7.37,7.301877,0,0,2401.16,0.0,-0.033,0.007
1499,29,9,2023,333877.72,7.5,4.572,3.797,7.17510798396905,7.23,7.14075,0,0,3885.53,0.0,-0.004,-0.009
1500,2,10,2023,332745.94,7.5,4.68,3.807,7.19725311317078,7.34,7.187367,0,0,-1131.78,0.0,0.108,0.01
1501,3,10,2023,329888.04,7.5,4.797,3.812,7.19725311317078,7.48,7.306239,0,0,-2857.91,0.0,0.117,0.005
1502,4,10,2023,329914.96,7.5,4.734,3.818,7.19725311317078,7.5,7.305112,0,0,26.92,0.0,-0.063,0.006
1503,5,10,2023,328751.41,7.5,4.72,3.826,7.19725311317078,7.57,7.353984,0,0,-1163.55,0.0,-0.014,0.008
1504,6,10,2023,329491.72,7.25,4.803,3.828,7.19725311317078,7.56,7.322856,0,0,740.31,-0.25,0.083,0.002
1505,9,10,2023,331970.08,7.25,4.803,3.837,7.19725311317078,7.52,7.219473,0,0,2478.36,0.0,0.0,0.009
1506,10,10,2023,333449.79,7.25,4.654,3.828,7.19725311317078,7.48,7.158346,0,0,1479.71,0.0,-0.149,-0.009
1507,11,10,2023,332749.54,7.25,4.559,3.826,7.19725311317078,7.53,7.187218,0,0,-700.24,0.0,-0.095,-0.002
1508,12,10,2023,330369.63,7.25,4.699,3.841,7.19725311317078,7.65,7.286091,0,0,-2379.92,0.0,0.14,0.015
1509,13,10,2023,330157.42,7.25,4.613,3.85,7.19725311317078,7.68,7.294963,0,0,-212.21,0.0,-0.086,0.009
1510,16,10,2023,329843.71,7.25,4.707,3.859,7.19725311317078,7.72,7.308096,0,0,-313.71,0.0,0.094,0.009
1511,17,10,2023,330192.77,7.25,4.836,3.861,7.19725311317078,7.69,7.293484,0,0,349.05,0.0,0.129,0.002
1512,18,10,2023,329110.46,7.25,4.916,3.872,7.19725311317078,7.72,7.338873,0,0,-1082.31,0.0,0.08,0.011
1513,19,10,2023,328033.93,7.25,4.991,3.873,7.19725311317078,7.75,7.384261,0,0,-1076.53,0.0,0.075,0.001
1514,20,10,2023,327434.27,7.25,4.916,3.876,7.19725311317078,7.76,7.409649,0,0,-599.66,0.0,-0.075,0.003
1515,23,10,2023,327053.39,7.25,4.851,3.877,7.19725311317078,7.73,7.425815,0,0,-380.88,0.0,-0.065,0.001
1516,24,10,2023,328343.06,7.25,4.825,3.87,7.19725311317078,7.66,7.371203,0,0,1289.67,0.0,-0.026,-0.007
1517,25,10,2023,326799.87,7.25,4.957,3.871,7.19725311317078,7.71,7.436591,0,0,-1543.19,0.0,0.132,0.001
1518,26,10,2023,327143.68,7.25,4.846,3.872,7.19725311317078,7.68,7.42198,0,0,343.81,0.0,-0.111,0.001
1519,27,10,2023,326546.67,7.25,4.837,3.863,7.19725311317078,7.69,7.447368,0,0,-597.01,0.0,-0.009,-0.009
1520,30,10,2023,326167.48,7.25,4.895,3.851,7.19725311317078,7.66,7.463533,0,0,-379.19,0.0,0.058,-0.012
1521,31,10,2023,325807.17,7.25,4.932,3.842,7.19725311317078,7.66,7.478922,0,0,-360.31,0.0,0.037,-0.009
1522,1,11,2023,325447.52,7.25,4.735,3.842,7.22165175316325,7.66,7.49431,1,0,-359.66,0.0,-0.197,0.0
1523,2,11,2023,333174.17,7.25,4.66,3.807,7.22165175316325,7.32,7.169698,0,1,4874.69,0.0,-0.075,-0.035
1524,3,11,2023,333528.98,7.25,4.573,3.759,7.22165175316325,7.29,7.155087,0,1,354.81,0.0,-0.087,-0.042
1525,6,11,2023,333379.2,7.25,4.644,3.765,7.22165175316325,7.25,7.161252,0,0,-149.78,0.0,0.071,0.006
1526,7,11,2023,333491.23,7.25,4.568,3.775,7.22165175316325,7.23,7.15664,0,0,112.03,0.0,-0.076,0.01
1527,8,11,2023,335312.3,7.25,4.494,3.797,7.22165175316325,7.14,7.082028,0,0,1821.07,0.0,-0.074,0.022
1528,9,11,2023,334446.56,7.25,4.626,3.797,7.22165175316325,7.16,7.117417,0,0,-865.74,0.0,0.132,0.0
1529,10,11,2023,333584.44,7.0,4.653,3.813,7.22165175316325,7.18,7.152805,0,0,-862.12,-0.25,0.027,0.016
1530,13,11,2023,331982.22,7.0,4.641,3.813,7.22165175316325,7.2,7.21897,0,0,-1602.22,0.0,-0.012,0.0
1531,14,11,2023,334521.23,7.0,4.448,3.777,7.22165175316325,7.08,7.114359,0,0,2539.01,0.0,-0.193,-0.036
1532,15,11,2023,332930.51,7.0,4.532,3.775,7.22165175316325,7.13,7.179747,0,0,-1590.72,0.0,0.084,-0.002
1533,16,11,2023,333149.73,7.0,4.437,3.772,7.22165175316325,7.11,7.170706,0,0,219.21,0.0,-0.095,-0.003
1534,17,11,2023,332641.91,7.0,4.436,3.775,7.22165175316325,7.12,7.191665,0,0,-507.81,0.0,-0.001,0.003
1535,20,11,2023,332814.36,7.0,4.421,3.749,7.22165175316325,7.08,7.184542,0,0,172.45,0.0,-0.015,-0.026
1536,21,11,2023,333033.45,7.0,4.394,3.745,7.22165175316325,7.06,7.1755,0,0,219.09,0.0,-0.027,-0.004
1537,22,11,2023,332042.79,7.0,4.406,3.746,7.22165175316325,7.09,7.216459,0,0,-990.66,0.0,0.012,0.001
1538,23,11,2023,330337.86,7.0,4.406,3.741,7.22165175316325,7.15,7.287418,0,0,-1704.93,0.0,0.0,-0.005
1539,24,11,2023,329360.22,7.0,4.468,3.739,7.22165175316325,7.18,7.328377,0,0,-977.64,0.0,0.062,-0.002
1540,27,11,2023,327632.37,7.0,4.388,3.729,7.22165175316325,7.22,7.401254,0,0,-1727.85,0.0,-0.08,-0.01
1541,28,11,2023,326902.84,7.0,4.322,3.732,7.22165175316325,7.24,7.432213,0,0,-729.54,0.0,-0.066,0.003
1542,29,11,2023,328059.7,7.0,4.256,3.737,7.22165175316325,7.18,7.383172,0,0,1156.87,0.0,-0.066,0.005
1543,30,11,2023,327328.61,7.0,4.327,3.739,7.22165175316325,7.2,7.414131,0,0,-731.09,0.0,0.071,0.002
1544,1,12,2023,329438.52,7.0,4.197,3.737,7.24698780702238,7.1,7.325089,0,0,2109.9,0.0,-0.13,-0.002
1545,4,12,2023,328656.9,7.0,4.255,3.744,7.24698780702238,7.1,7.357966,0,0,-781.62,0.0,0.058,0.007
1546,5,12,2023,329823.93,7.0,4.166,3.755,7.24698780702238,7.04,7.308925,0,0,1167.03,0.0,-0.089,0.011
1547,6,12,2023,333412.42,7.0,4.105,3.757,7.24698780702238,6.88,7.159884,0,0,3588.5,0.0,-0.061,0.002
1548,7,12,2023,332178.35,7.0,4.15,3.757,7.24698780702238,6.92,7.210843,0,0,-1234.07,0.0,0.045,0.0
1549,8,12,2023,331913.93,7.0,4.227,3.757,7.24698780702238,6.92,7.221802,1,0,-264.42,0.0,0.077,0.0
1550,11,12,2023,327764.03,7.0,4.234,3.774,7.24698780702238,7.061,7.395679,0,0,-4149.89,0.0,0.007,0.017
1551,12,12,2023,327057.56,7.0,4.202,3.778,7.24698780702238,7.08,7.425637,0,0,-706.48,0.0,-0.032,0.004
1552,13,12,2023,329402.63,7.0,4.017,3.785,7.24698780702238,6.97,7.326596,0,0,2345.07,0.0,-0.185,0.007
1553,14,12,2023,334443.18,7.0,3.922,3.772,7.24698780702238,6.75,7.117555,0,1,4874.69,0.0,-0.095,-0.013
1554,15,12,2023,333688.78,6.75,3.912,3.771,7.24698780702238,6.77,7.148514,0,0,-754.39,-0.25,-0.01,-0.001
1555,18,12,2023,332470.32,6.75,3.933,3.756,7.24698780702238,6.8,7.198759,0,0,-1218.47,0.0,0.021,-0.015
1556,19,12,2023,331824.61,6.75,3.932,3.719,7.24698780702238,6.82,7.225507,0,0,-645.71,0.0,-0.001,-0.037
1557,20,12,2023,332385.8,6.75,3.848,3.712,7.24698780702238,6.79,7.202255,0,0,561.19,0.0,-0.084,-0.007
1558,21,12,2023,331981.42,6.75,3.889,3.709,7.24698780702238,6.8,7.219003,0,0,-404.38,0.0,0.041,-0.003
1559,22,12,2023,331818.71,6.75,3.896,3.69,7.24698780702238,6.8,7.225752,0,0,-162.71,0.0,0.007,-0.019
1560,25,12,2023,331331.37,6.75,3.896,3.69,7.24698780702238,6.8,7.245996,1,0,-487.34,0.0,0.0,0.0
1561,26,12,2023,331409.57,6.75,3.898,3.696,7.24698780702238,6.79,7.242745,0,0,78.2,0.0,0.002,0.006
1562,27,12,2023,333908.33,6.75,3.795,3.694,7.24698780702238,6.68,7.139493,0,0,2498.76,0.0,-0.103,-0.002
1563,28,12,2023,334231.25,6.75,3.845,3.705,7.24698780702238,6.66,7.126241,0,0,322.92,0.0,0.05,0.011
1564,29,12,2023,333337.01,6.75,3.88,3.713,7.24698780702238,6.69,7.162989,0,0,-894.24,0.0,0.035,0.008
1565,1,1,2024,332846.03,6.75,3.88,3.713,7.26723288217075,6.69,7.183234,1,0,-490.98,0.0,0.0,0.0
1566,2,1,2024,332682.63,6.75,3.931,3.713,7.26723288217075,6.69,7.189982,1,0,-163.4,0.0,0.051,0.0
1567,3,1,2024,330354.32,6.75,3.918,3.738,7.26723288217075,6.78,7.28673,0,0,-2328.32,0.0,-0.013,0.025
1568,4,1,2024,328763.41,6.75,4.001,3.74,7.26723288217075,6.84,7.353479,0,0,-1590.91,0.0,0.083,0.002
1569,5,1,2024,328366.18,6.75,4.047,3.723,7.26723288217075,6.85,7.370227,0,0,-397.22,0.0,0.046,-0.017
1570,8,1,2024,328597.46,6.75,4.031,3.719,7.26723288217075,6.82,7.360472,0,0,231.28,0.0,-0.016,-0.004
1571,9,1,2024,329149.78,6.75,4.014,3.708,7.26723288217075,6.79,7.33722,0,0,552.32,0.0,-0.017,-0.011
1572,10,1,2024,330659.93,6.75,4.029,3.704,7.26723288217075,6.72,7.273968,0,0,1510.15,0.0,0.015,-0.004
1573,11,1,2024,332664.87,6.75,3.967,3.703,7.26723288217075,6.63,7.190716,0,0,2004.94,0.0,-0.062,-0.001
1574,12,1,2024,334445.4,6.5,3.941,3.696,7.26723288217075,6.55,7.117464,0,0,1780.53,-0.25,-0.026,-0.007
1575,15,1,2024,333708.37,6.5,3.941,3.704,7.26723288217075,6.56,7.147709,0,0,-737.03,0.0,0.0,0.008
1576,16,1,2024,333024.35,6.5,4.059,3.718,7.26723288217075,6.59,7.175876,0,0,-684.02,0.0,0.118,0.014
1577,17,1,2024,331138.0,6.5,4.104,3.739,7.26723288217075,6.67,7.254042,0,0,-1886.35,0.0,0.045,0.021
1578,18,1,2024,330702.09,6.5,4.143,3.742,7.26723288217075,6.69,7.272209,0,0,-435.91,0.0,0.039,0.003
1579,19,1,2024,331466.56,6.5,4.124,3.743,7.26723288217075,6.66,7.240375,0,0,764.47,0.0,-0.019,0.001
1580,22,1,2024,332806.28,6.5,4.106,3.746,7.26723288217075,6.61,7.184875,0,0,1339.72,0.0,-0.018,0.003
1581,23,1,2024,332366.79,6.5,4.13,3.755,7.26723288217075,6.63,7.203042,0,0,-439.49,0.0,0.024,0.009
1582,24,1,2024,331928.24,6.5,4.177,3.76,7.26723288217075,6.65,7.221208,0,0,-438.55,0.0,0.047,0.005
1583,25,1,2024,332213.8,6.5,4.119,3.765,7.26723288217075,6.64,7.209375,0,0,285.56,0.0,-0.058,0.005
1584,26,1,2024,331294.22,6.5,4.138,3.786,7.26723288217075,6.68,7.247541,0,0,-919.58,0.0,0.019,0.021
1585,29,1,2024,331908.16,6.5,4.075,3.807,7.26723288217075,6.66,7.222041,0,0,613.94,0.0,-0.063,0.021
1586,30,1,2024,332193.69,6.5,4.033,3.813,7.26723288217075,6.65,7.210208,0,0,285.53,0.0,-0.042,0.006
1587,31,1,2024,333449.1,6.5,3.913,3.808,7.26723288217075,6.6,7.158374,0,0,1255.41,0.0,-0.12,-0.005
1588,1,2,2024,335201.71,6.5,3.881,3.808,7.28468226524693,6.53,7.086541,0,0,1752.61,0.0,-0.032,0.0
1589,2,2,2024,331122.03,6.5,4.022,3.829,7.28468226524693,6.7,7.254707,0,0,-4079.68,0.0,0.141,0.021
1590,5,2,2024,325800.49,6.5,4.159,3.852,7.28468226524693,6.93,7.479207,0,1,-4836.9,0.0,0.137,0.023
1591,6,2,2024,330338.92,6.5,4.101,3.858,7.28468226524693,6.74,7.287374,0,0,4538.43,0.0,-0.058,0.006
1592,7,2,2024,331342.33,6.5,4.122,3.868,7.28468226524693,6.7,7.24554,0,0,1003.41,0.0,0.021,0.01
1593,8,2,2024,330666.19,6.5,4.155,3.854,7.28468226524693,6.73,7.273707,0,0,-676.14,0.0,0.033,-0.014
1594,9,2,2024,331190.11,6.25,4.176,3.868,7.28468226524693,6.71,7.251873,0,0,523.92,-0.25,0.021,0.014
1595,12,2,2024,331322.31,6.25,4.18,3.869,7.28468226524693,6.71,7.246373,0,0,132.2,0.0,0.004,0.001
1596,13,2,2024,329928.62,6.25,4.315,3.883,7.28468226524693,6.77,7.30454,0,0,-1393.69,0.0,0.135,0.014
1597,14,2,2024,330690.17,6.25,4.257,3.877,7.28468226524693,6.74,7.272706,0,0,761.55,0.0,-0.058,-0.006
1598,15,2,2024,331695.32,6.25,4.232,3.87,7.28468226524693,6.7,7.230873,0,0,1005.15,0.0,-0.025,-0.007
1599,16,2,2024,331893.74,6.25,4.281,3.844,7.28468226524693,6.7,7.222639,0,0,198.42,0.0,0.049,-0.026
1600,19,2,2024,332490.17,6.25,4.281,3.807,7.28468226524693,6.7,7.197938,0,0,596.43,0.0,0.0,-0.037
1601,20,2,2024,332447.47,6.25,4.276,3.784,7.28468226524693,6.71,7.199704,0,0,-42.7,0.0,-0.005,-0.023
1602,21,2,2024,331921.93,6.25,4.32,3.797,7.28468226524693,6.74,7.22147,0,0,-525.54,0.0,0.044,0.013
1603,22,2,2024,331638.4,6.25,4.323,3.807,7.28468226524693,6.76,7.233236,0,0,-283.53,0.0,0.003,0.01
1604,23,2,2024,330635.14,6.25,4.249,3.799,7.28468226524693,6.81,7.275003,0,0,-1003.26,0.0,-0.074,-0.008
1605,26,2,2024,329314.41,6.25,4.28,3.803,7.28468226524693,6.89,7.330301,0,0,-1320.73,0.0,0.031,0.004
1606,27,2,2024,330226.64,6.25,4.304,3.793,7.28468226524693,6.86,7.292068,0,0,912.24,0.0,0.024,-0.01
1607,28,2,2024,330902.94,6.25,4.265,3.797,7.28468226524693,6.84,7.263834,0,0,676.29,0.0,-0.039,0.004
1608,29,2,2024,330620.82,6.25,4.251,3.782,7.28468226524693,6.86,7.2756,0,0,-282.11,0.0,-0.014,-0.015
1609,1,3,2024,331538.97,6.25,4.182,3.773,7.2978830993878,6.83,7.237366,0,0,918.15,0.0,-0.069,-0.009
1610,4,3,2024,330930.98,6.25,4.214,3.771,7.2978830993878,6.88,7.262665,0,0,-607.99,0.0,0.032,-0.002
1611,5,3,2024,330648.83,6.25,4.153,3.77,7.2978830993878,6.9,7.274431,0,0,-282.15,0.0,-0.061,-0.001
1612,6,3,2024,329650.44,6.25,4.104,3.736,7.2978830993878,6.95,7.316197,0,0,-998.39,0.0,-0.049,-0.034
1613,7,3,2024,330085.7,6.25,4.085,3.726,7.2978830993878,6.94,7.297964,0,0,435.26,0.0,-0.019,-0.01
1614,8,3,2024,329566.22,6.25,4.076,3.696,7.2978830993878,6.97,7.31973,0,0,-519.47,0.0,-0.009,-0.03
1615,11,3,2024,328964.12,6.25,4.099,3.692,7.2978830993878,7.02,7.345029,0,0,-602.11,0.0,0.023,-0.004
1616,12,3,2024,328684.69,6.25,4.153,3.695,7.2978830993878,7.04,7.356795,0,0,-279.42,0.0,0.054,0.003
1617,13,3,2024,330071.42,6.25,4.191,3.671,7.2978830993878,6.99,7.298561,0,0,1386.73,0.0,0.038,-0.024
1618,14,3,2024,329551.98,6.25,4.291,3.677,7.2978830993878,7.02,7.320327,0,0,-519.44,0.0,0.1,0.006
1619,15,3,2024,331184.82,6.25,4.307,3.692,7.2978830993878,6.96,7.252094,0,0,1632.83,0.0,0.016,0.015
1620,18,3,2024,331297.14,6.25,4.325,3.698,7.2978830993878,6.99,7.24742,0,0,112.33,0.0,0.018,0.006
1621,19,3,2024,331816.05,6.25,4.294,3.703,7.2978830993878,6.98,7.225862,0,0,518.91,0.0,-0.031,0.005
1622,20,3,2024,331131.72,6.25,4.274,3.696,7.2978830993878,7.02,7.254304,0,0,-684.34,0.0,-0.02,-0.007
1623,21,3,2024,331891.16,6.25,4.268,3.701,7.2978830993878,7.0,7.222746,0,0,759.45,0.0,-0.006,0.005
1624,22,3,2024,333623.76,6.25,4.199,3.694,7.2978830993878,6.94,7.151188,0,0,1732.59,0.0,-0.069,-0.007
1625,25,3,2024,332766.59,6.25,4.246,3.707,7.2978830993878,7.01,7.186514,0,0,-857.17,0.0,0.047,0.013
1626,26,3,2024,325432.42,6.25,4.233,3.727,7.2978830993878,7.33,7.494956,0,1,-4836.9,0.0,-0.013,0.02
1627,27,3,2024,325468.8,6.25,4.191,3.721,7.2978830993878,7.34,7.493398,0,0,36.38,0.0,-0.042,-0.006
1628,28,3,2024,325738.9,6.25,4.201,3.721,7.2978830993878,7.34,7.48184,1,0,270.1,0.0,0.01,0.0
1629,29,3,2024,326009.37,6.25,4.201,3.721,7.2978830993878,7.34,7.470282,1,0,270.47,0.0,0.0,0.0
1630,1,4,2024,322175.26,6.25,4.311,3.734,7.31584300766355,7.54,7.635609,0,0,-3834.11,0.0,0.11,0.013
1631,2,4,2024,323594.19,6.25,4.35,3.711,7.31584300766355,7.49,7.574051,0,0,1418.93,0.0,0.039,-0.023
1632,3,4,2024,330695.29,6.25,4.348,3.694,7.31584300766355,7.2,7.272493,0,1,4874.69,0.0,-0.002,-0.017
1633,4,4,2024,331934.83,6.25,4.31,3.685,7.31584300766355,7.16,7.220935,0,0,1239.55,0.0,-0.038,-0.009
1634,5,4,2024,330769.98,6.25,4.404,3.691,7.31584300766355,7.22,7.269377,0,0,-1164.85,0.0,0.094,0.006
1635,8,4,2024,330882.08,6.25,4.422,3.681,7.31584300766355,7.25,7.264703,0,0,112.1,0.0,0.018,-0.01
1636,9,4,2024,330440.12,6.25,4.363,3.693,7.31584300766355,7.28,7.283145,0,0,-441.96,0.0,-0.059,0.012
1637,10,4,2024,328333.95,6.25,4.545,3.71,7.31584300766355,7.38,7.371587,0,0,-2106.17,0.0,0.182,0.017
1638,11,4,2024,326954.2,6.25,4.589,3.711,7.31584300766355,7.45,7.430029,0,0,-1379.75,0.0,0.044,0.001
1639,12,4,2024,329596.22,6.0,4.523,3.707,7.31584300766355,7.35,7.318471,0,0,2642.02,-0.25,-0.066,-0.004
1640,15,4,2024,327808.47,6.0,4.603,3.725,7.31584300766355,7.46,7.393798,0,0,-1787.75,0.0,0.08,0.018
1641,16,4,2024,324291.2,6.0,4.668,3.755,7.31584300766355,7.6,7.543974,0,0,-3517.27,0.0,0.065,0.03
1642,17,4,2024,324519.39,6.0,4.588,3.749,7.31584300766355,7.58,7.53415,0,0,228.19,0.0,-0.08,-0.006
1643,18,4,2024,324051.01,6.0,4.634,3.744,7.31584300766355,7.59,7.554326,0,0,-468.38,0.0,0.046,-0.005
1644,19,4,2024,325910.58,6.0,4.622,3.702,7.31584300766355,7.5,7.474502,0,1,1859.56,0.0,-0.012,-0.042
1645,22,4,2024,328964.06,6.0,4.61,3.701,7.31584300766355,7.34,7.345031,0,0,3053.48,0.0,-0.012,-0.001
1646,23,4,2024,329674.06,6.0,4.601,3.701,7.31584300766355,7.3,7.315207,0,0,709.99,0.0,-0.009,0.0
1647,24,4,2024,328480.98,6.0,4.643,3.724,7.31584300766355,7.34,7.365383,0,0,-1193.08,0.0,0.042,0.023
1648,25,4,2024,327766.85,6.0,4.705,3.745,7.31584300766355,7.36,7.395559,0,0,-714.13,0.0,0.062,0.021
1649,26,4,2024,327290.78,6.0,4.665,3.756,7.31584300766355,7.37,7.415736,0,0,-476.06,0.0,-0.04,0.011
1650,29,4,2024,326925.15,6.0,4.615,3.734,7.31584300766355,7.355,7.431264,0,0,-365.63,0.0,-0.05,-0.022
1651,30,4,2024,328219.02,6.0,4.681,3.752,7.31584300766355,7.29,7.37644,0,0,1293.86,0.0,0.066,0.018
1652,1,5,2024,327978.22,6.0,4.629,3.752,7.33449208803608,7.29,7.386616,1,0,-240.79,0.0,-0.052,0.0
1653,2,5,2024,329397.95,6.0,4.582,3.757,7.33449208803608,7.22,7.326793,0,0,1419.73,0.0,-0.047,0.005
1654,3,5,2024,332030.5,6.0,4.51,3.726,7.33449208803608,7.1,7.216969,0,0,2632.55,0.0,-0.072,-0.031
1655,6,5,2024,331295.28,6.0,4.488,3.73,7.33449208803608,7.1,7.247497,0,0,-735.22,0.0,-0.022,0.004
1656,7,5,2024,332254.89,6.0,4.458,3.728,7.33449208803608,7.05,7.207674,0,0,959.61,0.0,-0.03,-0.002
1657,8,5,2024,330088.42,6.0,4.495,3.724,7.33449208803608,7.13,7.29785,0,0,-2166.46,0.0,0.037,-0.004
1658,9,5,2024,329845.39,6.0,4.454,3.713,7.33449208803608,7.13,7.308026,0,0,-243.03,0.0,-0.041,-0.011
1659,10,5,2024,329841.18,5.75,4.497,3.708,7.33449208803608,7.12,7.308202,0,0,-4.21,-0.25,0.043,-0.005
1660,13,5,2024,329828.57,5.75,4.487,3.723,7.33449208803608,7.09,7.308731,0,0,-12.61,0.0,-0.01,0.015
1661,14,5,2024,329038.32,5.75,4.44,3.728,7.33449208803608,7.113,7.341907,0,0,-790.25,0.0,-0.047,0.005
1662,15,5,2024,330058.95,5.75,4.341,3.718,7.33449208803608,7.06,7.299083,0,0,1020.63,0.0,-0.099,-0.01
1663,16,5,2024,330039.21,5.75,4.376,3.728,7.33449208803608,7.06,7.299909,0,0,-19.74,0.0,0.035,0.01
1664,17,5,2024,330019.47,5.75,4.422,3.742,7.33449208803608,7.06,7.300736,0,0,-19.74,0.0,0.046,0.014
1665,20,5,2024,329817.02,5.75,4.445,3.736,7.33449208803608,7.066,7.309215,0,0,-202.45,0.0,0.023,-0.006
1666,21,5,2024,330179.46,5.75,4.413,3.733,7.33449208803608,7.05,7.294041,0,0,362.45,0.0,-0.032,-0.003
1667,22,5,2024,329205.74,5.75,4.424,3.743,7.33449208803608,7.09,7.334867,0,0,-973.72,0.0,0.011,0.01
1668,23,5,2024,328473.63,5.75,4.478,3.746,7.33449208803608,7.12,7.365693,0,0,-732.12,0.0,0.054,0.003
1669,24,5,2024,329166.43,5.75,4.466,3.739,7.33449208803608,7.09,7.33652,0,0,692.8,0.0,-0.012,-0.007
1670,27,5,2024,330300.05,5.75,4.466,3.748,7.33449208803608,7.04,7.288999,0,0,1133.62,0.0,0.0,0.009
1671,28,5,2024,328612.8,5.75,4.551,3.75,7.33449208803608,7.11,7.359825,0,0,-1687.25,0.0,0.085,0.002
1672,29,5,2024,328593.2,5.75,4.614,3.762,7.33449208803608,7.11,7.360651,0,0,-19.6,0.0,0.063,0.012
1673,30,5,2024,328099.79,5.75,4.547,3.753,7.33449208803608,7.13,7.381478,0,0,-493.41,0.0,-0.067,-0.009
1674,31,5,2024,329743.31,5.75,4.5,3.741,7.33449208803608,7.06,7.312304,0,0,1643.52,0.0,-0.047,-0.012
1675,3,6,2024,331120.22,5.75,4.389,3.736,7.35311943421423,7.0,7.254783,0,0,1376.91,0.0,-0.111,-0.005
1676,4,6,2024,331100.37,5.75,4.327,3.74,7.35311943421423,7.0,7.255609,0,0,-19.85,0.0,-0.062,0.004
1677,5,6,2024,330840.53,5.75,4.276,3.747,7.35311943421423,7.01,7.266435,0,0,-259.84,0.0,-0.051,0.007
1678,6,6,2024,331300.95,5.75,4.288,3.756,7.35311943421423,6.99,7.247262,0,0,460.42,0.0,0.012,0.009
1679,7,6,2024,331281.08,5.75,4.434,3.756,7.35311943421423,6.99,7.248088,1,0,-19.86,0.0,0.146,0.0
1680,10,6,2024,329546.28,5.75,4.468,3.781,7.35311943421423,7.06,7.320567,0,0,-1734.81,0.0,0.034,0.025
1681,11,6,2024,329526.58,5.75,4.405,3.787,7.35311943421423,7.06,7.321393,0,0,-19.69,0.0,-0.063,0.006
1682,12,6,2024,329984.02,5.75,4.317,3.772,7.35311943421423,7.04,7.302219,0,0,457.44,0.0,-0.088,-0.015
1683,13,6,2024,329964.29,5.75,4.245,3.777,7.35311943421423,7.04,7.303046,0,0,-19.74,0.0,-0.072,0.005
1684,14,6,2024,329467.52,5.75,4.222,3.776,7.35311943421423,7.06,7.323872,0,0,-496.77,0.0,-0.023,-0.001
1685,17,6,2024,328522.52,5.75,4.282,3.796,7.35311943421423,7.09,7.363631,0,0,-945.0,0.0,0.06,0.02
1686,18,6,2024,326529.54,5.75,4.224,3.789,7.35311943421423,7.17,7.448098,0,0,-1992.98,0.0,-0.058,-0.007
1687,19,6,2024,325955.94,5.75,4.224,3.818,7.35311943421423,7.19,7.472564,0,0,-573.6,0.0,0.0,0.029
1688,20,6,2024,326085.52,5.75,4.261,3.814,7.35311943421423,7.18,7.467031,0,0,129.58,0.0,0.037,-0.004
1689,21,6,2024,326215.19,5.75,4.257,3.806,7.35311943421423,7.17,7.461497,0,0,129.67,0.0,-0.004,-0.008
1690,24,6,2024,326135.52,5.75,4.233,3.805,7.35311943421423,7.16,7.464897,0,0,-79.67,0.0,-0.024,-0.001
1691,25,6,2024,326265.22,5.75,4.249,3.817,7.35311943421423,7.15,7.459363,0,0,129.7,0.0,0.016,0.012
1692,26,6,2024,325926.32,5.75,4.33,3.822,7.35311943421423,7.16,7.47383,0,0,-338.91,0.0,0.081,0.005
1693,27,6,2024,327466.18,5.75,4.287,3.825,7.35311943421423,7.09,7.408296,0,0,1539.86,0.0,-0.043,0.003
1694,28,6,2024,328069.37,5.75,4.397,3.837,7.35311943421423,7.06,7.382763,0,0,603.19,0.0,0.11,0.012
1695,1,7,2024,326809.95,5.75,4.462,3.851,7.37119365001268,7.1,7.436163,0,0,-1259.42,0.0,0.065,0.014
1696,2,7,2024,326470.12,5.75,4.433,3.833,7.37119365001268,7.11,7.450629,0,0,-339.83,0.0,-0.029,-0.018
1697,3,7,2024,327305.87,5.75,4.36,3.802,7.37119365001268,7.07,7.415096,0,0,835.75,0.0,-0.073,-0.031
1698,4,7,2024,327436.33,5.75,4.36,3.802,7.37119365001268,7.06,7.409562,0,0,130.46,0.0,0.0,0.0
1699,5,7,2024,328039.43,5.75,4.279,3.797,7.37119365001268,7.03,7.384029,0,0,603.1,0.0,-0.081,-0.005
1700,8,7,2024,327486.67,5.75,4.28,3.797,7.37119365001268,7.04,7.407428,0,0,-552.77,0.0,0.001,0.0
1701,9,7,2024,327145.68,5.75,4.297,3.789,7.37119365001268,7.05,7.421895,0,0,-340.98,0.0,0.017,-0.008
1702,10,7,2024,328694.99,5.75,4.285,3.785,7.37119365001268,6.98,7.356361,0,0,1549.3,0.0,-0.012,-0.004
1703,11,7,2024,330495.61,5.75,4.211,3.771,7.37119365001268,6.9,7.280828,0,0,1800.62,0.0,-0.074,-0.014
1704,12,7,2024,331348.25,5.75,4.184,3.74,7.37119365001268,6.86,7.245294,0,0,852.64,0.0,-0.027,-0.031
1705,15,7,2024,330307.34,5.75,4.23,3.733,7.37119365001268,6.89,7.288694,0,0,-1040.91,0.0,0.046,-0.007
1706,16,7,2024,330008.3,5.75,4.159,3.725,7.37119365001268,6.89,7.301203,0,0,-299.04,0.0,-0.071,-0.008
1707,17,7,2024,329948.37,5.75,4.159,3.723,7.37119365001268,6.88,7.303712,0,0,-59.93,0.0,0.0,-0.002
1708,18,7,2024,328935.76,5.75,4.203,3.735,7.37119365001268,6.91,7.346222,0,0,-1012.61,0.0,0.044,0.012
1709,19,7,2024,327455.93,5.75,4.24,3.743,7.37119365001268,6.96,7.408731,0,0,-1479.84,0.0,0.037,0.008
1710,22,7,2024,326807.68,5.75,4.254,3.758,7.37119365001268,6.95,7.436259,0,0,-648.25,0.0,0.014,0.015
1711,23,7,2024,326513.79,5.75,4.252,3.758,7.37119365001268,6.95,7.448769,1,0,-293.89,0.0,-0.002,0.0
1712,24,7,2024,325518.33,5.75,4.285,3.778,7.37119365001268,6.98,7.491278,0,0,-995.46,0.0,0.033,0.02
1713,25,7,2024,325693.38,5.75,4.242,3.764,7.37119365001268,6.96,7.483787,0,0,175.05,0.0,-0.043,-0.014
1714,26,7,2024,325401.13,5.75,4.195,3.764,7.37119365001268,6.96,7.496297,1,0,-292.25,0.0,-0.047,0.0
1715,29,7,2024,324526.95,5.75,4.175,3.764,7.37119365001268,6.96,7.533825,1,0,-874.18,0.0,-0.02,0.0
1716,30,7,2024,324933.9,5.75,4.14,3.742,7.37119365001268,6.93,7.516334,0,0,406.95,0.0,-0.035,-0.022
1717,31,7,2024,325341.68,5.75,4.032,3.722,7.37119365001268,6.9,7.498844,0,0,407.78,0.0,-0.108,-0.02
1718,1,8,2024,327630.03,5.75,3.977,3.741,7.38335903859675,6.79,7.401353,0,0,2288.35,0.0,-0.055,0.019
1719,2,8,2024,329706.13,5.75,3.791,3.748,7.38335903859675,6.69,7.313862,0,0,2076.1,0.0,-0.186,0.007
1720,5,8,2024,327865.36,5.75,3.789,3.754,7.38335903859675,6.73,7.39139,0,0,-1840.77,0.0,-0.002,0.006
1721,6,8,2024,327569.92,5.75,3.893,3.754,7.38335903859675,6.73,7.4039,1,0,-295.44,0.0,0.104,0.0
1722,7,8,2024,327983.13,5.75,3.944,3.74,7.38335903859675,6.7,7.386409,0,0,413.21,0.0,0.051,-0.014
1723,8,8,2024,329585.57,5.75,3.99,3.732,7.38335903859675,6.62,7.318918,0,0,1602.44,0.0,0.046,-0.008
1724,9,8,2024,330960.67,5.5,3.941,3.731,7.38335903859675,6.55,7.261428,0,0,1375.11,-0.25,-0.049,-0.001
1725,12,8,2024,330061.99,5.5,3.905,3.747,7.38335903859675,6.55,7.298956,1,0,-898.68,0.0,-0.036,0.016
1726,13,8,2024,329763.31,5.5,3.844,3.75,7.38335903859675,6.55,7.311465,1,0,-298.68,0.0,-0.061,0.003
1727,14,8,2024,329465.07,5.5,3.837,3.744,7.38335903859675,6.55,7.323975,1,0,-298.24,0.0,-0.007,-0.006
1728,15,8,2024,329167.28,5.5,3.914,3.737,7.38335903859675,6.55,7.336484,1,0,-297.8,0.0,0.077,-0.007
1729,16,8,2024,328980.12,5.5,3.884,3.748,7.38335903859675,6.55,7.344355,0,0,-187.16,0.0,-0.03,0.011
1730,19,8,2024,328894.24,5.5,3.872,3.74,7.38335903859675,6.53,7.347969,0,0,-85.87,0.0,-0.012,-0.008
1731,20,8,2024,328707.34,5.5,3.808,3.747,7.38335903859675,6.53,7.355841,0,0,-186.91,0.0,-0.064,0.007
1732,21,8,2024,328046.92,5.5,3.802,3.744,7.38335903859675,6.55,7.383712,0,0,-660.42,0.0,-0.006,-0.003
1733,22,8,2024,326917.64,5.5,3.853,3.76,7.38335903859675,6.59,7.431583,0,0,-1129.28,0.0,0.051,0.016
1734,23,8,2024,328147.66,5.5,3.8,3.748,7.38335903859675,6.53,7.379455,0,0,1230.02,0.0,-0.053,-0.012
1735,26,8,2024,327353.64,5.5,3.817,3.759,7.38335903859675,6.54,7.413069,0,0,-794.01,0.0,0.017,0.011
1736,27,8,2024,326697.66,5.5,3.823,3.748,7.38335903859675,6.56,7.44094,0,0,-655.98,0.0,0.006,-0.011
1737,28,8,2024,326747.68,5.5,3.836,3.743,7.38335903859675,6.55,7.438811,0,0,50.02,0.0,0.013,-0.005
1738,29,8,2024,326797.72,5.5,3.862,3.75,7.38335903859675,6.54,7.436683,0,0,50.04,0.0,0.026,0.007
1739,30,8,2024,326612.76,5.5,3.904,3.75,7.38335903859675,6.54,7.444554,1,0,-184.96,0.0,0.042,0.0
1740,2,9,2024,325824.8,5.5,3.904,3.768,7.39235254636036,6.55,7.478168,0,0,-787.96,0.0,0.0,0.018
1741,3,9,2024,325640.73,5.5,3.832,3.781,7.39235254636036,6.55,7.486039,0,0,-184.07,0.0,-0.072,0.013
1742,4,9,2024,325924.43,5.5,3.756,3.797,7.39235254636036,6.53,7.473911,0,0,283.69,0.0,-0.076,0.016
1743,5,9,2024,325974.26,5.5,3.728,3.796,7.39235254636036,6.52,7.471782,0,0,49.83,0.0,-0.028,-0.001
1744,6,9,2024,326727.9,5.5,3.71,3.781,7.39235254636036,6.48,7.439653,0,0,753.64,0.0,-0.018,-0.015
1745,9,9,2024,327348.96,5.5,3.701,3.816,7.39235254636036,6.43,7.413267,0,0,621.07,0.0,-0.009,0.035
1746,10,9,2024,326928.1,5.5,3.644,3.823,7.39235254636036,6.44,7.431139,0,0,-420.86,0.0,-0.057,0.007
1747,11,9,2024,327685.35,5.5,3.654,3.794,7.39235254636036,6.4,7.39901,0,0,757.25,0.0,0.01,-0.029
1748,12,9,2024,327028.28,5.5,3.675,3.772,7.39235254636036,6.42,7.426881,0,0,-657.07,0.0,0.021,-0.022
1749,13,9,2024,327549.79,5.25,3.653,3.771,7.39235254636036,6.39,7.404753,0,0,521.51,-0.25,-0.022,-0.001
1750,16,9,2024,328715.29,5.25,3.619,3.788,7.39235254636036,6.33,7.355506,0,0,1165.5,0.0,-0.034,0.017
1751,17,9,2024,329785.96,5.25,3.647,3.778,7.39235254636036,6.29,7.310516,0,0,1070.67,0.0,0.028,-0.01
1752,18,9,2024,330862.33,5.25,3.705,3.764,7.39235254636036,6.25,7.265526,0,0,1076.37,0.0,0.058,-0.014
1753,19,9,2024,331703.42,5.25,3.715,3.751,7.39235254636036,6.22,7.230537,0,0,841.09,0.0,0.01,-0.013
1754,20,9,2024,331606.84,5.25,3.742,3.754,7.39235254636036,6.229,7.234547,0,0,-96.58,0.0,0.027,0.003
1755,23,9,2024,331461.7,5.25,3.751,3.773,7.39235254636036,6.25,7.240578,0,0,-145.15,0.0,0.009,0.019
1756,24,9,2024,330860.85,5.25,3.73,3.768,7.39235254636036,6.28,7.265588,0,0,-600.84,0.0,-0.021,-0.005
1757,25,9,2024,330740.7,5.25,3.786,3.767,7.39235254636036,6.29,7.270598,0,0,-120.15,0.0,0.056,-0.001
1758,26,9,2024,330860.36,5.25,3.797,3.737,7.39235254636036,6.29,7.265608,0,0,119.66,0.0,0.011,-0.03
1759,27,9,2024,332183.76,5.25,3.752,3.722,7.39235254636036,6.24,7.210619,0,0,1323.4,0.0,-0.045,-0.015
1760,30,9,2024,333029.83,5.25,3.782,3.714,7.39235254636036,6.22,7.17565,0,0,846.07,0.0,0.03,-0.008
1761,1,10,2024,333150.84,5.25,3.732,3.718,7.40327190339799,6.22,7.17066,0,0,121.01,0.0,-0.05,0.004
1762,2,10,2024,331820.68,5.25,3.783,3.721,7.40327190339799,6.28,7.22567,0,0,-1330.17,0.0,0.051,0.003
1763,3,10,2024,329305.38,5.25,3.847,3.73,7.40327190339799,6.39,7.33068,0,0,-2515.29,0.0,0.064,0.009
1764,4,10,2024,328473.69,5.25,3.968,3.734,7.40327190339799,6.43,7.365691,0,0,-831.69,0.0,0.121,0.004
1765,7,10,2024,327173.31,5.25,4.027,3.744,7.40327190339799,6.5,7.420722,0,0,-1300.38,0.0,0.059,0.01
1766,8,10,2024,327290.87,5.25,4.013,3.744,7.40327190339799,6.5,7.415732,1,0,117.56,0.0,-0.014,0.0
1767,9,10,2024,326702.31,5.25,4.074,3.76,7.40327190339799,6.53,7.440742,0,0,-588.56,0.0,0.061,0.016
1768,10,10,2024,327290.39,5.25,4.063,3.767,7.40327190339799,6.51,7.415752,0,0,588.08,0.0,-0.011,0.007
1769,11,10,2024,329303.43,5.25,4.101,3.759,7.40327190339799,6.43,7.330763,0,0,2013.04,0.0,0.038,-0.008
1770,14,10,2024,330137.57,5.25,4.101,3.763,7.40327190339799,6.41,7.295793,0,0,834.14,0.0,0.0,0.004
1771,15,10,2024,331456.26,5.25,4.034,3.77,7.40327190339799,6.36,7.240804,0,0,1318.69,0.0,-0.067,0.007
1772,16,10,2024,331322.18,5.25,4.014,3.773,7.40327190339799,6.37,7.246378,0,0,-134.07,0.0,-0.02,0.003
1773,17,10,2024,329990.39,5.25,4.092,3.771,7.40327190339799,6.43,7.301953,0,0,-1331.79,0.0,0.078,-0.002
1774,18,10,2024,329857.28,5.25,4.084,3.759,7.40327190339799,6.44,7.307528,0,0,-133.11,0.0,-0.008,-0.012
1775,21,10,2024,326619.86,5.25,4.197,3.767,7.40327190339799,6.59,7.444252,0,0,-3237.42,0.0,0.113,0.008
1776,22,10,2024,325552.24,5.25,4.209,3.759,7.40327190339799,6.64,7.489826,0,0,-1067.62,0.0,0.012,-0.008
1777,23,10,2024,324955.64,5.25,4.247,3.757,7.40327190339799,6.67,7.515401,0,0,-596.61,0.0,0.038,-0.002
1778,24,10,2024,326461.99,5.25,4.213,3.757,7.40327190339799,6.61,7.450976,0,0,1506.35,0.0,-0.034,0.0
1779,25,10,2024,326096.79,5.25,4.241,3.758,7.40327190339799,6.63,7.46655,0,0,-365.2,0.0,0.028,0.001
1780,28,10,2024,325604.87,5.25,4.283,3.775,7.40327190339799,6.6643,7.487574,0,0,-491.92,0.0,0.042,0.017
1781,29,10,2024,323252.16,5.25,4.255,3.772,7.40327190339799,6.77,7.588849,0,0,-2352.71,0.0,-0.028,-0.003
1782,30,10,2024,322662.43,5.25,4.301,3.776,7.40327190339799,6.8,7.614423,0,0,-589.72,0.0,0.046,0.004
1783,31,10,2024,322304.16,5.25,4.285,3.775,7.40327190339799,6.82,7.629998,0,0,-358.27,0.0,-0.016,-0.001
1784,1,11,2024,322405.89,5.25,4.385,3.775,7.41261766929999,6.82,7.625573,1,0,101.73,0.0,0.1,0.0
1785,4,11,2024,324562.47,5.25,4.286,3.774,7.41261766929999,6.74,7.532297,0,0,2156.58,0.0,-0.099,-0.001
1786,5,11,2024,324432.92,5.25,4.273,3.778,7.41261766929999,6.75,7.537871,0,0,-129.55,0.0,-0.013,0.004
1787,6,11,2024,323839.67,5.25,4.433,3.787,7.41261766929999,6.78,7.563446,0,0,-593.25,0.0,0.16,0.009
1788,7,11,2024,326273.26,5.25,4.328,3.76,7.41261766929999,6.68,7.459021,0,0,2433.59,0.0,-0.105,-0.027
1789,8,11,2024,327789.63,5.0,4.305,3.769,7.41261766929999,6.62,7.394595,0,0,1516.37,-0.25,-0.023,0.009
1790,11,11,2024,327630.83,5.0,4.305,3.781,7.41261766929999,6.64,7.401319,0,0,-158.8,0.0,0.0,0.012
1791,12,11,2024,326323.14,5.0,4.429,3.788,7.41261766929999,6.7,7.456894,0,0,-1307.69,0.0,0.124,0.007
1792,13,11,2024,326661.75,5.0,4.452,3.8,7.41261766929999,6.69,7.442468,0,0,338.61,0.0,0.023,0.012
1793,14,11,2024,327236.41,5.0,4.437,3.805,7.41261766929999,6.67,7.418043,0,0,574.66,0.0,-0.015,0.005
1794,15,11,2024,326634.75,5.0,4.44,3.807,7.41261766929999,6.7,7.443618,0,0,-601.66,0.0,0.003,0.002
1795,18,11,2024,326498.84,5.0,4.415,3.799,7.41261766929999,6.7,7.449405,0,0,-135.91,0.0,-0.025,-0.008
1796,19,11,2024,325750.73,5.0,4.397,3.798,7.41261766929999,6.73,7.481335,0,0,-748.11,0.0,-0.018,-0.001
1797,20,11,2024,325238.55,5.0,4.412,3.798,7.41261766929999,6.75,7.503264,0,0,-512.19,0.0,0.015,0.0
1798,21,11,2024,325894.41,5.0,4.423,3.797,7.41261766929999,6.72,7.475193,0,0,655.87,0.0,0.011,-0.001
1799,22,11,2024,326552.44,5.0,4.401,3.798,7.41261766929999,6.69,7.447122,0,0,658.03,0.0,-0.022,0.001
1800,25,11,2024,329252.32,5.0,4.275,3.783,7.41261766929999,6.57,7.33291,0,0,2699.87,0.0,-0.126,-0.015
1801,26,11,2024,328731.11,5.0,4.307,3.773,7.41261766929999,6.59,7.354839,0,0,-521.21,0.0,0.032,-0.01
1802,27,11,2024,329875.4,5.0,4.264,3.762,7.41261766929999,6.54,7.306768,0,0,1144.29,0.0,-0.043,-0.011
1803,28,11,2024,329352.59,5.0,4.264,3.759,7.41261766929999,6.56,7.328698,0,0,-522.82,0.0,0.0,-0.003
1804,29,11,2024,329306.66,5.0,4.17,3.745,7.41261766929999,6.56,7.330627,0,0,-45.93,0.0,-0.094,-0.014
1805,2,12,2024,328931.18,5.0,4.192,3.766,7.42138344246065,6.57,7.346415,0,0,-375.47,0.0,0.022,0.021
1806,3,12,2024,329123.04,5.0,4.225,3.749,7.42138344246065,6.56,7.338344,0,0,191.86,0.0,0.033,-0.017
1807,4,12,2024,329791.76,5.0,4.181,3.74,7.42138344246065,6.53,7.310273,0,0,668.72,0.0,-0.044,-0.009
1808,5,12,2024,329507.3,5.0,4.177,3.735,7.42138344246065,6.54,7.322202,0,0,-284.46,0.0,-0.004,-0.005
1809,6,12,2024,329461.34,5.0,4.154,3.727,7.42138344246065,6.54,7.324131,0,0,-45.97,0.0,-0.023,-0.008
1810,9,12,2024,329085.58,5.0,4.202,3.727,7.42138344246065,6.55,7.339919,1,0,-375.76,0.0,0.048,0.0
1811,10,12,2024,329039.71,5.0,4.227,3.718,7.42138344246065,6.55,7.341848,0,0,-45.87,0.0,0.025,-0.009
1812,11,12,2024,329469.77,5.0,4.272,3.722,7.42138344246065,6.53,7.323778,0,0,430.06,0.0,0.045,0.004
1813,12,12,2024,328473.31,5.0,4.329,3.735,7.42138344246065,6.57,7.365707,0,0,-996.46,0.0,0.057,0.013
1814,13,12,2024,327717.8,5.0,4.398,3.737,7.42138344246065,6.6,7.397636,0,0,-755.51,0.0,0.069,0.002
1815,16,12,2024,327246.31,5.0,4.399,3.74,7.42138344246065,6.618,7.417623,0,0,-471.48,0.0,0.001,0.003
1816,17,12,2024,327007.81,5.0,4.4,3.746,7.42138344246065,6.63,7.427751,0,0,-238.5,0.0,0.001,0.006
1817,18,12,2024,326112.5,5.0,4.516,3.74,7.42138344246065,6.67,7.465879,0,0,-895.31,0.0,0.116,-0.006
1818,19,12,2024,323826.66,5.0,4.564,3.743,7.42138344246065,6.77,7.564008,0,0,-2285.85,0.0,0.048,0.003
1819,20,12,2024,323870.01,5.0,4.523,3.731,7.42138344246065,6.77,7.562136,1,0,43.36,0.0,-0.041,-0.012
1820,23,12,2024,324696.79,5.0,4.588,3.735,7.42138344246065,6.74,7.526521,0,0,826.78,0.0,0.065,0.004
1821,24,12,2024,324973.15,5.0,4.59,3.731,7.42138344246065,6.73,7.514649,0,0,276.36,0.0,0.002,-0.004
1822,25,12,2024,325016.76,5.0,4.59,3.731,7.42138344246065,6.73,7.512777,1,0,43.61,0.0,0.0,0.0
1823,26,12,2024,325527.03,5.0,4.584,3.748,7.42138344246065,6.71,7.490905,0,0,510.27,0.0,-0.006,0.017
1824,27,12,2024,326272.95,5.0,4.626,3.75,7.42138344246065,6.68,7.459034,0,0,745.92,0.0,0.042,0.002
1825,30,12,2024,327817.43,5.0,4.534,3.77,7.42138344246065,6.62,7.393418,0,0,1544.48,0.0,-0.092,0.02
1826,31,12,2024,327861.66,5.0,4.572,3.77,7.42138344246065,6.62,7.391547,1,0,44.23,0.0,0.038,0.0
1827,1,1,2025,327905.91,5.0,4.572,3.77,7.43347070441869,6.62,7.389675,1,0,44.24,0.0,0.0,0.0
1828,2,1,2025,327242.06,5.0,4.56,3.759,7.43347070441869,6.65,7.417803,0,0,-663.85,0.0,-0.012,-0.011
1829,3,1,2025,326345.71,5.0,4.599,3.76,7.43347070441869,6.69,7.455932,0,0,-896.35,0.0,0.039,0.001
1830,6,1,2025,326008.58,5.0,4.631,3.767,7.43347070441869,6.71,7.470316,0,0,-337.13,0.0,0.032,0.007
1831,7,1,2025,326521.4,5.0,4.686,3.772,7.43347070441869,6.69,7.448445,0,0,512.82,0.0,0.055,0.005
1832,8,1,2025,326565.35,5.0,4.691,3.783,7.43347070441869,6.69,7.446573,0,0,43.95,0.0,0.005,0.011
1833,9,1,2025,326609.3,5.0,4.69,3.769,7.43347070441869,6.69,7.444701,0,0,43.96,0.0,-0.001,-0.014
1834,10,1,2025,326653.27,4.75,4.76,3.769,7.43347070441869,6.69,7.442829,0,0,43.97,-0.25,0.07,0.0
1835,13,1,2025,326550.29,4.75,4.78,3.785,7.43347070441869,6.7,7.447214,0,0,-102.98,0.0,0.02,0.016
1836,14,1,2025,325190.07,4.75,4.793,3.778,7.43347070441869,6.76,7.505342,0,0,-1360.22,0.0,0.013,-0.007
1837,15,1,2025,328289.34,4.75,4.654,3.768,7.43347070441869,6.63,7.373471,0,0,3099.27,0.0,-0.139,-0.01
1838,16,1,2025,328113.88,4.75,4.614,3.769,7.43347070441869,6.63,7.380882,0,0,-175.46,0.0,-0.04,0.001
1839,17,1,2025,327938.58,4.75,4.628,3.752,7.43347070441869,6.63,7.388293,0,0,-175.3,0.0,0.014,-0.017
1840,20,1,2025,326942.5,4.75,4.628,3.742,7.43347070441869,6.65,7.430527,0,0,-996.08,0.0,0.0,-0.01
1841,21,1,2025,326298.65,4.75,4.577,3.735,7.43347070441869,6.67,7.457938,0,0,-643.85,0.0,-0.051,-0.007
1842,22,1,2025,324956.85,4.75,4.612,3.724,7.43347070441869,6.72,7.515349,0,0,-1341.81,0.0,0.035,-0.011
1843,23,1,2025,323855.55,4.75,4.645,3.717,7.43347070441869,6.76,7.56276,0,0,-1101.29,0.0,0.033,-0.007
1844,24,1,2025,324379.49,4.75,4.622,3.716,7.43347070441869,6.73,7.540171,0,0,523.94,0.0,-0.023,-0.001
1845,27,1,2025,323863.78,4.75,4.535,3.742,7.43347070441869,6.73,7.562405,0,0,-515.71,0.0,-0.087,0.026
1846,28,1,2025,324155.62,4.75,4.533,3.743,7.43347070441869,6.71,7.549816,0,0,291.84,0.0,-0.002,0.001
1847,29,1,2025,324447.88,4.75,4.53,3.728,7.43347070441869,6.69,7.537227,0,0,292.27,0.0,-0.003,-0.015
1848,30,1,2025,324973.4,4.75,4.517,3.72,7.43347070441869,6.66,7.514638,0,0,525.51,0.0,-0.013,-0.008
1849,31,1,2025,323872.01,4.75,4.541,3.728,7.43347070441869,6.7,7.56205,0,0,-1101.39,0.0,0.024,0.008
1850,3,2,2025,324052.01,4.75,4.557,3.722,7.44571735993152,6.67,7.554283,0,0,180.0,0.0,0.016,-0.006
1851,4,2,2025,324809.1,4.75,4.513,3.712,7.44571735993152,6.63,7.521694,0,0,757.09,0.0,-0.044,-0.01
1852,5,2,2025,325335.57,4.75,4.419,3.72,7.44571735993152,6.6,7.499106,0,0,526.47,0.0,-0.094,0.008
1853,6,2,2025,327036.86,4.75,4.435,3.715,7.44571735993152,6.52,7.426517,0,0,1701.29,0.0,0.016,-0.005
1854,7,2,2025,328278.51,4.75,4.496,3.718,7.44571735993152,6.46,7.373928,0,0,1241.65,0.0,0.061,0.003
1855,10,2,2025,328699.72,4.75,4.498,3.719,7.44571735993152,6.42,7.356161,0,0,421.22,0.0,0.002,0.001
1856,11,2,2025,327341.77,4.75,4.536,3.714,7.44571735993152,6.47,7.413573,0,0,-1357.96,0.0,0.038,-0.005
1857,12,2,2025,325758.94,4.75,4.625,3.714,7.44571735993152,6.53,7.480984,0,0,-1582.83,0.0,0.089,0.0
1858,13,2,2025,326522.56,4.75,4.53,3.719,7.44571735993152,6.49,7.448395,0,0,763.63,0.0,-0.095,0.005
1859,14,2,2025,327053.59,4.75,4.477,3.712,7.44571735993152,6.46,7.425806,0,0,531.02,0.0,-0.053,-0.007
1860,17,2,2025,326884.32,4.75,4.477,3.708,7.44571735993152,6.46,7.433,0,0,-169.27,0.0,0.0,-0.004
1861,18,2,2025,326417.03,4.75,4.551,3.695,7.44571735993152,6.48,7.452891,0,0,-467.29,0.0,0.074,-0.013
1862,19,2,2025,326185.07,4.75,4.534,3.69,7.44571735993152,6.49,7.462783,0,0,-231.96,0.0,-0.017,-0.005
1863,20,2,2025,326656.92,4.75,4.506,3.687,7.44571735993152,6.47,7.442674,0,0,471.85,0.0,-0.028,-0.003
1864,21,2,2025,327601.41,4.75,4.432,3.683,7.44571735993152,6.43,7.402565,0,0,944.49,0.0,-0.074,-0.004
1865,24,2,2025,327845.29,4.75,4.401,3.689,7.44571735993152,6.42,7.392239,0,0,243.88,0.0,-0.031,0.006
1866,25,2,2025,329270.86,4.75,4.295,3.686,7.44571735993152,6.36,7.332131,0,0,1425.57,0.0,-0.106,-0.003
1867,26,2,2025,329988.74,4.75,4.257,3.681,7.44571735993152,6.33,7.302022,0,0,717.88,0.0,-0.038,-0.005
1868,27,2,2025,329752.62,4.75,4.261,3.674,7.44571735993152,6.34,7.311914,0,0,-236.12,0.0,0.004,-0.007
1869,28,2,2025,327855.56,4.75,4.209,3.683,7.44571735993152,6.42,7.391805,0,0,-1897.05,0.0,-0.052,0.009
1870,3,3,2025,327391.13,4.75,4.156,3.691,7.4554131785774,6.44,7.411479,0,0,-464.44,0.0,-0.053,0.008
1871,4,3,2025,327393.69,4.75,4.245,3.693,7.4554131785774,6.44,7.41137,0,0,2.56,0.0,0.089,0.002
1872,5,3,2025,326690.1,4.75,4.28,3.663,7.4554131785774,6.47,7.441262,0,0,-703.59,0.0,0.035,-0.03
1873,6,3,2025,327163.15,4.75,4.279,3.651,7.4554131785774,6.45,7.421153,0,0,473.05,0.0,-0.001,-0.012
1874,7,3,2025,326930.32,4.75,4.303,3.659,7.4554131785774,6.46,7.431044,0,0,-232.83,0.0,0.024,0.008
1875,10,3,2025,326468.02,4.75,4.215,3.669,7.4554131785774,6.48,7.450718,0,0,-462.3,0.0,-0.088,0.01
1876,11,3,2025,326470.58,4.75,4.281,3.67,7.4554131785774,6.48,7.45061,0,0,2.55,0.0,0.066,0.001
1877,12,3,2025,326707.98,4.75,4.313,3.667,7.4554131785774,6.47,7.440501,0,0,237.4,0.0,0.032,-0.003
1878,13,3,2025,327181.07,4.75,4.27,3.67,7.4554131785774,6.45,7.420392,0,0,473.09,0.0,-0.043,0.003
1879,14,3,2025,327891.52,4.75,4.314,3.663,7.4554131785774,6.42,7.390284,0,0,710.45,0.0,0.044,-0.007
1880,17,3,2025,329498.57,4.75,4.3,3.655,7.4554131785774,6.36,7.322569,0,0,1607.05,0.0,-0.014,-0.008
1881,18,3,2025,328875.32,4.75,4.285,3.641,7.4554131785774,6.39,7.348766,0,0,-623.24,0.0,-0.015,-0.014
1882,19,3,2025,328965.68,4.75,4.244,3.626,7.4554131785774,6.39,7.344963,0,0,90.36,0.0,-0.041,-0.015
1883,20,3,2025,328344.08,4.75,4.239,3.627,7.4554131785774,6.42,7.37116,0,0,-621.6,0.0,-0.005,0.001
1884,21,3,2025,328434.2,4.75,4.248,3.641,7.4554131785774,6.42,7.367357,0,0,90.12,0.0,0.009,0.014
1885,24,3,2025,327285.79,4.75,4.337,3.648,7.4554131785774,6.48,7.415947,0,0,-1148.41,0.0,0.089,0.007
1886,25,3,2025,326669.37,4.75,4.314,3.644,7.4554131785774,6.51,7.442144,0,0,-616.43,0.0,-0.023,-0.004
1887,26,3,2025,325120.15,4.75,4.353,3.643,7.4554131785774,6.58,7.508341,0,0,-1549.22,0.0,0.039,-0.001
1888,27,3,2025,322890.17,4.75,4.361,3.649,7.4554131785774,6.68,7.604538,0,0,-2229.98,0.0,0.008,0.006
1889,28,3,2025,322287.23,4.75,4.25,3.654,7.4554131785774,6.71,7.630735,0,0,-602.94,0.0,-0.111,0.005
1890,31,3,2025,323010.35,4.75,4.207,3.677,7.4554131785774,6.69,7.599326,0,0,723.13,0.0,-0.043,0.023
1891,1,4,2025,323098.09,4.75,4.17,3.676,7.45627934824868,6.69,7.595523,0,0,87.74,0.0,-0.037,-0.001
1892,2,4,2025,325041.41,4.75,4.133,3.68,7.45627934824868,6.61,7.511719,0,0,1943.31,0.0,-0.037,0.004
1893,3,4,2025,329371.19,4.75,4.03,3.667,7.45627934824868,6.43,7.327916,0,0,4329.78,0.0,-0.103,-0.013
1894,4,4,2025,330416.95,4.75,3.997,3.691,7.45627934824868,6.39,7.284113,0,0,1045.76,0.0,-0.033,0.024
1895,7,4,2025,326891.28,4.75,4.186,3.705,7.45627934824868,6.55,7.432704,0,0,-3525.67,0.0,0.189,0.014
1896,8,4,2025,325573.86,4.75,4.295,3.732,7.45627934824868,6.61,7.488901,0,0,-1317.42,0.0,0.109,0.027
1897,9,4,2025,326130.81,4.75,4.336,3.748,7.45627934824868,6.59,7.465098,0,0,556.95,0.0,0.041,0.016
1898,10,4,2025,324353.4,4.75,4.428,3.734,7.45627934824868,6.67,7.541295,0,0,-1777.41,0.0,0.092,-0.014
1899,11,4,2025,325373.23,4.75,4.492,3.732,7.45627934824868,6.63,7.497492,0,0,1019.83,0.0,0.064,-0.002
1900,14,4,2025,325639.73,4.75,4.376,3.734,7.45627934824868,6.63,7.486082,0,0,266.49,0.0,-0.116,0.002
1901,15,4,2025,325494.94,4.75,4.336,3.75,7.45627934824868,6.64,7.492279,0,0,-144.79,0.0,-0.04,0.016
1902,16,4,2025,325644.47,4.75,4.279,3.737,7.45627934824868,6.63,7.48588,0,0,149.53,0.0,-0.057,-0.013
1903,17,4,2025,325560.34,4.75,4.326,3.737,7.45627934824868,6.63,7.48948,1,0,-84.13,0.0,0.047,0.0
1904,18,4,2025,325476.24,4.75,4.326,3.737,7.45627934824868,6.63,7.49308,1,0,-84.1,0.0,0.0,0.0
1905,21,4,2025,324293.37,4.75,4.412,3.715,7.45627934824868,6.67,7.54388,0,0,-1182.87,0.0,0.086,-0.022
1906,22,4,2025,323283.76,4.75,4.403,3.699,7.45627934824868,6.71,7.58748,0,0,-1009.61,0.0,-0.009,-0.016
1907,23,4,2025,324358.38,4.75,4.384,3.7,7.45627934824868,6.66,7.541081,0,0,1074.62,0.0,-0.019,0.001
1908,24,4,2025,324972.41,4.75,4.317,3.683,7.45627934824868,6.63,7.514681,0,0,614.03,0.0,-0.067,-0.017
1909,25,4,2025,324888.56,4.75,4.237,3.672,7.45627934824868,6.63,7.518281,0,0,-83.85,0.0,-0.08,-0.011
1910,28,4,2025,324637.23,4.75,4.21,3.672,7.45627934824868,6.63,7.529081,0,0,-251.33,0.0,-0.027,0.0
1911,29,4,2025,326891.81,4.75,4.174,3.673,7.45627934824868,6.53,7.432682,0,0,2254.58,0.0,-0.036,0.001
1912,30,4,2025,326337.49,4.75,4.163,3.678,7.45627934824868,6.55,7.456282,0,0,-554.32,0.0,-0.011,0.005
1913,1,5,2025,326253.07,4.75,4.22,3.678,7.44695083826127,6.55,7.459882,1,0,-84.43,0.0,0.057,0.0
1914,2,5,2025,325700.52,4.75,4.31,3.665,7.44695083826127,6.57,7.483482,0,0,-552.55,0.0,0.09,-0.013
1915,5,5,2025,324748.86,4.75,4.345,3.662,7.44695083826127,6.6,7.524283,0,0,-951.65,0.0,0.035,-0.003
1916,6,5,2025,324897.83,4.75,4.297,3.663,7.44695083826127,6.59,7.517883,0,0,148.97,0.0,-0.048,0.001
1917,7,5,2025,326215.53,4.75,4.271,3.658,7.44695083826127,6.53,7.461483,0,0,1317.7,0.0,-0.026,-0.005
1918,8,5,2025,325896.99,4.75,4.38,3.646,7.44695083826127,6.54,7.475083,0,0,-318.55,0.0,0.109,-0.012
1919,9,5,2025,329114.97,4.5,4.38,3.645,7.44695083826127,6.4,7.338683,0,0,3217.98,-0.25,0.0,-0.001
1920,12,5,2025,329095.93,4.5,4.473,3.662,7.44695083826127,6.39,7.339484,0,0,-19.04,0.0,0.093,0.017
1921,13,5,2025,329486.3,4.5,4.467,3.659,7.44695083826127,6.37,7.323084,0,0,390.37,0.0,-0.006,-0.003
1922,14,5,2025,328213.25,4.5,4.538,3.682,7.44695083826127,6.42,7.376684,0,0,-1273.05,0.0,0.071,0.023
1923,15,5,2025,329314.82,4.5,4.433,3.686,7.44695083826127,6.37,7.330284,0,0,1101.57,0.0,-0.105,0.004
1924,16,5,2025,328310.65,4.5,4.48,3.696,7.44695083826127,6.41,7.372571,0,0,-1004.17,0.0,0.047,0.01
1925,19,5,2025,327675.39,4.5,4.45,3.693,7.44695083826127,6.43,7.399432,0,0,-635.26,0.0,-0.03,-0.003
1926,20,5,2025,326444.54,4.5,4.489,3.697,7.44695083826127,6.48,7.451719,0,0,-1230.84,0.0,0.039,0.004
1927,21,5,2025,324988.13,4.5,4.601,3.683,7.44695083826127,6.54,7.514006,0,0,-1456.41,0.0,0.112,-0.014
1928,22,5,2025,324237.37,4.5,4.53,3.669,7.44695083826127,6.57,7.546293,0,0,-750.76,0.0,-0.071,-0.014
1929,23,5,2025,323952.41,4.5,4.513,3.665,7.44695083826127,6.58,7.55858,0,0,-284.96,0.0,-0.017,-0.004
1930,26,5,2025,324721.92,4.5,4.513,3.665,7.44695083826127,6.54,7.525441,0,0,769.51,0.0,0.0,0.0
1931,27,5,2025,326069.2,4.5,4.446,3.65,7.44695083826127,6.48,7.467728,0,0,1347.29,0.0,-0.067,-0.015
1932,28,5,2025,326484.54,4.5,4.48,3.648,7.44695083826127,6.46,7.450015,0,0,415.34,0.0,0.034,-0.002
1933,29,5,2025,326665.67,4.5,4.42,3.638,7.44695083826127,6.45,7.442302,0,0,181.13,0.0,-0.06,-0.01
1934,30,5,2025,325441.01,4.5,4.403,3.632,7.44695083826127,6.5,7.494589,0,0,-1224.66,0.0,-0.017,-0.006
1935,2,6,2025,325047.7,4.5,4.442,3.63,7.4430846579992,6.51,7.511449,0,0,-393.31,0.0,0.039,-0.002
1936,3,6,2025,324761.57,4.5,4.456,3.628,7.4430846579992,6.52,7.523736,0,0,-286.13,0.0,0.014,-0.002
1937,4,6,2025,326343.55,4.5,4.356,3.618,7.4430846579992,6.45,7.456023,0,0,1581.98,0.0,-0.1,-0.01
1938,5,6,2025,323033.78,4.5,4.393,3.628,7.4430846579992,6.59,7.59831,0,0,-3309.78,0.0,0.037,0.01
1939,6,6,2025,322060.71,4.5,4.508,3.651,7.4430846579992,6.63,7.640597,0,0,-973.06,0.0,0.115,0.023
1940,9,6,2025,322362.54,4.5,4.476,3.654,7.4430846579992,6.61,7.627458,0,0,301.83,0.0,-0.032,0.003
1941,10,6,2025,323000.68,4.5,4.472,3.64,7.4430846579992,6.58,7.599745,0,0,638.14,0.0,-0.004,-0.014
1942,11,6,2025,325034.12,4.5,4.422,3.636,7.4430846579992,6.49,7.512032,0,0,2033.44,0.0,-0.05,-0.004
1943,12,6,2025,328269.25,4.5,4.361,3.62,7.4430846579992,6.35,7.374319,0,0,3235.12,0.0,-0.061,-0.016
1944,13,6,2025,327034.76,4.5,4.401,3.618,7.4430846579992,6.4,7.426606,0,0,-1234.49,0.0,0.04,-0.002
1945,16,6,2025,326987.23,4.5,4.448,3.614,7.4430846579992,6.39,7.428626,0,0,-47.53,0.0,0.047,-0.004
1946,17,6,2025,326577.12,4.5,4.391,3.62,7.4430846579992,6.4,7.446071,0,0,-410.11,0.0,-0.057,0.006
1947,18,6,2025,326637.11,4.5,4.393,3.604,7.4430846579992,6.39,7.443517,0,0,59.99,0.0,0.002,-0.016
1948,19,6,2025,326462.28,4.5,4.393,3.599,7.4430846579992,6.39,7.450963,0,0,-174.83,0.0,0.0,-0.005
1949,20,6,2025,326757.15,4.5,4.378,3.603,7.4430846579992,6.37,7.438409,0,0,294.86,0.0,-0.015,0.004
1950,23,6,2025,326232.8,4.5,4.349,3.606,7.4430846579992,6.37,7.460746,0,0,-524.34,0.0,-0.029,0.003
1951,24,6,2025,327468.65,4.5,4.296,3.581,7.4430846579992,6.31,7.408192,0,0,1235.84,0.0,-0.053,-0.025
1952,25,6,2025,328474.95,4.5,4.293,3.576,7.4430846579992,6.26,7.365638,0,0,1006.3,0.0,-0.003,-0.005
1953,26,6,2025,329010.35,4.5,4.243,3.572,7.4430846579992,6.23,7.343083,0,0,535.4,0.0,-0.05,-0.004
1954,27,6,2025,328596.09,4.5,4.279,3.552,7.4430846579992,6.24,7.360529,0,0,-414.26,0.0,0.036,-0.02
1955,30,6,2025,329729.88,4.5,4.23,3.549,7.4430846579992,6.17,7.312867,0,0,1133.79,0.0,-0.049,-0.003
1956,1,7,2025,330507.95,4.5,4.243,3.556,7.4420033394435,6.13,7.280312,0,0,778.07,0.0,0.013,0.007
1957,2,7,2025,331048.76,4.5,4.279,3.559,7.4420033394435,6.1,7.257758,0,0,540.82,0.0,0.036,0.003
1958,3,7,2025,330630.31,4.5,4.348,3.547,7.4420033394435,6.11,7.275204,0,0,-418.45,0.0,0.069,-0.012
1959,4,7,2025,329973.75,4.5,4.348,3.556,7.4420033394435,6.13,7.30265,0,0,-656.56,0.0,0.0,0.009
1960,7,7,2025,329202.89,4.5,4.381,3.563,7.4420033394435,6.14,7.334987,0,0,-770.86,0.0,0.033,0.007
1961,8,7,2025,329025.81,4.5,4.401,3.563,7.4420033394435,6.14,7.342433,0,0,-177.08,0.0,0.02,0.0
1962,9,7,2025,329086.54,4.5,4.333,3.555,7.4420033394435,6.13,7.339879,0,0,60.73,0.0,-0.068,-0.008
1963,10,7,2025,328434.96,4.5,4.351,3.557,7.4420033394435,6.15,7.367324,0,0,-651.58,0.0,0.018,0.002
1964,11,7,2025,327785.49,4.5,4.411,3.557,7.4420033394435,6.17,7.39477,0,0,-649.47,0.0,0.06,0.0
1965,14,7,2025,327022.96,4.5,4.435,3.569,7.4420033394435,6.18,7.427108,0,0,-762.54,0.0,0.024,0.012
1966,15,7,2025,325675.47,4.5,4.483,3.569,7.4420033394435,6.23,7.484553,0,0,-1347.48,0.0,0.048,0.0
1967,16,7,2025,324613.46,4.5,4.457,3.56,7.4420033394435,6.27,7.530104,0,0,-1062.01,0.0,-0.026,-0.009
1968,17,7,2025,324275.41,4.5,4.453,3.556,7.4420033394435,6.279,7.544654,0,0,-338.05,0.0,-0.004,-0.004
1969,18,7,2025,323660.05,4.5,4.418,3.568,7.4420033394435,6.3,7.571204,0,0,-615.36,0.0,-0.035,0.012
1970,21,7,2025,323969.21,4.5,4.379,3.566,7.4420033394435,6.27,7.557855,0,0,309.16,0.0,-0.039,-0.002
1971,22,7,2025,324536.7,4.5,4.346,3.561,7.4420033394435,6.24,7.533405,0,0,567.49,0.0,-0.033,-0.005
1972,23,7,2025,324407.73,4.5,4.383,3.561,7.4420033394435,6.24,7.538956,1,0,-128.97,0.0,0.037,0.0
1973,24,7,2025,324976.48,4.5,4.398,3.555,7.4420033394435,6.21,7.514506,0,0,568.75,0.0,0.015,-0.006
1974,25,7,2025,325546.87,4.5,4.39,3.552,7.4420033394435,6.18,7.490056,0,0,570.39,0.0,-0.008,-0.003
1975,28,7,2025,325158.25,4.5,4.412,3.552,7.4420033394435,6.18,7.506707,1,0,-388.62,0.0,0.022,0.0
1976,29,7,2025,325028.87,4.5,4.321,3.552,7.4420033394435,6.18,7.512257,1,0,-129.37,0.0,-0.091,0.0
1977,30,7,2025,324899.58,4.5,4.372,3.57,7.4420033394435,6.18,7.517808,0,0,-129.29,0.0,0.051,0.018
1978,31,7,2025,324073.47,4.5,4.376,3.588,7.4420033394435,6.21,7.553358,0,0,-826.12,0.0,0.004,0.018
1979,1,8,2025,326041.55,4.5,4.218,3.588,7.44357220100148,6.12,7.468908,0,0,1968.09,0.0,-0.158,0.0
1980,4,8,2025,326589.15,4.5,4.194,3.579,7.44357220100148,6.08,7.445559,0,0,547.6,0.0,-0.024,-0.009
1981,5,8,2025,327399.84,4.5,4.212,3.564,7.44357220100148,6.04,7.411109,0,0,810.69,0.0,0.018,-0.015
1982,6,8,2025,328925.36,4.5,4.229,3.564,7.44357220100148,5.97,7.34666,1,0,1525.52,0.0,0.017,0.0
1983,7,8,2025,328793.53,4.5,4.251,3.551,7.44357220100148,5.97,7.35221,0,0,-131.83,0.0,0.022,-0.013
1984,8,8,2025,328424.64,4.5,4.284,3.535,7.44357220100148,5.98,7.36776,0,0,-368.89,0.0,0.033,-0.016
1985,11,8,2025,328504.03,4.5,4.287,3.537,7.44357220100148,5.96,7.364411,0,0,79.39,0.0,0.003,0.002
1986,12,8,2025,328846.93,4.5,4.291,3.525,7.44357220100148,5.94,7.349961,0,0,342.9,0.0,0.004,-0.012
1987,13,8,2025,328952.64,4.5,4.235,3.537,7.44357220100148,5.93,7.345512,0,0,105.71,0.0,-0.056,0.012
1988,14,8,2025,328346.4,4.5,4.286,3.555,7.44357220100148,5.95,7.371062,0,0,-606.24,0.0,0.051,0.018
1989,15,8,2025,327978.32,4.5,4.319,3.563,7.44357220100148,5.96,7.386612,0,0,-368.07,0.0,0.033,0.008
1990,18,8,2025,327041.11,4.5,4.334,3.561,7.44357220100148,6.01,7.426336,0,0,-937.22,0.0,0.015,-0.002
1991,19,8,2025,327121.75,4.5,4.307,3.538,7.44357220100148,6.01,7.422911,0,0,80.64,0.0,-0.027,-0.023
1992,20,8,2025,326028.02,4.5,4.292,3.539,7.44357220100148,6.06,7.469486,0,0,-1093.72,0.0,-0.015,0.001
1993,21,8,2025,325173.32,4.5,4.329,3.541,7.44357220100148,6.1,7.506061,0,0,-854.71,0.0,0.037,0.002
1994,22,8,2025,327363.86,4.5,4.255,3.526,7.44357220100148,6.01,7.412635,0,0,2190.54,0.0,-0.074,-0.015
1995,25,8,2025,326664.31,4.5,4.276,3.531,7.44357220100148,6.05,7.44236,0,0,-699.55,0.0,0.021,0.005
1996,26,8,2025,326509.9,4.5,4.262,3.538,7.44357220100148,6.06,7.448934,0,0,-154.41,0.0,-0.014,0.007
1997,27,8,2025,326825.32,4.5,4.235,3.558,7.44357220100148,6.05,7.435509,0,0,315.41,0.0,-0.027,0.02
1998,28,8,2025,327160.07,4.5,4.205,3.551,7.44357220100148,6.0392,7.421284,0,0,334.75,0.0,-0.03,-0.007
1999,29,8,2025,327693.65,4.5,4.23,3.54,7.44357220100148,6.02,7.398659,0,0,533.58,0.0,0.025,-0.011
2000,1,9,2025,323032.1,4.5,4.23,3.545,7.44633816383766,6.23,7.598383,0,0,-4661.55,0.0,0.0,0.005
2001,2,9,2025,322420.04,4.5,4.262,3.546,7.44633816383766,6.26,7.624957,0,0,-612.07,0.0,0.032,0.001
2002,3,9,2025,323652.46,4.5,4.218,3.534,7.44633816383766,6.21,7.571532,0,0,1232.42,0.0,-0.044,-0.012
2003,4,9,2025,324427.45,4.5,4.162,3.539,7.44633816383766,6.18,7.538107,0,0,774.99,0.0,-0.056,0.005
2004,5,9,2025,326844.77,4.5,4.076,3.527,7.44633816383766,6.08,7.434682,0,0,2417.32,0.0,-0.086,-0.012
2005,8,9,2025,327322.12,4.5,4.041,3.522,7.44633816383766,6.07,7.414406,0,0,477.35,0.0,-0.035,-0.005
2006,9,9,2025,326931.82,4.5,4.088,3.509,7.44633816383766,6.09,7.430981,0,0,-390.3,0.0,0.047,-0.013
2007,10,9,2025,328666.64,4.5,4.047,3.494,7.44633816383766,6.02,7.357555,0,0,1734.83,0.0,-0.041,-0.015
2008,11,9,2025,329461.37,4.5,4.022,3.485,7.44633816383766,5.99,7.32413,0,0,794.73,0.0,-0.025,-0.009
2009,12,9,2025,329304.8,4.25,4.067,3.499,7.44633816383766,6.0,7.330705,0,0,-156.57,-0.25,0.045,0.014
2010,15,9,2025,326005.94,4.25,4.039,3.499,7.44633816383766,6.15,7.470429,0,0,-3298.86,0.0,-0.028,0.0
2011,16,9,2025,324587.18,4.25,4.029,3.489,7.44633816383766,6.21,7.531234,0,0,-1418.76,0.0,-0.01,-0.01
2012,17,9,2025,325968.25,4.25,4.089,3.488,7.44633816383766,6.15,7.472039,0,0,1381.07,0.0,0.06,-0.001
2013,18,9,2025,326183.65,4.25,4.106,3.491,7.44633816383766,6.14,7.462843,0,0,215.4,0.0,0.017,0.003
2014,19,9,2025,326164.79,4.25,4.128,3.494,7.44633816383766,6.14,7.463648,0,0,-18.86,0.0,0.022,0.003
2015,22,9,2025,326108.22,4.25,4.148,3.51,7.44633816383766,6.14,7.466062,0,0,-56.57,0.0,0.02,0.016
2016,23,9,2025,326323.77,4.25,4.107,3.509,7.44633816383766,6.13,7.456867,0,0,215.55,0.0,-0.041,-0.001
2017,24,9,2025,326070.52,4.25,4.148,3.511,7.44633816383766,6.14,7.467672,0,0,-253.25,0.0,0.041,0.002
2018,25,9,2025,325817.59,4.25,4.171,3.511,7.44633816383766,6.15,7.478476,0,0,-252.93,0.0,0.023,0.0
2019,26,9,2025,325798.76,4.25,4.176,3.502,7.44633816383766,6.15,7.479281,0,0,-18.83,0.0,0.005,-0.009
2020,29,9,2025,327150.38,4.25,4.14,3.495,7.44633816383766,6.09,7.421695,0,0,1351.62,0.0,-0.036,-0.007
2021,30,9,2025,328075.59,4.25,4.151,3.476,7.44633816383766,6.05,7.3825,0,0,925.21,0.0,0.011,-0.019
2022,1,10,2025,328056.56,4.25,4.099,3.474,7.45040722530117,6.05,7.383305,0,0,-19.04,0.0,-0.052,-0.002
2023,2,10,2025,328037.52,4.25,4.084,3.485,7.45040722530117,6.05,7.384109,0,0,-19.04,0.0,-0.015,0.011
2024,3,10,2025,327074.59,4.25,4.12,3.468,7.45040722530117,6.09,7.424914,0,0,-962.93,0.0,0.036,-0.017
2025,6,10,2025,325610.61,4.25,4.154,3.465,7.45040722530117,6.15,7.487328,0,0,-1463.98,0.0,0.034,-0.003
2026,7,10,2025,326294.07,4.25,4.124,3.452,7.45040722530117,6.12,7.458133,0,0,683.46,0.0,-0.03,-0.013
2027,8,10,2025,326275.2,4.25,4.119,3.452,7.45040722530117,6.12,7.458938,1,0,-18.87,0.0,-0.005,0.0
2028,9,10,2025,324854.53,4.25,4.139,3.443,7.45040722530117,6.18,7.519743,0,0,-1420.67,0.0,0.02,-0.009
2029,10,10,2025,323675.25,4.25,4.034,3.442,7.45040722530117,6.23,7.570547,0,0,-1179.28,0.0,-0.105,-0.001
2030,13,10,2025,323619.39,4.25,4.034,3.439,7.45040722530117,6.23,7.572961,0,0,-55.86,0.0,0.0,-0.003
2031,14,10,2025,324064.0,4.25,4.033,3.428,7.45040722530117,6.21,7.553766,0,0,444.61,0.0,-0.001,-0.011
2032,15,10,2025,324974.97,4.25,4.029,3.416,7.45040722530117,6.17,7.514571,0,0,910.97,0.0,-0.004,-0.012
2033,16,10,2025,325593.8,4.25,3.975,3.397,7.45040722530117,6.14,7.488047,0,0,618.83,0.0,-0.054,-0.019
2034,17,10,2025,325980.3,4.25,4.01,3.389,7.45040722530117,6.12,7.471524,0,0,386.49,0.0,0.035,-0.008
2035,20,10,2025,326673.84,4.25,3.981,3.378,7.45040722530117,6.08,7.441954,0,0,693.54,0.0,-0.029,-0.011
2036,21,10,2025,326827.16,4.25,3.964,3.39,7.45040722530117,6.07,7.435431,0,0,153.32,0.0,-0.017,0.012
2037,22,10,2025,326041.58,4.25,3.951,3.401,7.45040722530117,6.1,7.468907,0,0,-785.58,0.0,-0.013,0.011
2038,23,10,2025,326194.42,4.25,4.002,3.4,7.45040722530117,6.09,7.462384,0,0,152.84,0.0,0.051,-0.001
2039,24,10,2025,327287.84,4.25,4.003,3.385,7.45040722530117,6.04,7.41586,0,0,1093.42,0.0,0.001,-0.015
2040,27,10,2025,326844.57,4.25,3.981,3.387,7.45040722530117,6.0484,7.43469,0,0,-443.27,0.0,-0.022,0.002
2041,28,10,2025,327667.48,4.25,3.977,3.396,7.45040722530117,6.01,7.399767,0,0,822.91,0.0,-0.004,0.009
2042,29,10,2025,326878.59,4.25,4.078,3.394,7.45040722530117,6.04,7.433244,0,0,-788.89,0.0,0.101,-0.002
2043,30,10,2025,326561.89,4.25,4.099,3.398,7.45040722530117,6.05,7.44672,0,0,-316.7,0.0,0.021,0.004
2044,31,10,2025,326245.68,4.25,4.078,3.379,7.45040722530117,6.06,7.460197,0,0,-316.2,0.0,-0.021,-0.019
2045,3,11,2025,326001.31,4.25,4.111,3.378,7.45679615998072,6.06,7.470627,0,0,-244.37,0.0,0.033,-0.001
2046,4,11,2025,325919.92,4.25,4.086,3.387,7.45679615998072,6.06,7.474103,0,0,-81.39,0.0,-0.025,0.009
2047,5,11,2025,326072.66,4.25,4.16,3.381,7.45679615998072,6.05,7.46758,0,0,152.75,0.0,0.074,-0.006
2048,6,11,2025,326930.03,4.25,4.084,3.377,7.45679615998072,6.01,7.431057,0,0,857.37,0.0,-0.076,-0.004
2049,7,11,2025,326144.04,4.25,4.098,3.381,7.45679615998072,6.04,7.464533,0,0,-785.99,0.0,0.014,0.004
2050,10,11,2025,325665.89,4.25,4.117,3.38,7.45679615998072,6.05,7.484963,0,0,-478.15,0.0,0.019,-0.001
2051,11,11,2025,325584.64,4.25,4.117,3.366,7.45679615998072,6.05,7.48844,0,0,-81.25,0.0,0.0,-0.014
2052,12,11,2025,325737.13,4.25,4.07,3.372,7.45679615998072,6.04,7.481916,0,0,152.49,0.0,-0.047,0.006
2053,13,11,2025,325422.23,4.25,4.12,3.368,7.45679615998072,6.05,7.495393,0,0,-314.9,0.0,0.05,-0.004
2054,14,11,2025,324409.73,4.25,4.149,3.374,7.45679615998072,6.09,7.53887,0,0,-1012.5,0.0,0.029,0.006
2055,17,11,2025,324281.12,4.25,4.14,3.372,7.45679615998072,6.08,7.544408,0,0,-128.61,0.0,-0.009,-0.002
2056,18,11,2025,325071.25,4.25,4.114,3.372,7.45679615998072,6.04,7.510439,0,0,790.13,0.0,-0.026,0.0
2057,19,11,2025,326098.66,4.25,4.138,3.38,7.45679615998072,5.99,7.46647,0,0,1027.42,0.0,0.024,0.008
2058,20,11,2025,325746.84,4.25,4.085,3.385,7.45679615998072,5.999,7.481501,0,0,-351.82,0.0,-0.053,0.005
2059,21,11,2025,326989.43,4.25,4.065,3.391,7.45679615998072,5.94,7.428532,0,0,1242.59,0.0,-0.02,0.006
2060,24,11,2025,327034.32,4.25,4.026,3.397,7.45679615998072,5.92,7.426625,0,0,44.88,0.0,-0.039,0.006
2061,25,11,2025,327363.38,4.25,3.997,3.383,7.45679615998072,5.9,7.412656,0,0,329.06,0.0,-0.029,-0.014
2062,26,11,2025,327221.24,4.25,3.995,3.371,7.45679615998072,5.9,7.418687,0,0,-142.14,0.0,-0.002,-0.012
2063,27,11,2025,326843.92,4.25,3.995,3.371,7.45679615998072,5.91,7.434718,0,0,-377.32,0.0,0.0,0.0
2064,28,11,2025,326702.16,4.25,4.015,3.368,7.45679615998072,5.91,7.440749,0,0,-141.77,0.0,0.02,-0.003
2065,1,12,2025,325575.25,4.25,4.087,3.377,7.46043298403999,5.94,7.488842,0,0,-1126.91,0.0,0.072,0.009
2066,2,12,2025,325668.01,4.25,4.087,3.374,7.46043298403999,5.93,7.484873,0,0,92.76,0.0,0.0,-0.003
2067,3,12,2025,326933.63,4.25,4.064,3.37,7.46043298403999,5.87,7.430904,0,0,1265.62,0.0,-0.023,-0.004
2068,4,12,2025,327262.53,4.25,4.099,3.363,7.46043298403999,5.85,7.416934,0,0,328.9,0.0,0.035,-0.007
2069,5,12,2025,328538.31,4.25,4.136,3.369,7.46043298403999,5.79,7.362965,0,0,1275.78,0.0,0.037,0.006
2070,8,12,2025,328109.71,4.25,4.165,3.369,7.46043298403999,5.79,7.381058,1,0,-428.6,0.0,0.029,0.0
2071,9,12,2025,327967.04,4.25,4.189,3.369,7.46043298403999,5.79,7.387089,1,0,-142.66,0.0,0.024,0.0
2072,10,12,2025,326881.49,4.25,4.149,3.378,7.46043298403999,5.83,7.43312,0,0,-1085.55,0.0,-0.04,0.009
2073,11,12,2025,327210.3,4.25,4.158,3.37,7.46043298403999,5.81,7.419151,0,0,328.81,0.0,0.009,-0.008
2074,12,12,2025,326598.0,4.25,4.185,3.373,7.46043298403999,5.83,7.445182,0,0,-612.3,0.0,0.027,0.003
2075,15,12,2025,327820.82,4.25,4.174,3.375,7.46043298403999,5.76,7.393275,0,0,1222.81,0.0,-0.011,0.002
2076,16,12,2025,328570.27,4.25,4.146,3.374,7.46043298403999,5.73,7.361618,0,0,749.45,0.0,-0.028,-0.001
2077,17,12,2025,328372.5,4.25,4.154,3.372,7.46043298403999,5.74,7.36996,0,0,-197.77,0.0,0.008,-0.002
2078,18,12,2025,328174.92,4.25,4.123,3.371,7.46043298403999,5.75,7.378303,0,0,-197.58,0.0,-0.031,-0.001
2079,19,12,2025,326328.96,4.25,4.148,3.372,7.46043298403999,5.83,7.456645,0,0,-1845.96,0.0,0.025,0.001
2080,22,12,2025,324809.59,4.25,4.165,3.372,7.46043298403999,5.9,7.521673,0,0,-1519.37,0.0,0.017,0.0
2081,23,12,2025,325781.58,4.25,4.165,3.371,7.46043298403999,5.86,7.480016,0,0,971.99,0.0,0.0,-0.001
2082,24,12,2025,327228.98,4.25,4.136,3.369,7.46043298403999,5.8,7.418358,0,0,1447.4,0.0,-0.029,-0.002
2083,25,12,2025,327268.03,4.25,4.136,3.369,7.46043298403999,5.8,7.416701,1,0,39.05,0.0,0.0,0.0
2084,26,12,2025,327307.09,4.25,4.129,3.369,7.46043298403999,5.8,7.415044,1,0,39.06,0.0,-0.007,0.0
2085,29,12,2025,325313.03,4.25,4.111,3.372,7.46043298403999,5.89,7.500071,0,0,-1994.06,0.0,-0.018,0.003
2086,30,12,2025,327227.67,4.25,4.123,3.369,7.46043298403999,5.81,7.418414,0,0,1914.64,0.0,0.012,-0.003
2087,31,12,2025,327596.9,4.25,4.169,3.368,7.46043298403999,5.796,7.402756,0,0,369.23,0.0,0.046,-0.001
2088,1,1,2026,327636.03,4.25,4.169,3.368,7.46739522023275,5.796,7.401099,1,0,39.12,0.0,0.0,0.0
2089,2,1,2026,327675.16,4.25,4.192,3.368,7.46739522023275,5.796,7.399442,1,0,39.13,0.0,0.023,0.0
2090,5,1,2026,327226.37,4.25,4.162,3.372,7.46739522023275,5.82,7.418469,0,0,-448.79,0.0,-0.03,0.004
2091,6,1,2026,326559.73,4.25,4.174,3.366,7.46739522023275,5.85,7.446812,0,0,-666.63,0.0,0.012,-0.006
2092,7,1,2026,326363.93,4.25,4.15,3.368,7.46739522023275,5.86,7.455155,0,0,-195.8,0.0,-0.024,0.002
2093,8,1,2026,325700.17,4.25,4.168,3.368,7.46739522023275,5.89,7.483497,0,0,-663.77,0.0,0.018,0.0
2094,9,1,2026,324573.09,4.25,4.166,3.365,7.46739522023275,5.94,7.53184,0,0,-1127.07,0.0,-0.002,-0.003
2095,12,1,2026,324456.24,4.25,4.177,3.368,7.46739522023275,5.95,7.536867,0,0,-116.85,0.0,0.011,0.003
2096,13,1,2026,325426.5,4.25,4.18,3.361,7.46739522023275,5.91,7.49521,0,0,970.26,0.0,0.003,-0.007
2097,14,1,2026,324998.69,4.25,4.133,3.367,7.46739522023275,5.93,7.513553,0,0,-427.81,0.0,-0.047,0.006
2098,15,1,2026,324107.39,4.25,4.171,3.366,7.46739522023275,5.97,7.551895,0,0,-891.3,0.0,0.038,-0.001
2099,16,1,2026,324041.54,4.25,4.224,3.363,7.46739522023275,5.97,7.554735,0,0,-65.85,0.0,0.053,-0.003
2100,19,1,2026,324075.9,4.25,4.224,3.366,7.46739522023275,5.96,7.553253,0,0,34.36,0.0,0.0,0.003
2101,20,1,2026,324939.53,4.25,4.294,3.363,7.46739522023275,5.92,7.516092,0,0,863.63,0.0,0.07,-0.003
2102,21,1,2026,326041.0,4.25,4.244,3.359,7.46739522023275,5.87,7.468932,0,0,1101.47,0.0,-0.05,-0.004
2103,22,1,2026,325506.81,4.25,4.246,3.36,7.46739522023275,5.89,7.491771,0,0,-534.19,0.0,0.002,0.001
2104,23,1,2026,325674.13,4.25,4.23,3.359,7.46739522023275,5.88,7.484611,0,0,167.33,0.0,-0.016,-0.001
2105,26,1,2026,325241.7,4.25,4.21,3.356,7.46739522023275,5.89,7.503129,0,0,-432.44,0.0,-0.02,-0.003
2106,27,1,2026,326110.42,4.25,4.25,3.352,7.46739522023275,5.85,7.465968,0,0,868.72,0.0,0.04,-0.004
2107,28,1,2026,327218.4,4.25,4.24,3.345,7.46739522023275,5.8,7.418808,0,0,1107.98,0.0,-0.01,-0.007
2108,29,1,2026,327859.29,4.25,4.23,3.345,7.46739522023275,5.77,7.391647,0,0,640.9,0.0,-0.01,0.0
2109,30,1,2026,327320.22,4.25,4.24,3.355,7.46739522023275,5.79,7.414486,0,0,-539.07,0.0,0.01,0.01
2110,2,2,2026,326884.21,4.25,4.28,3.369,7.4709171059385,5.8,7.433005,0,0,-436.02,0.0,0.04,0.014
2111,3,2,2026,326817.44,4.25,4.27,3.365,7.4709171059385,5.8,7.435844,0,0,-66.77,0.0,-0.01,-0.004
2112,4,2,2026,326515.79,4.25,4.28,3.364,7.4709171059385,5.81,7.448684,0,0,-301.65,0.0,0.01,-0.001
2113,5,2,2026,328335.48,4.25,4.18,3.368,7.4709171059385,5.73,7.371523,0,0,1819.69,0.0,-0.1,0.004
2114,6,2,2026,327323.15,4.25,4.21,3.363,7.4709171059385,5.77,7.414362,0,0,-1012.33,0.0,0.03,-0.005
2115,9,2,2026,326182.77,4.25,4.2,3.363,7.4709171059385,5.81,7.462881,0,0,-1140.38,0.0,-0.01,0.0
2116,10,2,2026,326350.67,4.25,4.15,3.362,7.4709171059385,5.8,7.45572,0,0,167.89,0.0,-0.05,-0.001
2117,11,2,2026,325815.64,4.25,4.173,3.363,7.4709171059385,5.82,7.478559,0,0,-535.02,0.0,0.023,0.001
2118,12,2,2026,325983.23,4.25,4.1,3.358,7.4709171059385,5.81,7.471399,0,0,167.59,0.0,-0.073,-0.005
2119,13,2,2026,326150.96,4.25,4.05,3.358,7.4709171059385,5.8,7.464238,0,0,167.73,0.0,-0.05,0.0
2120,16,2,2026,326860.98,4.25,4.05,3.356,7.4709171059385,5.78,7.433992,0,0,710.02,0.0,0.0,-0.002
2121,17,2,2026,327707.6,4.25,4.06,3.348,7.4709171059385,5.76,7.398068,0,0,846.62,0.0,0.01,-0.008
2122,18,2,2026,327611.38,4.25,4.084,3.353,7.4709171059385,5.78,7.402143,0,0,-96.22,0.0,0.024,0.005
2123,19,2,2026,327279.4,4.25,4.068,3.366,7.4709171059385,5.81,7.416219,0,0,-331.98,0.0,-0.016,0.013
2124,20,2,2026,327183.38,4.25,4.085,3.36,7.4709171059385,5.83,7.420294,0,0,-96.02,0.0,0.017,-0.006
2125,23,2,2026,329261.59,4.25,4.033,3.362,7.4709171059385,5.79,7.33252,0,0,2078.21,0.0,-0.052,0.002
2126,24,2,2026,329640.94,4.25,4.031,3.363,7.4709171059385,5.79,7.316596,0,0,379.35,0.0,-0.002,0.001
2127,25,2,2026,329067.7,4.25,4.054,3.363,7.4709171059385,5.83,7.340671,0,0,-573.25,0.0,0.023,0.0
2128,26,2,2026,328970.82,4.25,4.005,3.36,7.4709171059385,5.85,7.344746,0,0,-96.88,0.0,-0.049,-0.003
2129,27,2,2026,329349.63,4.25,3.941,3.361,7.4709171059385,5.85,7.328822,0,0,378.81,0.0,-0.064,0.001
2130,2,3,2026,328821.12,4.25,4.036,3.368,7.46584622319791,5.92,7.351048,0,0,-528.51,0.0,0.095,0.007
2131,3,3,2026,327541.04,4.25,4.061,3.408,7.46584622319791,5.99,7.405123,0,0,-1280.08,0.0,0.025,0.04
2132,4,3,2026,327444.9,4.25,4.098,3.414,7.46584622319791,6.01,7.409199,0,0,-96.14,0.0,0.037,0.006
2133,5,3,2026,325939.33,4.25,4.137,3.432,7.46584622319791,6.09,7.473274,0,0,-1505.57,0.0,0.039,0.018
2134,6,3,2026,325143.27,4.25,4.14,3.479,7.46584622319791,6.14,7.50735,0,1,-796.06,0.0,0.003,0.042
2135,9,3,2026,326025.92,4.25,4.098,3.493,7.46584622319791,6.15,7.469576,0,0,882.66,0.0,-0.042,0.014
2136,10,3,2026,328048.36,4.25,4.158,3.451,7.46584622319791,6.08,7.383651,0,0,2022.44,0.0,0.06,-0.042
2137,11,3,2026,328188.57,4.25,4.232,3.427,7.46584622319791,6.09,7.377726,0,0,140.2,0.0,0.074,-0.024
2138,12,3,2026,327383.51,4.25,4.263,3.449,7.46584622319791,6.14,7.411802,0,0,-805.05,0.0,0.031,0.022
2139,13,3,2026,325410.92,4.25,4.278,3.453,7.46584622319791,6.24,7.495877,0,0,-1972.59,0.0,0.015,0.004
2140,16,3,2026,325667.75,4.25,4.218,3.439,7.46584622319791,6.26,7.484884,0,0,256.83,0.0,-0.06,-0.014
2141,17,3,2026,326819.91,4.25,4.2,3.417,7.46584622319791,6.21,7.435739,0,0,1152.16,0.0,-0.018,-0.022
2142,18,3,2026,326799.79,4.25,4.267,3.435,7.46584622319791,6.21,7.436595,0,0,-20.11,0.0,0.067,0.018
2143,19,3,2026,324442.71,4.25,4.251,3.454,7.46584622319791,6.31,7.53745,0,0,-2357.09,0.0,-0.016,0.019
2144,20,3,2026,322803.34,4.25,4.382,3.477,7.46584622319791,6.38,7.608306,0,0,-1639.37,0.0,0.131,0.023
2145,23,3,2026,325527.81,4.25,4.345,3.468,7.46584622319791,6.26,7.490872,0,0,2724.47,0.0,-0.037,-0.009
2146,24,3,2026,323879.47,4.25,4.364,3.464,7.46584622319791,6.33,7.561728,0,0,-1648.34,0.0,0.019,-0.004
2147,25,3,2026,323165.93,4.25,4.334,3.468,7.46584622319791,6.36,7.592583,0,0,-713.54,0.0,-0.03,0.004
2148,26,3,2026,320851.53,4.25,4.415,3.466,7.46584622319791,6.46,7.693439,0,0,-2314.41,0.0,0.081,-0.002
2149,27,3,2026,319015.66,4.25,4.43,3.486,7.46584622319791,6.54,7.774294,0,0,-1835.87,0.0,0.015,0.02
2150,30,3,2026,317606.87,4.25,4.35,3.495,7.46584622319791,6.6,7.836861,0,0,-1408.79,0.0,-0.08,0.009
2151,31,3,2026,318712.57,4.25,4.319,3.495,7.46584622319791,6.55,7.787716,0,0,1105.71,0.0,-0.031,0.0
2152,1,4,2026,318693.27,4.25,4.32,3.467,7.46354877057602,6.55,7.788572,0,0,-19.3,0.0,0.001,-0.028
2153,2,4,2026,318673.97,4.25,4.307,3.467,7.46354877057602,6.55,7.789427,1,0,-19.3,0.0,-0.013,0.0
2154,3,4,2026,318654.67,4.25,4.346,3.467,7.46354877057602,6.55,7.790283,1,0,-19.3,0.0,0.039,0.0
2155,6,4,2026,318596.79,4.25,4.333,3.449,7.46354877057602,6.55,7.792849,0,0,-57.88,0.0,-0.013,-0.018
2156,7,4,2026,318577.5,4.25,4.295,3.438,7.46354877057602,6.55,7.793705,0,0,-19.29,0.0,-0.038,-0.011
2157,8,4,2026,325208.31,4.25,4.293,3.399,7.46354877057602,6.26,7.50456,0,1,4874.69,0.0,-0.002,-0.039
2158,9,4,2026,328717.42,4.25,4.276,3.387,7.46354877057602,6.11,7.355416,0,0,3509.11,0.0,-0.017,-0.012
2159,10,4,2026,328697.12,4.25,4.319,3.385,7.46354877057602,6.11,7.356271,0,0,-20.3,0.0,0.043,-0.002
2160,13,4,2026,330064.81,4.25,4.294,3.379,7.46354877057602,6.05,7.298838,0,0,1367.69,0.0,-0.025,-0.006
2161,14,4,2026,329090.95,4.25,4.249,3.39,7.46354877057602,6.09,7.339693,0,0,-973.86,0.0,-0.045,0.011
2162,15,4,2026,324370.73,4.25,4.285,3.436,7.46354877057602,6.29,7.540549,0,1,-4720.22,0.0,0.036,0.042
2163,16,4,2026,328624.08,4.25,4.313,3.436,7.46354877057602,6.11,7.359349,0,0,4253.35,0.0,0.028,0.0
2164,17,4,2026,330081.24,4.25,4.25,3.442,7.46354877057602,6.05,7.29815,0,0,1457.17,0.0,-0.063,0.006
2165,20,4,2026,330645.93,4.25,4.252,3.444,7.46354877057602,6.03,7.274552,0,0,564.69,0.0,0.002,0.002
2166,21,4,2026,329956.95,4.25,4.293,3.442,7.46354877057602,6.06,7.303353,0,0,-688.98,0.0,0.041,-0.002
2167,22,4,2026,326904.23,4.25,4.303,3.444,7.46354877057602,6.19,7.432154,0,0,-3052.73,0.0,0.01,0.002
2168,23,4,2026,326697.32,4.25,4.326,3.462,7.46354877057602,6.2,7.440954,0,0,-206.9,0.0,0.023,0.018
2169,24,4,2026,327431.78,4.25,4.302,3.478,7.46354877057602,6.17,7.409755,0,0,734.46,0.0,-0.024,0.016
2170,27,4,2026,326106.0,4.25,4.341,3.51,7.46354877057602,6.23,7.466157,0,0,-1325.78,0.0,0.039,0.032
2171,28,4,2026,326838.28,4.25,4.347,3.519,7.46354877057602,6.2,7.434958,0,0,732.28,0.0,0.006,0.009
2172,29,4,2026,325927.99,4.25,4.431,3.529,7.46354877057602,6.24,7.473758,0,0,-910.29,0.0,0.084,0.01
2173,30,4,2026,326424.82,4.25,4.372,3.521,7.46354877057602,6.22,7.452559,0,0,496.83,0.0,-0.059,-0.008
2174,1,5,2026,326452.97,4.25,4.371,3.521,7.46606952737137,6.22,7.45136,1,0,28.14,0.0,-0.001,0.0
2175,4,5,2026,325834.3,4.25,4.439,3.522,7.46606952737137,6.25,7.477762,0,0,-618.67,0.0,0.068,0.001
2176,5,5,2026,325394.92,4.25,4.425,3.498,7.46606952737137,6.27,7.496563,0,0,-439.38,0.0,-0.014,-0.024
2177,6,5,2026,327064.01,4.25,4.349,3.47,7.46606952737137,6.2,7.425363,0,0,1669.09,0.0,-0.076,-0.028
2178,7,5,2026,326856.94,4.25,4.387,3.461,7.46606952737137,6.21,7.434164,0,0,-207.07,0.0,0.038,-0.009
2179,8,5,2026,326885.15,4.25,4.355,3.45,7.46606952737137,6.21,7.432965,0,0,28.21,0.0,-0.032,-0.011
2180,11,5,2026,326734.63,4.25,4.414,3.44,7.46606952737137,6.22,7.439367,0,0,-150.52,0.0,0.059,-0.01
2181,12,5,2026,326998.01,4.25,4.463,3.434,7.46606952737137,6.21,7.428167,0,0,263.38,0.0,0.049,-0.006
2182,13,5,2026,327026.24,4.25,4.469,3.426,7.46606952737137,6.21,7.426968,0,0,28.23,0.0,0.006,-0.008
2183,14,5,2026,326349.52,4.25,4.483,3.419,7.46606952737137,6.24,7.455769,0,0,-676.71,0.0,0.014,-0.007
2184,15,5,2026,324975.0,4.25,4.594,3.435,7.46606952737137,6.3,7.51457,0,0,-1374.52,0.0,0.111,0.016
2185,18,5,2026,324106.13,4.25,4.588,3.439,7.46606952737137,6.32,7.551949,0,0,-868.87,0.0,-0.006,0.004
2186,19,5,2026,323277.7,4.25,4.667,3.431,7.46606952737137,6.35,7.587743,0,0,-828.43,0.0,0.079,-0.008
2187,20,5,2026,324301.37,4.25,4.586,3.414,7.46606952737137,6.3,7.543536,0,0,1023.67,0.0,-0.081,-0.017
2188,21,5,2026,325097.12,4.25,4.572,3.418,7.46606952737137,6.26,7.509329,0,0,795.75,0.0,-0.014,0.004
2189,22,5,2026,324729.32,4.25,4.559,3.421,7.46606952737137,6.27,7.525122,0,0,-367.79,0.0,-0.013,0.003
2190,25,5,2026,324790.29,4.25,4.559,3.42,7.46606952737137,6.25,7.522502,0,0,60.97,0.0,0.0,-0.001
2191,26,5,2026,324190.9,4.25,4.486,3.42,7.46606952737137,6.27,7.548295,0,0,-599.4,0.0,-0.073,0.0
2192,27,5,2026,324520.82,4.25,4.484,3.421,7.46606952737137,6.25,7.534089,0,0,329.92,0.0,-0.002,0.001
2193,28,5,2026,324386.21,4.25,4.448,3.416,7.46606952737137,6.25,7.539882,0,0,-134.6,0.0,-0.036,-0.005
2194,29,5,2026,325649.25,4.25,4.437,3.417,7.46606952737137,6.19,7.485675,0,0,1263.03,0.0,-0.011,0.001
2195,1,6,2026,326883.02,4.25,4.454,3.424,7.46987513747467,6.12,7.433055,0,0,1233.78,0.0,0.017,0.007
2196,2,6,2026,328873.36,4.25,4.444,3.414,7.46987513747467,6.03,7.348848,0,0,1990.34,0.0,-0.01,-0.01
2197,3,6,2026,328261.61,4.25,4.496,3.422,7.46987513747467,6.05,7.374642,0,0,-611.76,0.0,0.052,0.008
2198,4,6,2026,329311.23,4.25,4.475,3.418,7.46987513747467,6.0,7.330435,0,0,1049.62,0.0,-0.021,-0.004
2199,5,6,2026,323312.68,4.25,4.531,3.443,7.46987513747467,6.25,7.586228,0,1,-4836.9,0.0,0.056,0.025
2200,8,6,2026,326400.22,4.25,4.564,3.498,7.46987513747467,6.1,7.453608,0,1,3087.53,0.0,0.033,0.042
2201,9,6,2026,329812.56,4.25,4.518,3.375,7.46987513747467,5.95,7.309401,0,1,3412.35,0.0,-0.046,-0.042
2202,10,6,2026,328011.85,4.25,4.553,3.402,7.46987513747467,6.02,7.385195,0,0,-1800.71,0.0,0.035,0.027
2203,11,6,2026,327167.04,4.25,4.462,3.394,7.46987513747467,6.05,7.420988,0,0,-844.81,0.0,-0.091,-0.008
2204,12,6,2026,328210.95,4.25,4.481,3.389,7.46987513747467,6.0,7.376781,0,0,1043.91,0.0,0.019,-0.005
2205,15,6,2026,327327.9,4.25,4.475,3.387,7.46987513747467,6.02,7.414161,0,0,-883.05,0.0,-0.006,-0.002
2206,16,6,2026,326614.52,4.25,4.44,3.382,7.46987513747467,6.05,7.444479,0,0,-713.38,0.0,-0.035,-0.005
2207,17,6,2026,325436.13,4.25,4.489,3.384,7.46987513747467,6.1,7.494797,0,0,-1178.38,0.0,0.049,0.002
2208,18,6,2026,325195.35,4.25,4.455,3.388,7.46987513747467,6.11,7.505116,0,0,-240.78,0.0,-0.034,0.004
2209,19,6,2026,324489.55,4.25,4.455,3.386,7.46987513747467,6.14,7.535434,0,0,-705.8,0.0,0.0,-0.002
2210,22,6,2026,324699.86,4.25,4.51,3.387,7.46987513747467,6.13,7.526389,0,0,210.31,0.0,0.055,0.001
2211,23,6,2026,325625.13,4.25,4.498,3.41,7.46987513747467,6.09,7.486707,0,0,925.27,0.0,-0.012,0.023
2212,24,6,2026,325851.53,4.25,4.393,3.425,7.46987513747467,6.08,7.477025,0,0,226.41,0.0,-0.105,0.015
2213,25,6,2026,324677.65,4.25,4.394,3.415,7.46987513747467,6.13,7.527344,0,0,-1173.89,0.0,0.001,-0.01
2214,26,6,2026,325602.81,4.25,4.371,3.415,7.46987513747467,6.09,7.487662,0,0,925.17,0.0,-0.023,0.0
2215,29,6,2026,325580.5,4.25,4.376,3.415,7.46987513747467,6.09,7.488617,1,0,-22.31,0.0,0.005,0.0
2216,30,6,2026,325806.85,4.25,4.466,3.415,7.46987513747467,6.08,7.478935,0,0,226.36,0.0,0.09,0.0
2217,1,7,2026,326033.47,4.25,4.48,3.416,7.47265684163768,6.07,7.469253,0,0,226.61,0.0,0.014,0.001
2218,2,7,2026,326026.01,4.25,4.485,3.409,7.47265684163768,6.07,7.469572,0,0,-7.45,0.0,0.005,-0.007
2219,3,7,2026,325784.52,4.25,4.485,3.403,7.47265684163768,6.08,7.47989,0,0,-241.49,0.0,0.0,-0.006
2220,6,7,2026,325294.98,4.25,4.47,3.411,7.47265684163768,6.1,7.500845,0,0,-489.54,0.0,-0.015,0.008
2221,7,7,2026,325287.55,4.25,4.552,3.409,7.47265684163768,6.1,7.501163,0,0,-7.43,0.0,0.082,-0.002
2222,8,7,2026,324116.98,4.25,4.581,3.412,7.47265684163768,6.15,7.551481,0,0,-1170.57,0.0,0.029,0.003
2223,9,7,2026,324806.64,4.25,4.553,3.406,7.47265684163768,6.12,7.5218,0,0,689.66,0.0,-0.028,-0.006
2224,10,7,2026,325498.71,4.25,4.562,3.397,7.47265684163768,6.09,7.492118,0,0,692.06,0.0,0.009,-0.009
2225,13,7,2026,325476.41,4.25,4.625,3.406,7.47265684163768,6.09,7.493073,0,0,-22.3,0.0,0.063,0.009
2226,14,7,2026,326875.12,4.25,4.591,3.397,7.47265684163768,6.03,7.433391,0,0,1398.71,0.0,-0.034,-0.009
2227,15,7,2026,327338.54,4.25,4.549,3.391,7.47265684163768,6.01,7.413709,0,0,463.42,0.0,-0.042,-0.006
2228,16,7,2026,327192.77,4.25,4.554,3.396,7.47265684163768,6.02,7.419895,0,0,-145.77,0.0,0.005,0.005
2229,17,7,2026,326576.89,4.25,4.549,3.408,7.47265684163768,6.05,7.446081,0,0,-615.88,0.0,-0.005,0.012
2230,20,7,2026,326845.77,4.25,4.593,3.408,7.47265684163768,6.05,7.434639,0,0,268.88,0.0,0.044,0.0
2231,21,7,2026,327406.55,4.25,4.629,3.403,7.47265684163768,6.03,7.410825,0,0,560.77,0.0,0.036,-0.005
2232,22,7,2026,327260.73,4.25,4.656,3.404,7.47265684163768,6.04,7.417011,0,0,-145.82,0.0,0.027,0.001
2233,23,7,2026,327350.63,4.25,4.694,3.404,7.47265684163768,6.04,7.413197,1,0,89.89,0.0,0.038,0.0
2234,24,7,2026,327204.85,4.25,4.678,3.411,7.47265684163768,6.05,7.419383,0,0,-145.78,0.0,-0.016,0.007
2235,27,7,2026,327474.58,4.25,4.65,3.411,7.47265684163768,6.05,7.40794,1,0,269.73,0.0,-0.028,0.0
2236,28,7,2026,327564.57,4.25,4.607,3.411,7.47265684163768,6.05,7.404126,1,0,89.99,0.0,-0.043,0.0
2237,29,7,2026,327654.6,4.25,4.679,3.411,7.47265684163768,6.05,7.400312,1,0,90.03,0.0,0.072,0.0
2238,30,7,2026,327744.67,4.25,4.674,3.399,7.47265684163768,6.05,7.396498,0,0,90.07,0.0,-0.005,-0.012
2239,31,7,2026,326421.89,4.25,4.736,3.4,7.47265684163768,6.11,7.452684,0,0,-1322.78,0.0,0.062,0.001
2240,3,8,2026,325052.54,4.25,4.678,3.402,7.47497280199697,6.18,7.511242,0,0,-1369.36,0.0,-0.058,0.002
2241,4,8,2026,324908.43,4.25,4.615,3.394,7.47497280199697,6.19,7.517428,0,0,-144.11,0.0,-0.063,-0.008
2242,5,8,2026,325230.39,4.25,4.615,3.394,7.47497280199697,6.18,7.503614,0,0,321.96,0.0,0.0,0.0
2243,6,8,2026,325319.37,4.25,4.681,3.394,7.47497280199697,6.18,7.4998,1,0,88.98,0.0,0.066,0.0
2244,7,8,2026,326110.02,4.25,4.646,3.391,7.47497280199697,6.15,7.465985,0,0,790.65,0.0,-0.035,-0.003
2245,10,8,2026,326613.01,4.25,4.708,3.387,7.47497280199697,6.14,7.444543,0,0,503.0,0.0,0.062,-0.004
2246,11,8,2026,326937.74,4.25,4.69,3.372,7.47497280199697,6.13,7.430729,0,0,324.72,0.0,-0.018,-0.015
2247,12,8,2026,327971.16,4.25,4.695,3.365,7.47497280199697,6.09,7.386915,0,0,1033.43,0.0,0.005,-0.007
2248,13,8,2026,328298.1,4.25,4.644,3.371,7.47497280199697,6.08,7.373101,0,0,326.93,0.0,-0.051,0.006
2249,14,8,2026,328151.63,4.25,4.693,3.368,7.47497280199697,6.09,7.379287,0,0,-146.47,0.0,0.049,-0.003
2250,17,8,2026,328005.27,4.25,4.723,3.37,7.47497280199697,6.1,7.385473,0,0,-146.36,0.0,0.03,0.002
2251,18,8,2026,325887.87,4.25,4.705,3.362,7.47497280199697,6.19,7.475473,0,0,-2117.4,0.0,-0.018,-0.008
2252,19,8,2026,326356.47,4.25,4.648,3.361,7.47497280199697,6.17,7.455473,0,0,468.6,0.0,-0.057,-0.001
2253,20,8,2026,324024.43,4.25,4.706,3.361,7.47497280199697,6.27,7.555473,0,0,-2332.04,0.0,0.058,0.0
2254,21,8,2026,324256.4,4.25,4.735,3.352,7.47497280199697,6.26,7.545473,0,0,231.97,0.0,0.029,-0.009
2255,24,8,2026,324256.4,4.25,4.698,3.356,7.47497280199697,6.26,7.545473,0,0,0.0,0.0,-0.037,0.004
2256,25,8,2026,324721.17,4.25,4.63,3.35,7.47497280199697,6.24,7.525473,0,0,464.77,0.0,-0.068,-0.006
2257,26,8,2026,324721.17,4.25,4.648,3.35,7.47497280199697,6.24,7.525473,0,0,0.0,0.0,0.018,0.0
2258,27,8,2026,324256.4,4.25,4.677,3.348,7.47497280199697,6.26,7.545473,0,0,-464.77,0.0,0.029,-0.002
2259,28,8,2026,324256.4,4.25,4.72,3.356,7.47497280199697,6.26,7.545473,0,0,0.0,0.0,0.043,0.008
2260,31,8,2026,323099.24,4.25,4.751,3.367,7.47497280199697,6.31,7.595473,0,0,-1157.16,0.0,0.031,0.011
