variable,codigo_bcrp,frecuencia,nombre_oficial,periodo,valor
tea_hipotecaria_pen,PN07848NM,mensual,Tasas de interés activas promedio de las empresas bancarias por modalidad (términos efectivos anuales) - MN - Hipotecario,Ene.2021,7.38391738798809
tea_hipotecaria_pen,PN07848NM,mensual,Tasas de interés activas promedio de las empresas bancarias por modalidad (términos efectivos anuales) - MN - Hipotecario,Feb.2021,7.28921052999691
tea_hipotecaria_pen,PN07848NM,mensual,Tasas de interés activas promedio de las empresas bancarias por modalidad (términos efectivos anuales) - MN - Hipotecario,Mar.2021,7.18070619799812
tea_hipotecaria_pen,PN07848NM,mensual,Tasas de interés activas promedio de las empresas bancarias por modalidad (términos efectivos anuales) - MN - Hipotecario,Abr.2021,7.07547865895112
tea_hipotecaria_pen,PN07848NM,mensual,Tasas de interés activas promedio de las empresas bancarias por modalidad (términos efectivos anuales) - MN - Hipotecario,May.2021,6.98254115872125
tea_hipotecaria_pen,PN07848NM,mensual,Tasas de interés activas promedio de las empresas bancarias por modalidad (términos efectivos anuales) - MN - Hipotecario,Jun.2021,6.91490061603869
tea_hipotecaria_pen,PN07848NM,mensual,Tasas de interés activas promedio de las empresas bancarias por modalidad (términos efectivos anuales) - MN - Hipotecario,Jul.2021,6.84696114327376
tea_hipotecaria_pen,PN07848NM,mensual,Tasas de interés activas promedio de las empresas bancarias por modalidad (términos efectivos anuales) - MN - Hipotecario,Ago.2021,6.79395314309815
tea_hipotecaria_pen,PN07848NM,mensual,Tasas de interés activas promedio de las empresas bancarias por modalidad (términos efectivos anuales) - MN - Hipotecario,Sep.2021,6.74763122700596
tea_hipotecaria_pen,PN07848NM,mensual,Tasas de interés activas promedio de las empresas bancarias por modalidad (términos efectivos anuales) - MN - Hipotecario,Oct.2021,6.7078105946698
tea_hipotecaria_pen,PN07848NM,mensual,Tasas de interés activas promedio de las empresas bancarias por modalidad (términos efectivos anuales) - MN - Hipotecario,Nov.2021,6.69381541134265
tea_hipotecaria_pen,PN07848NM,mensual,Tasas de interés activas promedio de las empresas bancarias por modalidad (términos efectivos anuales) - MN - Hipotecario,Dic.2021,6.68257925654479
tea_hipotecaria_pen,PN07848NM,mensual,Tasas de interés activas promedio de las empresas bancarias por modalidad (términos efectivos anuales) - MN - Hipotecario,Ene.2022,6.6713548511654
tea_hipotecaria_pen,PN07848NM,mensual,Tasas de interés activas promedio de las empresas bancarias por modalidad (términos efectivos anuales) - MN - Hipotecario,Feb.2022,6.64925658976194
tea_hipotecaria_pen,PN07848NM,mensual,Tasas de interés activas promedio de las empresas bancarias por modalidad (términos efectivos anuales) - MN - Hipotecario,Mar.2022,6.59850585328241
tea_hipotecaria_pen,PN07848NM,mensual,Tasas de interés activas promedio de las empresas bancarias por modalidad (términos efectivos anuales) - MN - Hipotecario,Abr.2022,6.60675104661952
tea_hipotecaria_pen,PN07848NM,mensual,Tasas de interés activas promedio de las empresas bancarias por modalidad (términos efectivos anuales) - MN - Hipotecario,May.2022,6.62171888017961
tea_hipotecaria_pen,PN07848NM,mensual,Tasas de interés activas promedio de las empresas bancarias por modalidad (términos efectivos anuales) - MN - Hipotecario,Jun.2022,6.64652450808265
tea_hipotecaria_pen,PN07848NM,mensual,Tasas de interés activas promedio de las empresas bancarias por modalidad (términos efectivos anuales) - MN - Hipotecario,Jul.2022,6.67648935270125
tea_hipotecaria_pen,PN07848NM,mensual,Tasas de interés activas promedio de las empresas bancarias por modalidad (términos efectivos anuales) - MN - Hipotecario,Ago.2022,6.70652474415222
tea_hipotecaria_pen,PN07848NM,mensual,Tasas de interés activas promedio de las empresas bancarias por modalidad (términos efectivos anuales) - MN - Hipotecario,Sep.2022,6.7483953575248
tea_hipotecaria_pen,PN07848NM,mensual,Tasas de interés activas promedio de las empresas bancarias por modalidad (términos efectivos anuales) - MN - Hipotecario,Oct.2022,6.78941671139332
tea_hipotecaria_pen,PN07848NM,mensual,Tasas de interés activas promedio de las empresas bancarias por modalidad (términos efectivos anuales) - MN - Hipotecario,Nov.2022,6.83356400159313
tea_hipotecaria_pen,PN07848NM,mensual,Tasas de interés activas promedio de las empresas bancarias por modalidad (términos efectivos anuales) - MN - Hipotecario,Dic.2022,6.87898696531991
tea_hipotecaria_pen,PN07848NM,mensual,Tasas de interés activas promedio de las empresas bancarias por modalidad (términos efectivos anuales) - MN - Hipotecario,Ene.2023,6.91741136550458
tea_hipotecaria_pen,PN07848NM,mensual,Tasas de interés activas promedio de las empresas bancarias por modalidad (términos efectivos anuales) - MN - Hipotecario,Feb.2023,6.95314641184834
tea_hipotecaria_pen,PN07848NM,mensual,Tasas de interés activas promedio de las empresas bancarias por modalidad (términos efectivos anuales) - MN - Hipotecario,Mar.2023,6.98657575869307
tea_hipotecaria_pen,PN07848NM,mensual,Tasas de interés activas promedio de las empresas bancarias por modalidad (términos efectivos anuales) - MN - Hipotecario,Abr.2023,7.02407641308018
tea_hipotecaria_pen,PN07848NM,mensual,Tasas de interés activas promedio de las empresas bancarias por modalidad (términos efectivos anuales) - MN - Hipotecario,May.2023,7.05683776205561
tea_hipotecaria_pen,PN07848NM,mensual,Tasas de interés activas promedio de las empresas bancarias por modalidad (términos efectivos anuales) - MN - Hipotecario,Jun.2023,7.08642084707663
tea_hipotecaria_pen,PN07848NM,mensual,Tasas de interés activas promedio de las empresas bancarias por modalidad (términos efectivos anuales) - MN - Hipotecario,Jul.2023,7.11581081328546
tea_hipotecaria_pen,PN07848NM,mensual,Tasas de interés activas promedio de las empresas bancarias por modalidad (términos efectivos anuales) - MN - Hipotecario,Ago.2023,7.14362832478569
tea_hipotecaria_pen,PN07848NM,mensual,Tasas de interés activas promedio de las empresas bancarias por modalidad (términos efectivos anuales) - MN - Hipotecario,Sep.2023,7.17510798396905
tea_hipotecaria_pen,PN07848NM,mensual,Tasas de interés activas promedio de las empresas bancarias por modalidad (términos efectivos anuales) - MN - Hipotecario,Oct.2023,7.19725311317078
tea_hipotecaria_pen,PN07848NM,mensual,Tasas de interés activas promedio de las empresas bancarias por modalidad (términos efectivos anuales) - MN - Hipotecario,Nov.2023,7.22165175316325
tea_hipotecaria_pen,PN07848NM,mensual,Tasas de interés activas promedio de las empresas bancarias por modalidad (términos efectivos anuales) - MN - Hipotecario,Dic.2023,7.24698780702238
tea_hipotecaria_pen,PN07848NM,mensual,Tasas de interés activas promedio de las empresas bancarias por modalidad (términos efectivos anuales) - MN - Hipotecario,Ene.2024,7.26723288217075
tea_hipotecaria_pen,PN07848NM,mensual,Tasas de interés activas promedio de las empresas bancarias por modalidad (términos efectivos anuales) - MN - Hipotecario,Feb.2024,7.28468226524693
tea_hipotecaria_pen,PN07848NM,mensual,Tasas de interés activas promedio de las empresas bancarias por modalidad (términos efectivos anuales) - MN - Hipotecario,Mar.2024,7.2978830993878
tea_hipotecaria_pen,PN07848NM,mensual,Tasas de interés activas promedio de las empresas bancarias por modalidad (términos efectivos anuales) - MN - Hipotecario,Abr.2024,7.31584300766355
tea_hipotecaria_pen,PN07848NM,mensual,Tasas de interés activas promedio de las empresas bancarias por modalidad (términos efectivos anuales) - MN - Hipotecario,May.2024,7.33449208803608
tea_hipotecaria_pen,PN07848NM,mensual,Tasas de interés activas promedio de las empresas bancarias por modalidad (términos efectivos anuales) - MN - Hipotecario,Jun.2024,7.35311943421423
tea_hipotecaria_pen,PN07848NM,mensual,Tasas de interés activas promedio de las empresas bancarias por modalidad (términos efectivos anuales) - MN - Hipotecario,Jul.2024,7.37119365001268
tea_hipotecaria_pen,PN07848NM,mensual,Tasas de interés activas promedio de las empresas bancarias por modalidad (términos efectivos anuales) - MN - Hipotecario,Ago.2024,7.38335903859675
tea_hipotecaria_pen,PN07848NM,mensual,Tasas de interés activas promedio de las empresas bancarias por modalidad (términos efectivos anuales) - MN - Hipotecario,Sep.2024,7.39235254636036
tea_hipotecaria_pen,PN07848NM,mensual,Tasas de interés activas promedio de las empresas bancarias por modalidad (términos efectivos anuales) - MN - Hipotecario,Oct.2024,7.40327190339799
tea_hipotecaria_pen,PN07848NM,mensual,Tasas de interés activas promedio de las empresas bancarias por modalidad (términos efectivos anuales) - MN - Hipotecario,Nov.2024,7.41261766929999
tea_hipotecaria_pen,PN07848NM,mensual,Tasas de interés activas promedio de las empresas bancarias por modalidad (términos efectivos anuales) - MN - Hipotecario,Dic.2024,7.42138344246065
tea_hipotecaria_pen,PN07848NM,mensual,Tasas de interés activas promedio de las empresas bancarias por modalidad (términos efectivos anuales) - MN - Hipotecario,Ene.2025,7.43347070441869
tea_hipotecaria_pen,PN07848NM,mensual,Tasas de interés activas promedio de las empresas bancarias por modalidad (términos efectivos anuales) - MN - Hipotecario,Feb.2025,7.44571735993152
tea_hipotecaria_pen,PN07848NM,mensual,Tasas de interés activas promedio de las empresas bancarias por modalidad (términos efectivos anuales) - MN - Hipotecario,Mar.2025,7.4554131785774
tea_hipotecaria_pen,PN07848NM,mensual,Tasas de interés activas promedio de las empresas bancarias por modalidad (términos efectivos anuales) - MN - Hipotecario,Abr.2025,7.45627934824868
tea_hipotecaria_pen,PN07848NM,mensual,Tasas de interés activas promedio de las empresas bancarias por modalidad (términos efectivos anuales) - MN - Hipotecario,May.2025,7.44695083826127
tea_hipotecaria_pen,PN07848NM,mensual,Tasas de interés activas promedio de las empresas bancarias por modalidad (términos efectivos anuales) - MN - Hipotecario,Jun.2025,7.4430846579992
tea_hipotecaria_pen,PN07848NM,mensual,Tasas de interés activas promedio de las empresas bancarias por modalidad (términos efectivos anuales) - MN - Hipotecario,Jul.2025,7.4420033394435
tea_hipotecaria_pen,PN07848NM,mensual,Tasas de interés activas promedio de las empresas bancarias por modalidad (términos efectivos anuales) - MN - Hipotecario,Ago.2025,7.44357220100148
tea_hipotecaria_pen,PN07848NM,mensual,Tasas de interés activas promedio de las empresas bancarias por modalidad (términos efectivos anuales) - MN - Hipotecario,Sep.2025,7.44633816383766
tea_hipotecaria_pen,PN07848NM,mensual,Tasas de interés activas promedio de las empresas bancarias por modalidad (términos efectivos anuales) - MN - Hipotecario,Oct.2025,7.45040722530117
tea_hipotecaria_pen,PN07848NM,mensual,Tasas de interés activas promedio de las empresas bancarias por modalidad (términos efectivos anuales) - MN - Hipotecario,Nov.2025,7.45679615998072
tea_hipotecaria_pen,PN07848NM,mensual,Tasas de interés activas promedio de las empresas bancarias por modalidad (términos efectivos anuales) - MN - Hipotecario,Dic.2025,7.46043298403999
tea_hipotecaria_pen,PN07848NM,mensual,Tasas de interés activas promedio de las empresas bancarias por modalidad (términos efectivos anuales) - MN - Hipotecario,Ene.2026,7.46739522023275
tea_hipotecaria_pen,PN07848NM,mensual,Tasas de interés activas promedio de las empresas bancarias por modalidad (términos efectivos anuales) - MN - Hipotecario,Feb.2026,7.4709171059385
tea_hipotecaria_pen,PN07848NM,mensual,Tasas de interés activas promedio de las empresas bancarias por modalidad (términos efectivos anuales) - MN - Hipotecario,Mar.2026,7.46584622319791
tea_hipotecaria_pen,PN07848NM,mensual,Tasas de interés activas promedio de las empresas bancarias por modalidad (términos efectivos anuales) - MN - Hipotecario,Abr.2026,7.46354877057602
tea_hipotecaria_pen,PN07848NM,mensual,Tasas de interés activas promedio de las empresas bancarias por modalidad (términos efectivos anuales) - MN - Hipotecario,May.2026,7.46606952737137
tea_hipotecaria_pen,PN07848NM,mensual,Tasas de interés activas promedio de las empresas bancarias por modalidad (términos efectivos anuales) - MN - Hipotecario,Jun.2026,7.46987513747467
tea_hipotecaria_pen,PN07848NM,mensual,Tasas de interés activas promedio de las empresas bancarias por modalidad (términos efectivos anuales) - MN - Hipotecario,Jul.2026,7.47265684163768
tea_hipotecaria_pen,PN07848NM,mensual,Tasas de interés activas promedio de las empresas bancarias por modalidad (términos efectivos anuales) - MN - Hipotecario,Ago.2026,7.47497280199697
rend_bono10_pen,PD31893DD,diaria,Tasas de interés - Rendimiento del Bono del gobierno peruano a 10 años (en S/),04.Ene.21,3.49
rend_bono10_pen,PD31893DD,diaria,Tasas de interés - Rendimiento del Bono del gobierno peruano a 10 años (en S/),05.Ene.21,3.51
rend_bono10_pen,PD31893DD,diaria,Tasas de interés - Rendimiento del Bono del gobierno peruano a 10 años (en S/),06.Ene.21,3.61
rend_bono10_pen,PD31893DD,diaria,Tasas de interés - Rendimiento del Bono del gobierno peruano a 10 años (en S/),07.Ene.21,3.64
rend_bono10_pen,PD31893DD,diaria,Tasas de interés - Rendimiento del Bono del gobierno peruano a 10 años (en S/),08.Ene.21,3.65
rend_bono10_pen,PD31893DD,diaria,Tasas de interés - Rendimiento del Bono del gobierno peruano a 10 años (en S/),11.Ene.21,3.7
rend_bono10_pen,PD31893DD,diaria,Tasas de interés - Rendimiento del Bono del gobierno peruano a 10 años (en S/),12.Ene.21,3.62
rend_bono10_pen,PD31893DD,diaria,Tasas de interés - Rendimiento del Bono del gobierno peruano a 10 años (en S/),13.Ene.21,3.58
rend_bono10_pen,PD31893DD,diaria,Tasas de interés - Rendimiento del Bono del gobierno peruano a 10 años (en S/),14.Ene.21,3.59
rend_bono10_pen,PD31893DD,diaria,Tasas de interés - Rendimiento del Bono del gobierno peruano a 10 años (en S/),15.Ene.21,3.62
rend_bono10_pen,PD31893DD,diaria,Tasas de interés - Rendimiento del Bono del gobierno peruano a 10 años (en S/),18.Ene.21,3.64
rend_bono10_pen,PD31893DD,diaria,Tasas de interés - Rendimiento del Bono del gobierno peruano a 10 años (en S/),19.Ene.21,3.66
rend_bono10_pen,PD31893DD,diaria,Tasas de interés - Rendimiento del Bono del gobierno peruano a 10 años (en S/),20.Ene.21,3.67
rend_bono10_pen,PD31893DD,diaria,Tasas de interés - Rendimiento del Bono del gobierno peruano a 10 años (en S/),21.Ene.21,3.68
rend_bono10_pen,PD31893DD,diaria,Tasas de interés - Rendimiento del Bono del gobierno peruano a 10 años (en S/),22.Ene.21,3.72
rend_bono10_pen,PD31893DD,diaria,Tasas de interés - Rendimiento del Bono del gobierno peruano a 10 años (en S/),25.Ene.21,3.73
rend_bono10_pen,PD31893DD,diaria,Tasas de interés - Rendimiento del Bono del gobierno peruano a 10 años (en S/),26.Ene.21,3.78
rend_bono10_pen,PD31893DD,diaria,Tasas de interés - Rendimiento del Bono del gobierno peruano a 10 años (en S/),27.Ene.21,3.88
rend_bono10_pen,PD31893DD,diaria,Tasas de interés - Rendimiento del Bono del gobierno peruano a 10 años (en S/),28.Ene.21,3.73
rend_bono10_pen,PD31893DD,diaria,Tasas de interés - Rendimiento del Bono del gobierno peruano a 10 años (en S/),29.Ene.21,3.66
rend_bono10_pen,PD31893DD,diaria,Tasas de interés - Rendimiento del Bono del gobierno peruano a 10 años (en S/),01.Feb.21,3.71
rend_bono10_pen,PD31893DD,diaria,Tasas de interés - Rendimiento del Bono del gobierno peruano a 10 años (en S/),02.Feb.21,3.74
rend_bono10_pen,PD31893DD,diaria,Tasas de interés - Rendimiento del Bono del gobierno peruano a 10 años (en S/),03.Feb.21,3.77
rend_bono10_pen,PD31893DD,diaria,Tasas de interés - Rendimiento del Bono del gobierno peruano a 10 años (en S/),04.Feb.21,3.78
rend_bono10_pen,PD31893DD,diaria,Tasas de interés - Rendimiento del Bono del gobierno peruano a 10 años (en S/),05.Feb.21,3.77
rend_bono10_pen,PD31893DD,diaria,Tasas de interés - Rendimiento del Bono del gobierno peruano a 10 años (en S/),08.Feb.21,3.77
rend_bono10_pen,PD31893DD,diaria,Tasas de interés - Rendimiento del Bono del gobierno peruano a 10 años (en S/),09.Feb.21,3.76
rend_bono10_pen,PD31893DD,diaria,Tasas de interés - Rendimiento del Bono del gobierno peruano a 10 años (en S/),10.Feb.21,3.73
rend_bono10_pen,PD31893DD,diaria,Tasas de interés - Rendimiento del Bono del gobierno peruano a 10 años (en S/),11.Feb.21,3.75
rend_bono10_pen,PD31893DD,diaria,Tasas de interés - Rendimiento del Bono del gobierno peruano a 10 años (en S/),12.Feb.21,3.77
rend_bono10_pen,PD31893DD,diaria,Tasas de interés - Rendimiento del Bono del gobierno peruano a 10 años (en S/),15.Feb.21,3.79
rend_bono10_pen,PD31893DD,diaria,Tasas de interés - Rendimiento del Bono del gobierno peruano a 10 años (en S/),16.Feb.21,3.87
rend_bono10_pen,PD31893DD,diaria,Tasas de interés - Rendimiento del Bono del gobierno peruano a 10 años (en S/),17.Feb.21,3.89
rend_bono10_pen,PD31893DD,diaria,Tasas de interés - Rendimiento del Bono del gobierno peruano a 10 años (en S/),18.Feb.21,3.99
rend_bono10_pen,PD31893DD,diaria,Tasas de interés - Rendimiento del Bono del gobierno peruano a 10 años (en S/),19.Feb.21,4.11
rend_bono10_pen,PD31893DD,diaria,Tasas de interés - Rendimiento del Bono del gobierno peruano a 10 años (en S/),22.Feb.21,4.21
rend_bono10_pen,PD31893DD,diaria,Tasas de interés - Rendimiento del Bono del gobierno peruano a 10 años (en S/),23.Feb.21,4.15
rend_bono10_pen,PD31893DD,diaria,Tasas de interés - Rendimiento del Bono del gobierno peruano a 10 años (en S/),24.Feb.21,4.15
rend_bono10_pen,PD31893DD,diaria,Tasas de interés - Rendimiento del Bono del gobierno peruano a 10 años (en S/),25.Feb.21,4.29
rend_bono10_pen,PD31893DD,diaria,Tasas de interés - Rendimiento del Bono del gobierno peruano a 10 años (en S/),26.Feb.21,4.23
rend_bono10_pen,PD31893DD,diaria,Tasas de interés - Rendimiento del Bono del gobierno peruano a 10 años (en S/),01.Mar.21,4.27
rend_bono10_pen,PD31893DD,diaria,Tasas de interés - Rendimiento del Bono del gobierno peruano a 10 años (en S/),02.Mar.21,4.42
rend_bono10_pen,PD31893DD,diaria,Tasas de interés - Rendimiento del Bono del gobierno peruano a 10 años (en S/),03.Mar.21,4.57
rend_bono10_pen,PD31893DD,diaria,Tasas de interés - Rendimiento del Bono del gobierno peruano a 10 años (en S/),04.Mar.21,4.75
rend_bono10_pen,PD31893DD,diaria,Tasas de interés - Rendimiento del Bono del gobierno peruano a 10 años (en S/),05.Mar.21,4.76
rend_bono10_pen,PD31893DD,diaria,Tasas de interés - Rendimiento del Bono del gobierno peruano a 10 años (en S/),08.Mar.21,4.9
rend_bono10_pen,PD31893DD,diaria,Tasas de interés - Rendimiento del Bono del gobierno peruano a 10 años (en S/),09.Mar.21,4.79
rend_bono10_pen,PD31893DD,diaria,Tasas de interés - Rendimiento del Bono del gobierno peruano a 10 años (en S/),10.Mar.21,4.7
rend_bono10_pen,PD31893DD,diaria,Tasas de interés - Rendimiento del Bono del gobierno peruano a 10 años (en S/),11.Mar.21,4.56
rend_bono10_pen,PD31893DD,diaria,Tasas de interés - Rendimiento del Bono del gobierno peruano a 10 años (en S/),12.Mar.21,4.7
rend_bono10_pen,PD31893DD,diaria,Tasas de interés - Rendimiento del Bono del gobierno peruano a 10 años (en S/),15.Mar.21,4.68
rend_bono10_pen,PD31893DD,diaria,Tasas de interés - Rendimiento del Bono del gobierno peruano a 10 años (en S/),16.Mar.21,4.7
rend_bono10_pen,PD31893DD,diaria,Tasas de interés - Rendimiento del Bono del gobierno peruano a 10 años (en S/),17.Mar.21,4.68
rend_bono10_pen,PD31893DD,diaria,Tasas de interés - Rendimiento del Bono del gobierno peruano a 10 años (en S/),18.Mar.21,4.66
rend_bono10_pen,PD31893DD,diaria,Tasas de interés - Rendimiento del Bono del gobierno peruano a 10 años (en S/),19.Mar.21,4.6
rend_bono10_pen,PD31893DD,diaria,Tasas de interés - Rendimiento del Bono del gobierno peruano a 10 años (en S/),22.Mar.21,4.54
rend_bono10_pen,PD31893DD,diaria,Tasas de interés - Rendimiento del Bono del gobierno peruano a 10 años (en S/),23.Mar.21,4.62
rend_bono10_pen,PD31893DD,diaria,Tasas de interés - Rendimiento del Bono del gobierno peruano a 10 años (en S/),24.Mar.21,4.68
rend_bono10_pen,PD31893DD,diaria,Tasas de interés - Rendimiento del Bono del gobierno peruano a 10 años (en S/),25.Mar.21,4.71
rend_bono10_pen,PD31893DD,diaria,Tasas de interés - Rendimiento del Bono del gobierno peruano a 10 años (en S/),26.Mar.21,4.73
rend_bono10_pen,PD31893DD,diaria,Tasas de interés - Rendimiento del Bono del gobierno peruano a 10 años (en S/),29.Mar.21,4.8
rend_bono10_pen,PD31893DD,diaria,Tasas de interés - Rendimiento del Bono del gobierno peruano a 10 años (en S/),30.Mar.21,4.99
rend_bono10_pen,PD31893DD,diaria,Tasas de interés - Rendimiento del Bono del gobierno peruano a 10 años (en S/),31.Mar.21,4.97
rend_bono10_pen,PD31893DD,diaria,Tasas de interés - Rendimiento del Bono del gobierno peruano a 10 años (en S/),01.Abr.21,n.d.
rend_bono10_pen,PD31893DD,diaria,Tasas de interés - Rendimiento del Bono del gobierno peruano a 10 años (en S/),02.Abr.21,n.d.
rend_bono10_pen,PD31893DD,diaria,Tasas de interés - Rendimiento del Bono del gobierno peruano a 10 años (en S/),05.Abr.21,4.91
rend_bono10_pen,PD31893DD,diaria,Tasas de interés - Rendimiento del Bono del gobierno peruano a 10 años (en S/),06.Abr.21,4.79
rend_bono10_pen,PD31893DD,diaria,Tasas de interés - Rendimiento del Bono del gobierno peruano a 10 años (en S/),07.Abr.21,4.78
rend_bono10_pen,PD31893DD,diaria,Tasas de interés - Rendimiento del Bono del gobierno peruano a 10 años (en S/),08.Abr.21,4.74
rend_bono10_pen,PD31893DD,diaria,Tasas de interés - Rendimiento del Bono del gobierno peruano a 10 años (en S/),09.Abr.21,4.81
rend_bono10_pen,PD31893DD,diaria,Tasas de interés - Rendimiento del Bono del gobierno peruano a 10 años (en S/),12.Abr.21,4.8
rend_bono10_pen,PD31893DD,diaria,Tasas de interés - Rendimiento del Bono del gobierno peruano a 10 años (en S/),13.Abr.21,4.78
rend_bono10_pen,PD31893DD,diaria,Tasas de interés - Rendimiento del Bono del gobierno peruano a 10 años (en S/),14.Abr.21,4.88
rend_bono10_pen,PD31893DD,diaria,Tasas de interés - Rendimiento del Bono del gobierno peruano a 10 años (en S/),15.Abr.21,4.87
rend_bono10_pen,PD31893DD,diaria,Tasas de interés - Rendimiento del Bono del gobierno peruano a 10 años (en S/),16.Abr.21,4.89
rend_bono10_pen,PD31893DD,diaria,Tasas de interés - Rendimiento del Bono del gobierno peruano a 10 años (en S/),19.Abr.21,5.02
rend_bono10_pen,PD31893DD,diaria,Tasas de interés - Rendimiento del Bono del gobierno peruano a 10 años (en S/),20.Abr.21,5.06
rend_bono10_pen,PD31893DD,diaria,Tasas de interés - Rendimiento del Bono del gobierno peruano a 10 años (en S/),21.Abr.21,5.16
rend_bono10_pen,PD31893DD,diaria,Tasas de interés - Rendimiento del Bono del gobierno peruano a 10 años (en S/),22.Abr.21,5.36
rend_bono10_pen,PD31893DD,diaria,Tasas de interés - Rendimiento del Bono del gobierno peruano a 10 años (en S/),23.Abr.21,5.42
rend_bono10_pen,PD31893DD,diaria,Tasas de interés - Rendimiento del Bono del gobierno peruano a 10 años (en S/),26.Abr.21,5.65
rend_bono10_pen,PD31893DD,diaria,Tasas de interés - Rendimiento del Bono del gobierno peruano a 10 años (en S/),27.Abr.21,5.61
rend_bono10_pen,PD31893DD,diaria,Tasas de interés - Rendimiento del Bono del gobierno peruano a 10 años (en S/),28.Abr.21,5.47
rend_bono10_pen,PD31893DD,diaria,Tasas de interés - Rendimiento del Bono del gobierno peruano a 10 años (en S/),29.Abr.21,5.4
rend_bono10_pen,PD31893DD,diaria,Tasas de interés - Rendimiento del Bono del gobierno peruano a 10 años (en S/),30.Abr.21,5.4
rend_bono10_pen,PD31893DD,diaria,Tasas de interés - Rendimiento del Bono del gobierno peruano a 10 años (en S/),03.May.21,5.43
rend_bono10_pen,PD31893DD,diaria,Tasas de interés - Rendimiento del Bono del gobierno peruano a 10 años (en S/),04.May.21,5.39
rend_bono10_pen,PD31893DD,diaria,Tasas de interés - Rendimiento del Bono del gobierno peruano a 10 años (en S/),05.May.21,5.31
rend_bono10_pen,PD31893DD,diaria,Tasas de interés - Rendimiento del Bono del gobierno peruano a 10 años (en S/),06.May.21,5.12
rend_bono10_pen,PD31893DD,diaria,Tasas de interés - Rendimiento del Bono del gobierno peruano a 10 años (en S/),07.May.21,5.05
rend_bono10_pen,PD31893DD,diaria,Tasas de interés - Rendimiento del Bono del gobierno peruano a 10 años (en S/),10.May.21,4.88
rend_bono10_pen,PD31893DD,diaria,Tasas de interés - Rendimiento del Bono del gobierno peruano a 10 años (en S/),11.May.21,4.89
rend_bono10_pen,PD31893DD,diaria,Tasas de interés - Rendimiento del Bono del gobierno peruano a 10 años (en S/),12.May.21,4.92
rend_bono10_pen,PD31893DD,diaria,Tasas de interés - Rendimiento del Bono del gobierno peruano a 10 años (en S/),13.May.21,4.79
rend_bono10_pen,PD31893DD,diaria,Tasas de interés - Rendimiento del Bono del gobierno peruano a 10 años (en S/),14.May.21,4.8
rend_bono10_pen,PD31893DD,diaria,Tasas de interés - Rendimiento del Bono del gobierno peruano a 10 años (en S/),17.May.21,4.89
rend_bono10_pen,PD31893DD,diaria,Tasas de interés - Rendimiento del Bono del gobierno peruano a 10 años (en S/),18.May.21,4.95
rend_bono10_pen,PD31893DD,diaria,Tasas de interés - Rendimiento del Bono del gobierno peruano a 10 años (en S/),19.May.21,4.99
rend_bono10_pen,PD31893DD,diaria,Tasas de interés - Rendimiento del Bono del gobierno peruano a 10 años (en S/),20.May.21,4.97
rend_bono10_pen,PD31893DD,diaria,Tasas de interés - Rendimiento del Bono del gobierno peruano a 10 años (en S/),21.May.21,4.85
rend_bono10_pen,PD31893DD,diaria,Tasas de interés - Rendimiento del Bono del gobierno peruano a 10 años (en S/),24.May.21,4.98
rend_bono10_pen,PD31893DD,diaria,Tasas de interés - Rendimiento del Bono del gobierno peruano a 10 años (en S/),25.May.21,4.98
rend_bono10_pen,PD31893DD,diaria,Tasas de interés - Rendimiento del Bono del gobierno peruano a 10 años (en S/),26.May.21,5.08
rend_bono10_pen,PD31893DD,diaria,Tasas de interés - Rendimiento del Bono del gobierno peruano a 10 años (en S/),27.May.21,4.93
rend_bono10_pen,PD31893DD,diaria,Tasas de interés - Rendimiento del Bono del gobierno peruano a 10 años (en S/),28.May.21,4.82
rend_bono10_pen,PD31893DD,diaria,Tasas de interés - Rendimiento del Bono del gobierno peruano a 10 años (en S/),31.May.21,4.77
rend_bono10_pen,PD31893DD,diaria,Tasas de interés - Rendimiento del Bono del gobierno peruano a 10 años (en S/),01.Jun.21,4.85
rend_bono10_pen,PD31893DD,diaria,Tasas de interés - Rendimiento del Bono del gobierno peruano a 10 años (en S/),02.Jun.21,4.89
rend_bono10_pen,PD31893DD,diaria,Tasas de interés - Rendimiento del Bono del gobierno peruano a 10 años (en S/),03.Jun.21,4.84
rend_bono10_pen,PD31893DD,diaria,Tasas de interés - Rendimiento del Bono del gobierno peruano a 10 años (en S/),04.Jun.21,4.68
rend_bono10_pen,PD31893DD,diaria,Tasas de interés - Rendimiento del Bono del gobierno peruano a 10 años (en S/),07.Jun.21,5
rend_bono10_pen,PD31893DD,diaria,Tasas de interés - Rendimiento del Bono del gobierno peruano a 10 años (en S/),08.Jun.21,4.92
rend_bono10_pen,PD31893DD,diaria,Tasas de interés - Rendimiento del Bono del gobierno peruano a 10 años (en S/),09.Jun.21,5.15
rend_bono10_pen,PD31893DD,diaria,Tasas de interés - Rendimiento del Bono del gobierno peruano a 10 años (en S/),10.Jun.21,5.08
rend_bono10_pen,PD31893DD,diaria,Tasas de interés - Rendimiento del Bono del gobierno peruano a 10 años (en S/),11.Jun.21,5.15
rend_bono10_pen,PD31893DD,diaria,Tasas de interés - Rendimiento del Bono del gobierno peruano a 10 años (en S/),14.Jun.21,5.3
rend_bono10_pen,PD31893DD,diaria,Tasas de interés - Rendimiento del Bono del gobierno peruano a 10 años (en S/),15.Jun.21,5.4
rend_bono10_pen,PD31893DD,diaria,Tasas de interés - Rendimiento del Bono del gobierno peruano a 10 años (en S/),16.Jun.21,5.41
rend_bono10_pen,PD31893DD,diaria,Tasas de interés - Rendimiento del Bono del gobierno peruano a 10 años (en S/),17.Jun.21,5.423
rend_bono10_pen,PD31893DD,diaria,Tasas de interés - Rendimiento del Bono del gobierno peruano a 10 años (en S/),18.Jun.21,5.55
rend_bono10_pen,PD31893DD,diaria,Tasas de interés - Rendimiento del Bono del gobierno peruano a 10 años (en S/),21.Jun.21,5.765
rend_bono10_pen,PD31893DD,diaria,Tasas de interés - Rendimiento del Bono del gobierno peruano a 10 años (en S/),22.Jun.21,5.68
rend_bono10_pen,PD31893DD,diaria,Tasas de interés - Rendimiento del Bono del gobierno peruano a 10 años (en S/),23.Jun.21,5.72
rend_bono10_pen,PD31893DD,diaria,Tasas de interés - Rendimiento del Bono del gobierno peruano a 10 años (en S/),24.Jun.21,5.64
rend_bono10_pen,PD31893DD,diaria,Tasas de interés - Rendimiento del Bono del gobierno peruano a 10 años (en S/),25.Jun.21,5.57
rend_bono10_pen,PD31893DD,diaria,Tasas de interés - Rendimiento del Bono del gobierno peruano a 10 años (en S/),28.Jun.21,5.35
rend_bono10_pen,PD31893DD,diaria,Tasas de interés - Rendimiento del Bono del gobierno peruano a 10 años (en S/),29.Jun.21,n.d.
rend_bono10_pen,PD31893DD,diaria,Tasas de interés - Rendimiento del Bono del gobierno peruano a 10 años (en S/),30.Jun.21,5.37
rend_bono10_pen,PD31893DD,diaria,Tasas de interés - Rendimiento del Bono del gobierno peruano a 10 años (en S/),01.Jul.21,5.41
rend_bono10_pen,PD31893DD,diaria,Tasas de interés - Rendimiento del Bono del gobierno peruano a 10 años (en S/),02.Jul.21,5.5
rend_bono10_pen,PD31893DD,diaria,Tasas de interés - Rendimiento del Bono del gobierno peruano a 10 años (en S/),05.Jul.21,5.614
rend_bono10_pen,PD31893DD,diaria,Tasas de interés - Rendimiento del Bono del gobierno peruano a 10 años (en S/),06.Jul.21,5.62
rend_bono10_pen,PD31893DD,diaria,Tasas de interés - Rendimiento del Bono del gobierno peruano a 10 años (en S/),07.Jul.21,5.8
rend_bono10_pen,PD31893DD,diaria,Tasas de interés - Rendimiento del Bono del gobierno peruano a 10 años (en S/),08.Jul.21,5.75
rend_bono10_pen,PD31893DD,diaria,Tasas de interés - Rendimiento del Bono del gobierno peruano a 10 años (en S/),09.Jul.21,5.85
rend_bono10_pen,PD31893DD,diaria,Tasas de interés - Rendimiento del Bono del gobierno peruano a 10 años (en S/),12.Jul.21,n.d.
rend_bono10_pen,PD31893DD,diaria,Tasas de interés - Rendimiento del Bono del gobierno peruano a 10 años (en S/),13.Jul.21,5.85
rend_bono10_pen,PD31893DD,diaria,Tasas de interés - Rendimiento del Bono del gobierno peruano a 10 años (en S/),14.Jul.21,5.75
rend_bono10_pen,PD31893DD,diaria,Tasas de interés - Rendimiento del Bono del gobierno peruano a 10 años (en S/),15.Jul.21,5.67
rend_bono10_pen,PD31893DD,diaria,Tasas de interés - Rendimiento del Bono del gobierno peruano a 10 años (en S/),16.Jul.21,5.56
rend_bono10_pen,PD31893DD,diaria,Tasas de interés - Rendimiento del Bono del gobierno peruano a 10 años (en S/),19.Jul.21,5.65
rend_bono10_pen,PD31893DD,diaria,Tasas de interés - Rendimiento del Bono del gobierno peruano a 10 años (en S/),20.Jul.21,5.62
rend_bono10_pen,PD31893DD,diaria,Tasas de interés - Rendimiento del Bono del gobierno peruano a 10 años (en S/),21.Jul.21,5.55
rend_bono10_pen,PD31893DD,diaria,Tasas de interés - Rendimiento del Bono del gobierno peruano a 10 años (en S/),22.Jul.21,5.41
rend_bono10_pen,PD31893DD,diaria,Tasas de interés - Rendimiento del Bono del gobierno peruano a 10 años (en S/),23.Jul.21,5.46
rend_bono10_pen,PD31893DD,diaria,Tasas de interés - Rendimiento del Bono del gobierno peruano a 10 años (en S/),26.Jul.21,5.38
rend_bono10_pen,PD31893DD,diaria,Tasas de interés - Rendimiento del Bono del gobierno peruano a 10 años (en S/),27.Jul.21,5.47
rend_bono10_pen,PD31893DD,diaria,Tasas de interés - Rendimiento del Bono del gobierno peruano a 10 años (en S/),28.Jul.21,n.d.
rend_bono10_pen,PD31893DD,diaria,Tasas de interés - Rendimiento del Bono del gobierno peruano a 10 años (en S/),29.Jul.21,n.d.
rend_bono10_pen,PD31893DD,diaria,Tasas de interés - Rendimiento del Bono del gobierno peruano a 10 años (en S/),30.Jul.21,6.45
rend_bono10_pen,PD31893DD,diaria,Tasas de interés - Rendimiento del Bono del gobierno peruano a 10 años (en S/),02.Ago.21,6.05
rend_bono10_pen,PD31893DD,diaria,Tasas de interés - Rendimiento del Bono del gobierno peruano a 10 años (en S/),03.Ago.21,5.87
rend_bono10_pen,PD31893DD,diaria,Tasas de interés - Rendimiento del Bono del gobierno peruano a 10 años (en S/),04.Ago.21,6.04
rend_bono10_pen,PD31893DD,diaria,Tasas de interés - Rendimiento del Bono del gobierno peruano a 10 años (en S/),05.Ago.21,6.09
rend_bono10_pen,PD31893DD,diaria,Tasas de interés - Rendimiento del Bono del gobierno peruano a 10 años (en S/),06.Ago.21,6.34
rend_bono10_pen,PD31893DD,diaria,Tasas de interés - Rendimiento del Bono del gobierno peruano a 10 años (en S/),09.Ago.21,6.45
rend_bono10_pen,PD31893DD,diaria,Tasas de interés - Rendimiento del Bono del gobierno peruano a 10 años (en S/),10.Ago.21,6.36
rend_bono10_pen,PD31893DD,diaria,Tasas de interés - Rendimiento del Bono del gobierno peruano a 10 años (en S/),11.Ago.21,6.4
rend_bono10_pen,PD31893DD,diaria,Tasas de interés - Rendimiento del Bono del gobierno peruano a 10 años (en S/),12.Ago.21,6.5
rend_bono10_pen,PD31893DD,diaria,Tasas de interés - Rendimiento del Bono del gobierno peruano a 10 años (en S/),13.Ago.21,6.38
rend_bono10_pen,PD31893DD,diaria,Tasas de interés - Rendimiento del Bono del gobierno peruano a 10 años (en S/),16.Ago.21,6.45
rend_bono10_pen,PD31893DD,diaria,Tasas de interés - Rendimiento del Bono del gobierno peruano a 10 años (en S/),17.Ago.21,6.49
rend_bono10_pen,PD31893DD,diaria,Tasas de interés - Rendimiento del Bono del gobierno peruano a 10 años (en S/),18.Ago.21,6.48
rend_bono10_pen,PD31893DD,diaria,Tasas de interés - Rendimiento del Bono del gobierno peruano a 10 años (en S/),19.Ago.21,6.66
rend_bono10_pen,PD31893DD,diaria,Tasas de interés - Rendimiento del Bono del gobierno peruano a 10 años (en S/),20.Ago.21,6.8
rend_bono10_pen,PD31893DD,diaria,Tasas de interés - Rendimiento del Bono del gobierno peruano a 10 años (en S/),23.Ago.21,6.69
rend_bono10_pen,PD31893DD,diaria,Tasas de interés - Rendimiento del Bono del gobierno peruano a 10 años (en S/),24.Ago.21,6.44
rend_bono10_pen,PD31893DD,diaria,Tasas de interés - Rendimiento del Bono del gobierno peruano a 10 años (en S/),25.Ago.21,6.49
rend_bono10_pen,PD31893DD,diaria,Tasas de interés - Rendimiento del Bono del gobierno peruano a 10 años (en S/),26.Ago.21,6.3
rend_bono10_pen,PD31893DD,diaria,Tasas de interés - Rendimiento del Bono del gobierno peruano a 10 años (en S/),27.Ago.21,6.09
rend_bono10_pen,PD31893DD,diaria,Tasas de interés - Rendimiento del Bono del gobierno peruano a 10 años (en S/),30.Ago.21,n.d.
rend_bono10_pen,PD31893DD,diaria,Tasas de interés - Rendimiento del Bono del gobierno peruano a 10 años (en S/),31.Ago.21,6.09
rend_bono10_pen,PD31893DD,diaria,Tasas de interés - Rendimiento del Bono del gobierno peruano a 10 años (en S/),01.Set.21,6.15
rend_bono10_pen,PD31893DD,diaria,Tasas de interés - Rendimiento del Bono del gobierno peruano a 10 años (en S/),02.Set.21,6.26
rend_bono10_pen,PD31893DD,diaria,Tasas de interés - Rendimiento del Bono del gobierno peruano a 10 años (en S/),03.Set.21,6.25
rend_bono10_pen,PD31893DD,diaria,Tasas de interés - Rendimiento del Bono del gobierno peruano a 10 años (en S/),06.Set.21,6.25
rend_bono10_pen,PD31893DD,diaria,Tasas de interés - Rendimiento del Bono del gobierno peruano a 10 años (en S/),07.Set.21,6.3
rend_bono10_pen,PD31893DD,diaria,Tasas de interés - Rendimiento del Bono del gobierno peruano a 10 años (en S/),08.Set.21,6.4
rend_bono10_pen,PD31893DD,diaria,Tasas de interés - Rendimiento del Bono del gobierno peruano a 10 años (en S/),09.Set.21,6.4
rend_bono10_pen,PD31893DD,diaria,Tasas de interés - Rendimiento del Bono del gobierno peruano a 10 años (en S/),10.Set.21,6.46
rend_bono10_pen,PD31893DD,diaria,Tasas de interés - Rendimiento del Bono del gobierno peruano a 10 años (en S/),13.Set.21,6.43
rend_bono10_pen,PD31893DD,diaria,Tasas de interés - Rendimiento del Bono del gobierno peruano a 10 años (en S/),14.Set.21,6.37
rend_bono10_pen,PD31893DD,diaria,Tasas de interés - Rendimiento del Bono del gobierno peruano a 10 años (en S/),15.Set.21,6.43
rend_bono10_pen,PD31893DD,diaria,Tasas de interés - Rendimiento del Bono del gobierno peruano a 10 años (en S/),16.Set.21,6.4
rend_bono10_pen,PD31893DD,diaria,Tasas de interés - Rendimiento del Bono del gobierno peruano a 10 años (en S/),17.Set.21,6.36
rend_bono10_pen,PD31893DD,diaria,Tasas de interés - Rendimiento del Bono del gobierno peruano a 10 años (en S/),20.Set.21,6.3
rend_bono10_pen,PD31893DD,diaria,Tasas de interés - Rendimiento del Bono del gobierno peruano a 10 años (en S/),21.Set.21,6.27
rend_bono10_pen,PD31893DD,diaria,Tasas de interés - Rendimiento del Bono del gobierno peruano a 10 años (en S/),22.Set.21,6.27
rend_bono10_pen,PD31893DD,diaria,Tasas de interés - Rendimiento del Bono del gobierno peruano a 10 años (en S/),23.Set.21,6.27
rend_bono10_pen,PD31893DD,diaria,Tasas de interés - Rendimiento del Bono del gobierno peruano a 10 años (en S/),24.Set.21,6.3
rend_bono10_pen,PD31893DD,diaria,Tasas de interés - Rendimiento del Bono del gobierno peruano a 10 años (en S/),27.Set.21,6.38
rend_bono10_pen,PD31893DD,diaria,Tasas de interés - Rendimiento del Bono del gobierno peruano a 10 años (en S/),28.Set.21,6.41
rend_bono10_pen,PD31893DD,diaria,Tasas de interés - Rendimiento del Bono del gobierno peruano a 10 años (en S/),29.Set.21,6.43
rend_bono10_pen,PD31893DD,diaria,Tasas de interés - Rendimiento del Bono del gobierno peruano a 10 años (en S/),30.Set.21,6.44
rend_bono10_pen,PD31893DD,diaria,Tasas de interés - Rendimiento del Bono del gobierno peruano a 10 años (en S/),01.Oct.21,6.37
rend_bono10_pen,PD31893DD,diaria,Tasas de interés - Rendimiento del Bono del gobierno peruano a 10 años (en S/),04.Oct.21,6.33
rend_bono10_pen,PD31893DD,diaria,Tasas de interés - Rendimiento del Bono del gobierno peruano a 10 años (en S/),05.Oct.21,6.18
rend_bono10_pen,PD31893DD,diaria,Tasas de interés - Rendimiento del Bono del gobierno peruano a 10 años (en S/),06.Oct.21,6.14
rend_bono10_pen,PD31893DD,diaria,Tasas de interés - Rendimiento del Bono del gobierno peruano a 10 años (en S/),07.Oct.21,5.92
rend_bono10_pen,PD31893DD,diaria,Tasas de interés - Rendimiento del Bono del gobierno peruano a 10 años (en S/),08.Oct.21,n.d.
rend_bono10_pen,PD31893DD,diaria,Tasas de interés - Rendimiento del Bono del gobierno peruano a 10 años (en S/),11.Oct.21,5.95
rend_bono10_pen,PD31893DD,diaria,Tasas de interés - Rendimiento del Bono del gobierno peruano a 10 años (en S/),12.Oct.21,5.76
rend_bono10_pen,PD31893DD,diaria,Tasas de interés - Rendimiento del Bono del gobierno peruano a 10 años (en S/),13.Oct.21,5.78
rend_bono10_pen,PD31893DD,diaria,Tasas de interés - Rendimiento del Bono del gobierno peruano a 10 años (en S/),14.Oct.21,5.71
rend_bono10_pen,PD31893DD,diaria,Tasas de interés - Rendimiento del Bono del gobierno peruano a 10 años (en S/),15.Oct.21,5.83
rend_bono10_pen,PD31893DD,diaria,Tasas de interés - Rendimiento del Bono del gobierno peruano a 10 años (en S/),18.Oct.21,5.95
rend_bono10_pen,PD31893DD,diaria,Tasas de interés - Rendimiento del Bono del gobierno peruano a 10 años (en S/),19.Oct.21,5.9
rend_bono10_pen,PD31893DD,diaria,Tasas de interés - Rendimiento del Bono del gobierno peruano a 10 años (en S/),20.Oct.21,5.92
rend_bono10_pen,PD31893DD,diaria,Tasas de interés - Rendimiento del Bono del gobierno peruano a 10 años (en S/),21.Oct.21,5.94
rend_bono10_pen,PD31893DD,diaria,Tasas de interés - Rendimiento del Bono del gobierno peruano a 10 años (en S/),22.Oct.21,5.88
rend_bono10_pen,PD31893DD,diaria,Tasas de interés - Rendimiento del Bono del gobierno peruano a 10 años (en S/),25.Oct.21,5.88
rend_bono10_pen,PD31893DD,diaria,Tasas de interés - Rendimiento del Bono del gobierno peruano a 10 años (en S/),26.Oct.21,5.95
rend_bono10_pen,PD31893DD,diaria,Tasas de interés - Rendimiento del Bono del gobierno peruano a 10 años (en S/),27.Oct.21,5.95
rend_bono10_pen,PD31893DD,diaria,Tasas de interés - Rendimiento del Bono del gobierno peruano a 10 años (en S/),28.Oct.21,5.83
rend_bono10_pen,PD31893DD,diaria,Tasas de interés - Rendimiento del Bono del gobierno peruano a 10 años (en S/),29.Oct.21,5.82
rend_bono10_pen,PD31893DD,diaria,Tasas de interés - Rendimiento del Bono del gobierno peruano a 10 años (en S/),01.Nov.21,n.d.
rend_bono10_pen,PD31893DD,diaria,Tasas de interés - Rendimiento del Bono del gobierno peruano a 10 años (en S/),02.Nov.21,5.82
rend_bono10_pen,PD31893DD,diaria,Tasas de interés - Rendimiento del Bono del gobierno peruano a 10 años (en S/),03.Nov.21,5.9
rend_bono10_pen,PD31893DD,diaria,Tasas de interés - Rendimiento del Bono del gobierno peruano a 10 años (en S/),04.Nov.21,5.84
rend_bono10_pen,PD31893DD,diaria,Tasas de interés - Rendimiento del Bono del gobierno peruano a 10 años (en S/),05.Nov.21,5.73
rend_bono10_pen,PD31893DD,diaria,Tasas de interés - Rendimiento del Bono del gobierno peruano a 10 años (en S/),08.Nov.21,5.74
rend_bono10_pen,PD31893DD,diaria,Tasas de interés - Rendimiento del Bono del gobierno peruano a 10 años (en S/),09.Nov.21,5.8
rend_bono10_pen,PD31893DD,diaria,Tasas de interés - Rendimiento del Bono del gobierno peruano a 10 años (en S/),10.Nov.21,5.87
rend_bono10_pen,PD31893DD,diaria,Tasas de interés - Rendimiento del Bono del gobierno peruano a 10 años (en S/),11.Nov.21,5.85
rend_bono10_pen,PD31893DD,diaria,Tasas de interés - Rendimiento del Bono del gobierno peruano a 10 años (en S/),12.Nov.21,5.85
rend_bono10_pen,PD31893DD,diaria,Tasas de interés - Rendimiento del Bono del gobierno peruano a 10 años (en S/),15.Nov.21,5.8
rend_bono10_pen,PD31893DD,diaria,Tasas de interés - Rendimiento del Bono del gobierno peruano a 10 años (en S/),16.Nov.21,5.87
rend_bono10_pen,PD31893DD,diaria,Tasas de interés - Rendimiento del Bono del gobierno peruano a 10 años (en S/),17.Nov.21,5.83
rend_bono10_pen,PD31893DD,diaria,Tasas de interés - Rendimiento del Bono del gobierno peruano a 10 años (en S/),18.Nov.21,5.87
rend_bono10_pen,PD31893DD,diaria,Tasas de interés - Rendimiento del Bono del gobierno peruano a 10 años (en S/),19.Nov.21,5.86
rend_bono10_pen,PD31893DD,diaria,Tasas de interés - Rendimiento del Bono del gobierno peruano a 10 años (en S/),22.Nov.21,5.9
rend_bono10_pen,PD31893DD,diaria,Tasas de interés - Rendimiento del Bono del gobierno peruano a 10 años (en S/),23.Nov.21,5.97
rend_bono10_pen,PD31893DD,diaria,Tasas de interés - Rendimiento del Bono del gobierno peruano a 10 años (en S/),24.Nov.21,5.97
rend_bono10_pen,PD31893DD,diaria,Tasas de interés - Rendimiento del Bono del gobierno peruano a 10 años (en S/),25.Nov.21,5.96
rend_bono10_pen,PD31893DD,diaria,Tasas de interés - Rendimiento del Bono del gobierno peruano a 10 años (en S/),26.Nov.21,5.88
rend_bono10_pen,PD31893DD,diaria,Tasas de interés - Rendimiento del Bono del gobierno peruano a 10 años (en S/),29.Nov.21,5.92
rend_bono10_pen,PD31893DD,diaria,Tasas de interés - Rendimiento del Bono del gobierno peruano a 10 años (en S/),30.Nov.21,5.95
rend_bono10_pen,PD31893DD,diaria,Tasas de interés - Rendimiento del Bono del gobierno peruano a 10 años (en S/),01.Dic.21,5.98
rend_bono10_pen,PD31893DD,diaria,Tasas de interés - Rendimiento del Bono del gobierno peruano a 10 años (en S/),02.Dic.21,5.98
rend_bono10_pen,PD31893DD,diaria,Tasas de interés - Rendimiento del Bono del gobierno peruano a 10 años (en S/),03.Dic.21,5.98
rend_bono10_pen,PD31893DD,diaria,Tasas de interés - Rendimiento del Bono del gobierno peruano a 10 años (en S/),06.Dic.21,5.96
rend_bono10_pen,PD31893DD,diaria,Tasas de interés - Rendimiento del Bono del gobierno peruano a 10 años (en S/),07.Dic.21,5.91
rend_bono10_pen,PD31893DD,diaria,Tasas de interés - Rendimiento del Bono del gobierno peruano a 10 años (en S/),08.Dic.21,n.d.
rend_bono10_pen,PD31893DD,diaria,Tasas de interés - Rendimiento del Bono del gobierno peruano a 10 años (en S/),09.Dic.21,5.93
rend_bono10_pen,PD31893DD,diaria,Tasas de interés - Rendimiento del Bono del gobierno peruano a 10 años (en S/),10.Dic.21,5.89
rend_bono10_pen,PD31893DD,diaria,Tasas de interés - Rendimiento del Bono del gobierno peruano a 10 años (en S/),13.Dic.21,5.88
rend_bono10_pen,PD31893DD,diaria,Tasas de interés - Rendimiento del Bono del gobierno peruano a 10 años (en S/),14.Dic.21,5.89
rend_bono10_pen,PD31893DD,diaria,Tasas de interés - Rendimiento del Bono del gobierno peruano a 10 años (en S/),15.Dic.21,5.91
rend_bono10_pen,PD31893DD,diaria,Tasas de interés - Rendimiento del Bono del gobierno peruano a 10 años (en S/),16.Dic.21,5.9
rend_bono10_pen,PD31893DD,diaria,Tasas de interés - Rendimiento del Bono del gobierno peruano a 10 años (en S/),17.Dic.21,5.92
rend_bono10_pen,PD31893DD,diaria,Tasas de interés - Rendimiento del Bono del gobierno peruano a 10 años (en S/),20.Dic.21,5.95
rend_bono10_pen,PD31893DD,diaria,Tasas de interés - Rendimiento del Bono del gobierno peruano a 10 años (en S/),21.Dic.21,6
rend_bono10_pen,PD31893DD,diaria,Tasas de interés - Rendimiento del Bono del gobierno peruano a 10 años (en S/),22.Dic.21,5.97
rend_bono10_pen,PD31893DD,diaria,Tasas de interés - Rendimiento del Bono del gobierno peruano a 10 años (en S/),23.Dic.21,5.94
rend_bono10_pen,PD31893DD,diaria,Tasas de interés - Rendimiento del Bono del gobierno peruano a 10 años (en S/),24.Dic.21,5.92
rend_bono10_pen,PD31893DD,diaria,Tasas de interés - Rendimiento del Bono del gobierno peruano a 10 años (en S/),27.Dic.21,5.89
rend_bono10_pen,PD31893DD,diaria,Tasas de interés - Rendimiento del Bono del gobierno peruano a 10 años (en S/),28.Dic.21,5.86
rend_bono10_pen,PD31893DD,diaria,Tasas de interés - Rendimiento del Bono del gobierno peruano a 10 años (en S/),29.Dic.21,5.9
rend_bono10_pen,PD31893DD,diaria,Tasas de interés - Rendimiento del Bono del gobierno peruano a 10 años (en S/),30.Dic.21,5.934
rend_bono10_pen,PD31893DD,diaria,Tasas de interés - Rendimiento del Bono del gobierno peruano a 10 años (en S/),31.Dic.21,5.87
rend_bono10_pen,PD31893DD,diaria,Tasas de interés - Rendimiento del Bono del gobierno peruano a 10 años (en S/),03.Ene.22,5.944
rend_bono10_pen,PD31893DD,diaria,Tasas de interés - Rendimiento del Bono del gobierno peruano a 10 años (en S/),04.Ene.22,5.96
rend_bono10_pen,PD31893DD,diaria,Tasas de interés - Rendimiento del Bono del gobierno peruano a 10 años (en S/),05.Ene.22,6
rend_bono10_pen,PD31893DD,diaria,Tasas de interés - Rendimiento del Bono del gobierno peruano a 10 años (en S/),06.Ene.22,6.02
rend_bono10_pen,PD31893DD,diaria,Tasas de interés - Rendimiento del Bono del gobierno peruano a 10 años (en S/),07.Ene.22,6.05
rend_bono10_pen,PD31893DD,diaria,Tasas de interés - Rendimiento del Bono del gobierno peruano a 10 años (en S/),10.Ene.22,6.12
rend_bono10_pen,PD31893DD,diaria,Tasas de interés - Rendimiento del Bono del gobierno peruano a 10 años (en S/),11.Ene.22,6.05
rend_bono10_pen,PD31893DD,diaria,Tasas de interés - Rendimiento del Bono del gobierno peruano a 10 años (en S/),12.Ene.22,6.04
rend_bono10_pen,PD31893DD,diaria,Tasas de interés - Rendimiento del Bono del gobierno peruano a 10 años (en S/),13.Ene.22,6.07
rend_bono10_pen,PD31893DD,diaria,Tasas de interés - Rendimiento del Bono del gobierno peruano a 10 años (en S/),14.Ene.22,6.12
rend_bono10_pen,PD31893DD,diaria,Tasas de interés - Rendimiento del Bono del gobierno peruano a 10 años (en S/),17.Ene.22,6.13
rend_bono10_pen,PD31893DD,diaria,Tasas de interés - Rendimiento del Bono del gobierno peruano a 10 años (en S/),18.Ene.22,6.192
rend_bono10_pen,PD31893DD,diaria,Tasas de interés - Rendimiento del Bono del gobierno peruano a 10 años (en S/),19.Ene.22,6.16
rend_bono10_pen,PD31893DD,diaria,Tasas de interés - Rendimiento del Bono del gobierno peruano a 10 años (en S/),20.Ene.22,6.09
rend_bono10_pen,PD31893DD,diaria,Tasas de interés - Rendimiento del Bono del gobierno peruano a 10 años (en S/),21.Ene.22,6.04
rend_bono10_pen,PD31893DD,diaria,Tasas de interés - Rendimiento del Bono del gobierno peruano a 10 años (en S/),24.Ene.22,6.08
rend_bono10_pen,PD31893DD,diaria,Tasas de interés - Rendimiento del Bono del gobierno peruano a 10 años (en S/),25.Ene.22,6.08
rend_bono10_pen,PD31893DD,diaria,Tasas de interés - Rendimiento del Bono del gobierno peruano a 10 años (en S/),26.Ene.22,6.08
rend_bono10_pen,PD31893DD,diaria,Tasas de interés - Rendimiento del Bono del gobierno peruano a 10 años (en S/),27.Ene.22,6.1
rend_bono10_pen,PD31893DD,diaria,Tasas de interés - Rendimiento del Bono del gobierno peruano a 10 años (en S/),28.Ene.22,6.11
rend_bono10_pen,PD31893DD,diaria,Tasas de interés - Rendimiento del Bono del gobierno peruano a 10 años (en S/),31.Ene.22,6.13
rend_bono10_pen,PD31893DD,diaria,Tasas de interés - Rendimiento del Bono del gobierno peruano a 10 años (en S/),01.Feb.22,6.15
rend_bono10_pen,PD31893DD,diaria,Tasas de interés - Rendimiento del Bono del gobierno peruano a 10 años (en S/),02.Feb.22,6.08
rend_bono10_pen,PD31893DD,diaria,Tasas de interés - Rendimiento del Bono del gobierno peruano a 10 años (en S/),03.Feb.22,6.08
rend_bono10_pen,PD31893DD,diaria,Tasas de interés - Rendimiento del Bono del gobierno peruano a 10 años (en S/),04.Feb.22,6.1
rend_bono10_pen,PD31893DD,diaria,Tasas de interés - Rendimiento del Bono del gobierno peruano a 10 años (en S/),07.Feb.22,6.12
rend_bono10_pen,PD31893DD,diaria,Tasas de interés - Rendimiento del Bono del gobierno peruano a 10 años (en S/),08.Feb.22,6.07
rend_bono10_pen,PD31893DD,diaria,Tasas de interés - Rendimiento del Bono del gobierno peruano a 10 años (en S/),09.Feb.22,6.04
rend_bono10_pen,PD31893DD,diaria,Tasas de interés - Rendimiento del Bono del gobierno peruano a 10 años (en S/),10.Feb.22,6.1
rend_bono10_pen,PD31893DD,diaria,Tasas de interés - Rendimiento del Bono del gobierno peruano a 10 años (en S/),11.Feb.22,6.08
rend_bono10_pen,PD31893DD,diaria,Tasas de interés - Rendimiento del Bono del gobierno peruano a 10 años (en S/),14.Feb.22,6.08
rend_bono10_pen,PD31893DD,diaria,Tasas de interés - Rendimiento del Bono del gobierno peruano a 10 años (en S/),15.Feb.22,6.1
rend_bono10_pen,PD31893DD,diaria,Tasas de interés - Rendimiento del Bono del gobierno peruano a 10 años (en S/),16.Feb.22,6.06
rend_bono10_pen,PD31893DD,diaria,Tasas de interés - Rendimiento del Bono del gobierno peruano a 10 años (en S/),17.Feb.22,6
rend_bono10_pen,PD31893DD,diaria,Tasas de interés - Rendimiento del Bono del gobierno peruano a 10 años (en S/),18.Feb.22,6.03
rend_bono10_pen,PD31893DD,diaria,Tasas de interés - Rendimiento del Bono del gobierno peruano a 10 años (en S/),21.Feb.22,6.05
rend_bono10_pen,PD31893DD,diaria,Tasas de interés - Rendimiento del Bono del gobierno peruano a 10 años (en S/),22.Feb.22,6
rend_bono10_pen,PD31893DD,diaria,Tasas de interés - Rendimiento del Bono del gobierno peruano a 10 años (en S/),23.Feb.22,6
rend_bono10_pen,PD31893DD,diaria,Tasas de interés - Rendimiento del Bono del gobierno peruano a 10 años (en S/),24.Feb.22,6.04
rend_bono10_pen,PD31893DD,diaria,Tasas de interés - Rendimiento del Bono del gobierno peruano a 10 años (en S/),25.Feb.22,6.07
rend_bono10_pen,PD31893DD,diaria,Tasas de interés - Rendimiento del Bono del gobierno peruano a 10 años (en S/),28.Feb.22,6.17
rend_bono10_pen,PD31893DD,diaria,Tasas de interés - Rendimiento del Bono del gobierno peruano a 10 años (en S/),01.Mar.22,6.22
rend_bono10_pen,PD31893DD,diaria,Tasas de interés - Rendimiento del Bono del gobierno peruano a 10 años (en S/),02.Mar.22,6.26
rend_bono10_pen,PD31893DD,diaria,Tasas de interés - Rendimiento del Bono del gobierno peruano a 10 años (en S/),03.Mar.22,6.33
rend_bono10_pen,PD31893DD,diaria,Tasas de interés - Rendimiento del Bono del gobierno peruano a 10 años (en S/),04.Mar.22,6.45
rend_bono10_pen,PD31893DD,diaria,Tasas de interés - Rendimiento del Bono del gobierno peruano a 10 años (en S/),07.Mar.22,6.64
rend_bono10_pen,PD31893DD,diaria,Tasas de interés - Rendimiento del Bono del gobierno peruano a 10 años (en S/),08.Mar.22,6.67
rend_bono10_pen,PD31893DD,diaria,Tasas de interés - Rendimiento del Bono del gobierno peruano a 10 años (en S/),09.Mar.22,6.65
rend_bono10_pen,PD31893DD,diaria,Tasas de interés - Rendimiento del Bono del gobierno peruano a 10 años (en S/),10.Mar.22,6.72
rend_bono10_pen,PD31893DD,diaria,Tasas de interés - Rendimiento del Bono del gobierno peruano a 10 años (en S/),11.Mar.22,6.65
rend_bono10_pen,PD31893DD,diaria,Tasas de interés - Rendimiento del Bono del gobierno peruano a 10 años (en S/),14.Mar.22,6.72
rend_bono10_pen,PD31893DD,diaria,Tasas de interés - Rendimiento del Bono del gobierno peruano a 10 años (en S/),15.Mar.22,6.67
rend_bono10_pen,PD31893DD,diaria,Tasas de interés - Rendimiento del Bono del gobierno peruano a 10 años (en S/),16.Mar.22,6.63
rend_bono10_pen,PD31893DD,diaria,Tasas de interés - Rendimiento del Bono del gobierno peruano a 10 años (en S/),17.Mar.22,6.56
rend_bono10_pen,PD31893DD,diaria,Tasas de interés - Rendimiento del Bono del gobierno peruano a 10 años (en S/),18.Mar.22,6.52
rend_bono10_pen,PD31893DD,diaria,Tasas de interés - Rendimiento del Bono del gobierno peruano a 10 años (en S/),21.Mar.22,6.57
rend_bono10_pen,PD31893DD,diaria,Tasas de interés - Rendimiento del Bono del gobierno peruano a 10 años (en S/),22.Mar.22,6.61
rend_bono10_pen,PD31893DD,diaria,Tasas de interés - Rendimiento del Bono del gobierno peruano a 10 años (en S/),23.Mar.22,6.61
rend_bono10_pen,PD31893DD,diaria,Tasas de interés - Rendimiento del Bono del gobierno peruano a 10 años (en S/),24.Mar.22,6.75
rend_bono10_pen,PD31893DD,diaria,Tasas de interés - Rendimiento del Bono del gobierno peruano a 10 años (en S/),25.Mar.22,6.9
rend_bono10_pen,PD31893DD,diaria,Tasas de interés - Rendimiento del Bono del gobierno peruano a 10 años (en S/),28.Mar.22,6.81
rend_bono10_pen,PD31893DD,diaria,Tasas de interés - Rendimiento del Bono del gobierno peruano a 10 años (en S/),29.Mar.22,6.65
rend_bono10_pen,PD31893DD,diaria,Tasas de interés - Rendimiento del Bono del gobierno peruano a 10 años (en S/),30.Mar.22,6.61
rend_bono10_pen,PD31893DD,diaria,Tasas de interés - Rendimiento del Bono del gobierno peruano a 10 años (en S/),31.Mar.22,6.55
rend_bono10_pen,PD31893DD,diaria,Tasas de interés - Rendimiento del Bono del gobierno peruano a 10 años (en S/),01.Abr.22,6.72
rend_bono10_pen,PD31893DD,diaria,Tasas de interés - Rendimiento del Bono del gobierno peruano a 10 años (en S/),04.Abr.22,6.79
rend_bono10_pen,PD31893DD,diaria,Tasas de interés - Rendimiento del Bono del gobierno peruano a 10 años (en S/),05.Abr.22,6.86
rend_bono10_pen,PD31893DD,diaria,Tasas de interés - Rendimiento del Bono del gobierno peruano a 10 años (en S/),06.Abr.22,6.94
rend_bono10_pen,PD31893DD,diaria,Tasas de interés - Rendimiento del Bono del gobierno peruano a 10 años (en S/),07.Abr.22,6.93
rend_bono10_pen,PD31893DD,diaria,Tasas de interés - Rendimiento del Bono del gobierno peruano a 10 años (en S/),08.Abr.22,6.98
rend_bono10_pen,PD31893DD,diaria,Tasas de interés - Rendimiento del Bono del gobierno peruano a 10 años (en S/),11.Abr.22,7.08
rend_bono10_pen,PD31893DD,diaria,Tasas de interés - Rendimiento del Bono del gobierno peruano a 10 años (en S/),12.Abr.22,7.2
rend_bono10_pen,PD31893DD,diaria,Tasas de interés - Rendimiento del Bono del gobierno peruano a 10 años (en S/),13.Abr.22,7.29
rend_bono10_pen,PD31893DD,diaria,Tasas de interés - Rendimiento del Bono del gobierno peruano a 10 años (en S/),14.Abr.22,n.d.
rend_bono10_pen,PD31893DD,diaria,Tasas de interés - Rendimiento del Bono del gobierno peruano a 10 años (en S/),15.Abr.22,n.d.
rend_bono10_pen,PD31893DD,diaria,Tasas de interés - Rendimiento del Bono del gobierno peruano a 10 años (en S/),18.Abr.22,7.39
rend_bono10_pen,PD31893DD,diaria,Tasas de interés - Rendimiento del Bono del gobierno peruano a 10 años (en S/),19.Abr.22,7.48
rend_bono10_pen,PD31893DD,diaria,Tasas de interés - Rendimiento del Bono del gobierno peruano a 10 años (en S/),20.Abr.22,7.56
rend_bono10_pen,PD31893DD,diaria,Tasas de interés - Rendimiento del Bono del gobierno peruano a 10 años (en S/),21.Abr.22,7.67
rend_bono10_pen,PD31893DD,diaria,Tasas de interés - Rendimiento del Bono del gobierno peruano a 10 años (en S/),22.Abr.22,7.75
rend_bono10_pen,PD31893DD,diaria,Tasas de interés - Rendimiento del Bono del gobierno peruano a 10 años (en S/),25.Abr.22,8
rend_bono10_pen,PD31893DD,diaria,Tasas de interés - Rendimiento del Bono del gobierno peruano a 10 años (en S/),26.Abr.22,8.06
rend_bono10_pen,PD31893DD,diaria,Tasas de interés - Rendimiento del Bono del gobierno peruano a 10 años (en S/),27.Abr.22,7.8
rend_bono10_pen,PD31893DD,diaria,Tasas de interés - Rendimiento del Bono del gobierno peruano a 10 años (en S/),28.Abr.22,7.72
rend_bono10_pen,PD31893DD,diaria,Tasas de interés - Rendimiento del Bono del gobierno peruano a 10 años (en S/),29.Abr.22,7.87
rend_bono10_pen,PD31893DD,diaria,Tasas de interés - Rendimiento del Bono del gobierno peruano a 10 años (en S/),02.May.22,8
rend_bono10_pen,PD31893DD,diaria,Tasas de interés - Rendimiento del Bono del gobierno peruano a 10 años (en S/),03.May.22,7.94
rend_bono10_pen,PD31893DD,diaria,Tasas de interés - Rendimiento del Bono del gobierno peruano a 10 años (en S/),04.May.22,7.94
rend_bono10_pen,PD31893DD,diaria,Tasas de interés - Rendimiento del Bono del gobierno peruano a 10 años (en S/),05.May.22,8.16
rend_bono10_pen,PD31893DD,diaria,Tasas de interés - Rendimiento del Bono del gobierno peruano a 10 años (en S/),06.May.22,8.41
rend_bono10_pen,PD31893DD,diaria,Tasas de interés - Rendimiento del Bono del gobierno peruano a 10 años (en S/),09.May.22,8.4
rend_bono10_pen,PD31893DD,diaria,Tasas de interés - Rendimiento del Bono del gobierno peruano a 10 años (en S/),10.May.22,8.24
rend_bono10_pen,PD31893DD,diaria,Tasas de interés - Rendimiento del Bono del gobierno peruano a 10 años (en S/),11.May.22,8.16
rend_bono10_pen,PD31893DD,diaria,Tasas de interés - Rendimiento del Bono del gobierno peruano a 10 años (en S/),12.May.22,8.06
rend_bono10_pen,PD31893DD,diaria,Tasas de interés - Rendimiento del Bono del gobierno peruano a 10 años (en S/),13.May.22,8
rend_bono10_pen,PD31893DD,diaria,Tasas de interés - Rendimiento del Bono del gobierno peruano a 10 años (en S/),16.May.22,7.91
rend_bono10_pen,PD31893DD,diaria,Tasas de interés - Rendimiento del Bono del gobierno peruano a 10 años (en S/),17.May.22,7.99
rend_bono10_pen,PD31893DD,diaria,Tasas de interés - Rendimiento del Bono del gobierno peruano a 10 años (en S/),18.May.22,8
rend_bono10_pen,PD31893DD,diaria,Tasas de interés - Rendimiento del Bono del gobierno peruano a 10 años (en S/),19.May.22,7.93
rend_bono10_pen,PD31893DD,diaria,Tasas de interés - Rendimiento del Bono del gobierno peruano a 10 años (en S/),20.May.22,7.88
rend_bono10_pen,PD31893DD,diaria,Tasas de interés - Rendimiento del Bono del gobierno peruano a 10 años (en S/),23.May.22,7.86
rend_bono10_pen,PD31893DD,diaria,Tasas de interés - Rendimiento del Bono del gobierno peruano a 10 años (en S/),24.May.22,7.73
rend_bono10_pen,PD31893DD,diaria,Tasas de interés - Rendimiento del Bono del gobierno peruano a 10 años (en S/),25.May.22,7.58
rend_bono10_pen,PD31893DD,diaria,Tasas de interés - Rendimiento del Bono del gobierno peruano a 10 años (en S/),26.May.22,7.5
rend_bono10_pen,PD31893DD,diaria,Tasas de interés - Rendimiento del Bono del gobierno peruano a 10 años (en S/),27.May.22,7.48
rend_bono10_pen,PD31893DD,diaria,Tasas de interés - Rendimiento del Bono del gobierno peruano a 10 años (en S/),30.May.22,7.51
rend_bono10_pen,PD31893DD,diaria,Tasas de interés - Rendimiento del Bono del gobierno peruano a 10 años (en S/),31.May.22,7.64
rend_bono10_pen,PD31893DD,diaria,Tasas de interés - Rendimiento del Bono del gobierno peruano a 10 años (en S/),01.Jun.22,7.63
rend_bono10_pen,PD31893DD,diaria,Tasas de interés - Rendimiento del Bono del gobierno peruano a 10 años (en S/),02.Jun.22,7.7
rend_bono10_pen,PD31893DD,diaria,Tasas de interés - Rendimiento del Bono del gobierno peruano a 10 años (en S/),03.Jun.22,7.73
rend_bono10_pen,PD31893DD,diaria,Tasas de interés - Rendimiento del Bono del gobierno peruano a 10 años (en S/),06.Jun.22,7.85
rend_bono10_pen,PD31893DD,diaria,Tasas de interés - Rendimiento del Bono del gobierno peruano a 10 años (en S/),07.Jun.22,7.77
rend_bono10_pen,PD31893DD,diaria,Tasas de interés - Rendimiento del Bono del gobierno peruano a 10 años (en S/),08.Jun.22,7.83
rend_bono10_pen,PD31893DD,diaria,Tasas de interés - Rendimiento del Bono del gobierno peruano a 10 años (en S/),09.Jun.22,7.85
rend_bono10_pen,PD31893DD,diaria,Tasas de interés - Rendimiento del Bono del gobierno peruano a 10 años (en S/),10.Jun.22,7.92
rend_bono10_pen,PD31893DD,diaria,Tasas de interés - Rendimiento del Bono del gobierno peruano a 10 años (en S/),13.Jun.22,8.08
rend_bono10_pen,PD31893DD,diaria,Tasas de interés - Rendimiento del Bono del gobierno peruano a 10 años (en S/),14.Jun.22,8.12
rend_bono10_pen,PD31893DD,diaria,Tasas de interés - Rendimiento del Bono del gobierno peruano a 10 años (en S/),15.Jun.22,8.05
rend_bono10_pen,PD31893DD,diaria,Tasas de interés - Rendimiento del Bono del gobierno peruano a 10 años (en S/),16.Jun.22,7.92
rend_bono10_pen,PD31893DD,diaria,Tasas de interés - Rendimiento del Bono del gobierno peruano a 10 años (en S/),17.Jun.22,7.88
rend_bono10_pen,PD31893DD,diaria,Tasas de interés - Rendimiento del Bono del gobierno peruano a 10 años (en S/),20.Jun.22,7.8
rend_bono10_pen,PD31893DD,diaria,Tasas de interés - Rendimiento del Bono del gobierno peruano a 10 años (en S/),21.Jun.22,7.85
rend_bono10_pen,PD31893DD,diaria,Tasas de interés - Rendimiento del Bono del gobierno peruano a 10 años (en S/),22.Jun.22,7.88
rend_bono10_pen,PD31893DD,diaria,Tasas de interés - Rendimiento del Bono del gobierno peruano a 10 años (en S/),23.Jun.22,7.78
rend_bono10_pen,PD31893DD,diaria,Tasas de interés - Rendimiento del Bono del gobierno peruano a 10 años (en S/),24.Jun.22,7.83
rend_bono10_pen,PD31893DD,diaria,Tasas de interés - Rendimiento del Bono del gobierno peruano a 10 años (en S/),27.Jun.22,7.85
rend_bono10_pen,PD31893DD,diaria,Tasas de interés - Rendimiento del Bono del gobierno peruano a 10 años (en S/),28.Jun.22,7.84
rend_bono10_pen,PD31893DD,diaria,Tasas de interés - Rendimiento del Bono del gobierno peruano a 10 años (en S/),29.Jun.22,n.d.
rend_bono10_pen,PD31893DD,diaria,Tasas de interés - Rendimiento del Bono del gobierno peruano a 10 años (en S/),30.Jun.22,7.858
rend_bono10_pen,PD31893DD,diaria,Tasas de interés - Rendimiento del Bono del gobierno peruano a 10 años (en S/),01.Jul.22,7.82
rend_bono10_pen,PD31893DD,diaria,Tasas de interés - Rendimiento del Bono del gobierno peruano a 10 años (en S/),04.Jul.22,7.83
rend_bono10_pen,PD31893DD,diaria,Tasas de interés - Rendimiento del Bono del gobierno peruano a 10 años (en S/),05.Jul.22,7.8
rend_bono10_pen,PD31893DD,diaria,Tasas de interés - Rendimiento del Bono del gobierno peruano a 10 años (en S/),06.Jul.22,7.7
rend_bono10_pen,PD31893DD,diaria,Tasas de interés - Rendimiento del Bono del gobierno peruano a 10 años (en S/),07.Jul.22,7.92
rend_bono10_pen,PD31893DD,diaria,Tasas de interés - Rendimiento del Bono del gobierno peruano a 10 años (en S/),08.Jul.22,8.1
rend_bono10_pen,PD31893DD,diaria,Tasas de interés - Rendimiento del Bono del gobierno peruano a 10 años (en S/),11.Jul.22,8.18
rend_bono10_pen,PD31893DD,diaria,Tasas de interés - Rendimiento del Bono del gobierno peruano a 10 años (en S/),12.Jul.22,8.42
rend_bono10_pen,PD31893DD,diaria,Tasas de interés - Rendimiento del Bono del gobierno peruano a 10 años (en S/),13.Jul.22,8.39
rend_bono10_pen,PD31893DD,diaria,Tasas de interés - Rendimiento del Bono del gobierno peruano a 10 años (en S/),14.Jul.22,8.45
rend_bono10_pen,PD31893DD,diaria,Tasas de interés - Rendimiento del Bono del gobierno peruano a 10 años (en S/),15.Jul.22,8.44
rend_bono10_pen,PD31893DD,diaria,Tasas de interés - Rendimiento del Bono del gobierno peruano a 10 años (en S/),18.Jul.22,8.49
rend_bono10_pen,PD31893DD,diaria,Tasas de interés - Rendimiento del Bono del gobierno peruano a 10 años (en S/),19.Jul.22,8.57
rend_bono10_pen,PD31893DD,diaria,Tasas de interés - Rendimiento del Bono del gobierno peruano a 10 años (en S/),20.Jul.22,8.55
rend_bono10_pen,PD31893DD,diaria,Tasas de interés - Rendimiento del Bono del gobierno peruano a 10 años (en S/),21.Jul.22,8.49
rend_bono10_pen,PD31893DD,diaria,Tasas de interés - Rendimiento del Bono del gobierno peruano a 10 años (en S/),22.Jul.22,8.34
rend_bono10_pen,PD31893DD,diaria,Tasas de interés - Rendimiento del Bono del gobierno peruano a 10 años (en S/),25.Jul.22,8.19
rend_bono10_pen,PD31893DD,diaria,Tasas de interés - Rendimiento del Bono del gobierno peruano a 10 años (en S/),26.Jul.22,8.19
rend_bono10_pen,PD31893DD,diaria,Tasas de interés - Rendimiento del Bono del gobierno peruano a 10 años (en S/),27.Jul.22,8.24
rend_bono10_pen,PD31893DD,diaria,Tasas de interés - Rendimiento del Bono del gobierno peruano a 10 años (en S/),28.Jul.22,n.d.
rend_bono10_pen,PD31893DD,diaria,Tasas de interés - Rendimiento del Bono del gobierno peruano a 10 años (en S/),29.Jul.22,n.d.
rend_bono10_pen,PD31893DD,diaria,Tasas de interés - Rendimiento del Bono del gobierno peruano a 10 años (en S/),01.Ago.22,8
rend_bono10_pen,PD31893DD,diaria,Tasas de interés - Rendimiento del Bono del gobierno peruano a 10 años (en S/),02.Ago.22,8
rend_bono10_pen,PD31893DD,diaria,Tasas de interés - Rendimiento del Bono del gobierno peruano a 10 años (en S/),03.Ago.22,8.01
rend_bono10_pen,PD31893DD,diaria,Tasas de interés - Rendimiento del Bono del gobierno peruano a 10 años (en S/),04.Ago.22,7.89
rend_bono10_pen,PD31893DD,diaria,Tasas de interés - Rendimiento del Bono del gobierno peruano a 10 años (en S/),05.Ago.22,7.98
rend_bono10_pen,PD31893DD,diaria,Tasas de interés - Rendimiento del Bono del gobierno peruano a 10 años (en S/),08.Ago.22,7.9
rend_bono10_pen,PD31893DD,diaria,Tasas de interés - Rendimiento del Bono del gobierno peruano a 10 años (en S/),09.Ago.22,7.91
rend_bono10_pen,PD31893DD,diaria,Tasas de interés - Rendimiento del Bono del gobierno peruano a 10 años (en S/),10.Ago.22,7.83
rend_bono10_pen,PD31893DD,diaria,Tasas de interés - Rendimiento del Bono del gobierno peruano a 10 años (en S/),11.Ago.22,7.86
rend_bono10_pen,PD31893DD,diaria,Tasas de interés - Rendimiento del Bono del gobierno peruano a 10 años (en S/),12.Ago.22,7.82
rend_bono10_pen,PD31893DD,diaria,Tasas de interés - Rendimiento del Bono del gobierno peruano a 10 años (en S/),15.Ago.22,7.74
rend_bono10_pen,PD31893DD,diaria,Tasas de interés - Rendimiento del Bono del gobierno peruano a 10 años (en S/),16.Ago.22,7.75
rend_bono10_pen,PD31893DD,diaria,Tasas de interés - Rendimiento del Bono del gobierno peruano a 10 años (en S/),17.Ago.22,7.8
rend_bono10_pen,PD31893DD,diaria,Tasas de interés - Rendimiento del Bono del gobierno peruano a 10 años (en S/),18.Ago.22,7.79
rend_bono10_pen,PD31893DD,diaria,Tasas de interés - Rendimiento del Bono del gobierno peruano a 10 años (en S/),19.Ago.22,7.87
rend_bono10_pen,PD31893DD,diaria,Tasas de interés - Rendimiento del Bono del gobierno peruano a 10 años (en S/),22.Ago.22,7.98
rend_bono10_pen,PD31893DD,diaria,Tasas de interés - Rendimiento del Bono del gobierno peruano a 10 años (en S/),23.Ago.22,7.98
rend_bono10_pen,PD31893DD,diaria,Tasas de interés - Rendimiento del Bono del gobierno peruano a 10 años (en S/),24.Ago.22,8.01
rend_bono10_pen,PD31893DD,diaria,Tasas de interés - Rendimiento del Bono del gobierno peruano a 10 años (en S/),25.Ago.22,7.94
rend_bono10_pen,PD31893DD,diaria,Tasas de interés - Rendimiento del Bono del gobierno peruano a 10 años (en S/),26.Ago.22,7.96
rend_bono10_pen,PD31893DD,diaria,Tasas de interés - Rendimiento del Bono del gobierno peruano a 10 años (en S/),29.Ago.22,7.99
rend_bono10_pen,PD31893DD,diaria,Tasas de interés - Rendimiento del Bono del gobierno peruano a 10 años (en S/),30.Ago.22,n.d.
rend_bono10_pen,PD31893DD,diaria,Tasas de interés - Rendimiento del Bono del gobierno peruano a 10 años (en S/),31.Ago.22,7.982
rend_bono10_pen,PD31893DD,diaria,Tasas de interés - Rendimiento del Bono del gobierno peruano a 10 años (en S/),01.Set.22,8.16
rend_bono10_pen,PD31893DD,diaria,Tasas de interés - Rendimiento del Bono del gobierno peruano a 10 años (en S/),02.Set.22,8.13
rend_bono10_pen,PD31893DD,diaria,Tasas de interés - Rendimiento del Bono del gobierno peruano a 10 años (en S/),05.Set.22,8.16
rend_bono10_pen,PD31893DD,diaria,Tasas de interés - Rendimiento del Bono del gobierno peruano a 10 años (en S/),06.Set.22,8.28
rend_bono10_pen,PD31893DD,diaria,Tasas de interés - Rendimiento del Bono del gobierno peruano a 10 años (en S/),07.Set.22,8.27
rend_bono10_pen,PD31893DD,diaria,Tasas de interés - Rendimiento del Bono del gobierno peruano a 10 años (en S/),08.Set.22,8.26
rend_bono10_pen,PD31893DD,diaria,Tasas de interés - Rendimiento del Bono del gobierno peruano a 10 años (en S/),09.Set.22,8.15
rend_bono10_pen,PD31893DD,diaria,Tasas de interés - Rendimiento del Bono del gobierno peruano a 10 años (en S/),12.Set.22,8.08
rend_bono10_pen,PD31893DD,diaria,Tasas de interés - Rendimiento del Bono del gobierno peruano a 10 años (en S/),13.Set.22,8.12
rend_bono10_pen,PD31893DD,diaria,Tasas de interés - Rendimiento del Bono del gobierno peruano a 10 años (en S/),14.Set.22,8.17
rend_bono10_pen,PD31893DD,diaria,Tasas de interés - Rendimiento del Bono del gobierno peruano a 10 años (en S/),15.Set.22,8.19
rend_bono10_pen,PD31893DD,diaria,Tasas de interés - Rendimiento del Bono del gobierno peruano a 10 años (en S/),16.Set.22,8.19
rend_bono10_pen,PD31893DD,diaria,Tasas de interés - Rendimiento del Bono del gobierno peruano a 10 años (en S/),19.Set.22,8.19
rend_bono10_pen,PD31893DD,diaria,Tasas de interés - Rendimiento del Bono del gobierno peruano a 10 años (en S/),20.Set.22,8.28
rend_bono10_pen,PD31893DD,diaria,Tasas de interés - Rendimiento del Bono del gobierno peruano a 10 años (en S/),21.Set.22,8.24
rend_bono10_pen,PD31893DD,diaria,Tasas de interés - Rendimiento del Bono del gobierno peruano a 10 años (en S/),22.Set.22,8.28
rend_bono10_pen,PD31893DD,diaria,Tasas de interés - Rendimiento del Bono del gobierno peruano a 10 años (en S/),23.Set.22,8.35
rend_bono10_pen,PD31893DD,diaria,Tasas de interés - Rendimiento del Bono del gobierno peruano a 10 años (en S/),26.Set.22,8.48
rend_bono10_pen,PD31893DD,diaria,Tasas de interés - Rendimiento del Bono del gobierno peruano a 10 años (en S/),27.Set.22,8.55
rend_bono10_pen,PD31893DD,diaria,Tasas de interés - Rendimiento del Bono del gobierno peruano a 10 años (en S/),28.Set.22,8.64
rend_bono10_pen,PD31893DD,diaria,Tasas de interés - Rendimiento del Bono del gobierno peruano a 10 años (en S/),29.Set.22,8.76
rend_bono10_pen,PD31893DD,diaria,Tasas de interés - Rendimiento del Bono del gobierno peruano a 10 años (en S/),30.Set.22,8.8
rend_bono10_pen,PD31893DD,diaria,Tasas de interés - Rendimiento del Bono del gobierno peruano a 10 años (en S/),03.Oct.22,8.7
rend_bono10_pen,PD31893DD,diaria,Tasas de interés - Rendimiento del Bono del gobierno peruano a 10 años (en S/),04.Oct.22,8.68
rend_bono10_pen,PD31893DD,diaria,Tasas de interés - Rendimiento del Bono del gobierno peruano a 10 años (en S/),05.Oct.22,n.d.
rend_bono10_pen,PD31893DD,diaria,Tasas de interés - Rendimiento del Bono del gobierno peruano a 10 años (en S/),06.Oct.22,8.68
rend_bono10_pen,PD31893DD,diaria,Tasas de interés - Rendimiento del Bono del gobierno peruano a 10 años (en S/),07.Oct.22,8.62
rend_bono10_pen,PD31893DD,diaria,Tasas de interés - Rendimiento del Bono del gobierno peruano a 10 años (en S/),10.Oct.22,8.66
rend_bono10_pen,PD31893DD,diaria,Tasas de interés - Rendimiento del Bono del gobierno peruano a 10 años (en S/),11.Oct.22,8.7
rend_bono10_pen,PD31893DD,diaria,Tasas de interés - Rendimiento del Bono del gobierno peruano a 10 años (en S/),12.Oct.22,8.77
rend_bono10_pen,PD31893DD,diaria,Tasas de interés - Rendimiento del Bono del gobierno peruano a 10 años (en S/),13.Oct.22,8.76
rend_bono10_pen,PD31893DD,diaria,Tasas de interés - Rendimiento del Bono del gobierno peruano a 10 años (en S/),14.Oct.22,8.77
rend_bono10_pen,PD31893DD,diaria,Tasas de interés - Rendimiento del Bono del gobierno peruano a 10 años (en S/),17.Oct.22,8.69
rend_bono10_pen,PD31893DD,diaria,Tasas de interés - Rendimiento del Bono del gobierno peruano a 10 años (en S/),18.Oct.22,8.61
rend_bono10_pen,PD31893DD,diaria,Tasas de interés - Rendimiento del Bono del gobierno peruano a 10 años (en S/),19.Oct.22,8.65
rend_bono10_pen,PD31893DD,diaria,Tasas de interés - Rendimiento del Bono del gobierno peruano a 10 años (en S/),20.Oct.22,8.67
rend_bono10_pen,PD31893DD,diaria,Tasas de interés - Rendimiento del Bono del gobierno peruano a 10 años (en S/),21.Oct.22,8.64
rend_bono10_pen,PD31893DD,diaria,Tasas de interés - Rendimiento del Bono del gobierno peruano a 10 años (en S/),24.Oct.22,8.68
rend_bono10_pen,PD31893DD,diaria,Tasas de interés - Rendimiento del Bono del gobierno peruano a 10 años (en S/),25.Oct.22,8.62
rend_bono10_pen,PD31893DD,diaria,Tasas de interés - Rendimiento del Bono del gobierno peruano a 10 años (en S/),26.Oct.22,8.55
rend_bono10_pen,PD31893DD,diaria,Tasas de interés - Rendimiento del Bono del gobierno peruano a 10 años (en S/),27.Oct.22,8.49
rend_bono10_pen,PD31893DD,diaria,Tasas de interés - Rendimiento del Bono del gobierno peruano a 10 años (en S/),28.Oct.22,8.51
rend_bono10_pen,PD31893DD,diaria,Tasas de interés - Rendimiento del Bono del gobierno peruano a 10 años (en S/),31.Oct.22,8.41
rend_bono10_pen,PD31893DD,diaria,Tasas de interés - Rendimiento del Bono del gobierno peruano a 10 años (en S/),01.Nov.22,n.d.
rend_bono10_pen,PD31893DD,diaria,Tasas de interés - Rendimiento del Bono del gobierno peruano a 10 años (en S/),02.Nov.22,8.23
rend_bono10_pen,PD31893DD,diaria,Tasas de interés - Rendimiento del Bono del gobierno peruano a 10 años (en S/),03.Nov.22,8.24
rend_bono10_pen,PD31893DD,diaria,Tasas de interés - Rendimiento del Bono del gobierno peruano a 10 años (en S/),04.Nov.22,8.13
rend_bono10_pen,PD31893DD,diaria,Tasas de interés - Rendimiento del Bono del gobierno peruano a 10 años (en S/),07.Nov.22,7.94
rend_bono10_pen,PD31893DD,diaria,Tasas de interés - Rendimiento del Bono del gobierno peruano a 10 años (en S/),08.Nov.22,7.74
rend_bono10_pen,PD31893DD,diaria,Tasas de interés - Rendimiento del Bono del gobierno peruano a 10 años (en S/),09.Nov.22,7.71
rend_bono10_pen,PD31893DD,diaria,Tasas de interés - Rendimiento del Bono del gobierno peruano a 10 años (en S/),10.Nov.22,7.53
rend_bono10_pen,PD31893DD,diaria,Tasas de interés - Rendimiento del Bono del gobierno peruano a 10 años (en S/),11.Nov.22,7.62
rend_bono10_pen,PD31893DD,diaria,Tasas de interés - Rendimiento del Bono del gobierno peruano a 10 años (en S/),14.Nov.22,7.73
rend_bono10_pen,PD31893DD,diaria,Tasas de interés - Rendimiento del Bono del gobierno peruano a 10 años (en S/),15.Nov.22,7.87
rend_bono10_pen,PD31893DD,diaria,Tasas de interés - Rendimiento del Bono del gobierno peruano a 10 años (en S/),16.Nov.22,7.94
rend_bono10_pen,PD31893DD,diaria,Tasas de interés - Rendimiento del Bono del gobierno peruano a 10 años (en S/),17.Nov.22,8
rend_bono10_pen,PD31893DD,diaria,Tasas de interés - Rendimiento del Bono del gobierno peruano a 10 años (en S/),18.Nov.22,8.03
rend_bono10_pen,PD31893DD,diaria,Tasas de interés - Rendimiento del Bono del gobierno peruano a 10 años (en S/),21.Nov.22,7.95
rend_bono10_pen,PD31893DD,diaria,Tasas de interés - Rendimiento del Bono del gobierno peruano a 10 años (en S/),22.Nov.22,7.88
rend_bono10_pen,PD31893DD,diaria,Tasas de interés - Rendimiento del Bono del gobierno peruano a 10 años (en S/),23.Nov.22,7.89
rend_bono10_pen,PD31893DD,diaria,Tasas de interés - Rendimiento del Bono del gobierno peruano a 10 años (en S/),24.Nov.22,7.8
rend_bono10_pen,PD31893DD,diaria,Tasas de interés - Rendimiento del Bono del gobierno peruano a 10 años (en S/),25.Nov.22,7.8
rend_bono10_pen,PD31893DD,diaria,Tasas de interés - Rendimiento del Bono del gobierno peruano a 10 años (en S/),28.Nov.22,7.77
rend_bono10_pen,PD31893DD,diaria,Tasas de interés - Rendimiento del Bono del gobierno peruano a 10 años (en S/),29.Nov.22,7.73
rend_bono10_pen,PD31893DD,diaria,Tasas de interés - Rendimiento del Bono del gobierno peruano a 10 años (en S/),30.Nov.22,7.63
rend_bono10_pen,PD31893DD,diaria,Tasas de interés - Rendimiento del Bono del gobierno peruano a 10 años (en S/),01.Dic.22,7.6
rend_bono10_pen,PD31893DD,diaria,Tasas de interés - Rendimiento del Bono del gobierno peruano a 10 años (en S/),02.Dic.22,7.64
rend_bono10_pen,PD31893DD,diaria,Tasas de interés - Rendimiento del Bono del gobierno peruano a 10 años (en S/),05.Dic.22,7.66
rend_bono10_pen,PD31893DD,diaria,Tasas de interés - Rendimiento del Bono del gobierno peruano a 10 años (en S/),06.Dic.22,7.6
rend_bono10_pen,PD31893DD,diaria,Tasas de interés - Rendimiento del Bono del gobierno peruano a 10 años (en S/),07.Dic.22,7.8
rend_bono10_pen,PD31893DD,diaria,Tasas de interés - Rendimiento del Bono del gobierno peruano a 10 años (en S/),08.Dic.22,n.d.
rend_bono10_pen,PD31893DD,diaria,Tasas de interés - Rendimiento del Bono del gobierno peruano a 10 años (en S/),09.Dic.22,n.d.
rend_bono10_pen,PD31893DD,diaria,Tasas de interés - Rendimiento del Bono del gobierno peruano a 10 años (en S/),12.Dic.22,n.d.
rend_bono10_pen,PD31893DD,diaria,Tasas de interés - Rendimiento del Bono del gobierno peruano a 10 años (en S/),13.Dic.22,7.72
rend_bono10_pen,PD31893DD,diaria,Tasas de interés - Rendimiento del Bono del gobierno peruano a 10 años (en S/),14.Dic.22,7.79
rend_bono10_pen,PD31893DD,diaria,Tasas de interés - Rendimiento del Bono del gobierno peruano a 10 años (en S/),15.Dic.22,7.82
rend_bono10_pen,PD31893DD,diaria,Tasas de interés - Rendimiento del Bono del gobierno peruano a 10 años (en S/),16.Dic.22,7.96
rend_bono10_pen,PD31893DD,diaria,Tasas de interés - Rendimiento del Bono del gobierno peruano a 10 años (en S/),19.Dic.22,8.07
rend_bono10_pen,PD31893DD,diaria,Tasas de interés - Rendimiento del Bono del gobierno peruano a 10 años (en S/),20.Dic.22,8.06
rend_bono10_pen,PD31893DD,diaria,Tasas de interés - Rendimiento del Bono del gobierno peruano a 10 años (en S/),21.Dic.22,8
rend_bono10_pen,PD31893DD,diaria,Tasas de interés - Rendimiento del Bono del gobierno peruano a 10 años (en S/),22.Dic.22,7.97
rend_bono10_pen,PD31893DD,diaria,Tasas de interés - Rendimiento del Bono del gobierno peruano a 10 años (en S/),23.Dic.22,7.97
rend_bono10_pen,PD31893DD,diaria,Tasas de interés - Rendimiento del Bono del gobierno peruano a 10 años (en S/),26.Dic.22,7.94
rend_bono10_pen,PD31893DD,diaria,Tasas de interés - Rendimiento del Bono del gobierno peruano a 10 años (en S/),27.Dic.22,7.93
rend_bono10_pen,PD31893DD,diaria,Tasas de interés - Rendimiento del Bono del gobierno peruano a 10 años (en S/),28.Dic.22,7.97
rend_bono10_pen,PD31893DD,diaria,Tasas de interés - Rendimiento del Bono del gobierno peruano a 10 años (en S/),29.Dic.22,7.98
rend_bono10_pen,PD31893DD,diaria,Tasas de interés - Rendimiento del Bono del gobierno peruano a 10 años (en S/),30.Dic.22,7.98
rend_bono10_pen,PD31893DD,diaria,Tasas de interés - Rendimiento del Bono del gobierno peruano a 10 años (en S/),02.Ene.23,n.d.
rend_bono10_pen,PD31893DD,diaria,Tasas de interés - Rendimiento del Bono del gobierno peruano a 10 años (en S/),03.Ene.23,8.01
rend_bono10_pen,PD31893DD,diaria,Tasas de interés - Rendimiento del Bono del gobierno peruano a 10 años (en S/),04.Ene.23,8
rend_bono10_pen,PD31893DD,diaria,Tasas de interés - Rendimiento del Bono del gobierno peruano a 10 años (en S/),05.Ene.23,7.99
rend_bono10_pen,PD31893DD,diaria,Tasas de interés - Rendimiento del Bono del gobierno peruano a 10 años (en S/),06.Ene.23,7.91
rend_bono10_pen,PD31893DD,diaria,Tasas de interés - Rendimiento del Bono del gobierno peruano a 10 años (en S/),09.Ene.23,7.67
rend_bono10_pen,PD31893DD,diaria,Tasas de interés - Rendimiento del Bono del gobierno peruano a 10 años (en S/),10.Ene.23,7.78
rend_bono10_pen,PD31893DD,diaria,Tasas de interés - Rendimiento del Bono del gobierno peruano a 10 años (en S/),11.Ene.23,7.78
rend_bono10_pen,PD31893DD,diaria,Tasas de interés - Rendimiento del Bono del gobierno peruano a 10 años (en S/),12.Ene.23,7.77
rend_bono10_pen,PD31893DD,diaria,Tasas de interés - Rendimiento del Bono del gobierno peruano a 10 años (en S/),13.Ene.23,7.94
rend_bono10_pen,PD31893DD,diaria,Tasas de interés - Rendimiento del Bono del gobierno peruano a 10 años (en S/),16.Ene.23,8.05
rend_bono10_pen,PD31893DD,diaria,Tasas de interés - Rendimiento del Bono del gobierno peruano a 10 años (en S/),17.Ene.23,8.04
rend_bono10_pen,PD31893DD,diaria,Tasas de interés - Rendimiento del Bono del gobierno peruano a 10 años (en S/),18.Ene.23,8
rend_bono10_pen,PD31893DD,diaria,Tasas de interés - Rendimiento del Bono del gobierno peruano a 10 años (en S/),19.Ene.23,8.03
rend_bono10_pen,PD31893DD,diaria,Tasas de interés - Rendimiento del Bono del gobierno peruano a 10 años (en S/),20.Ene.23,7.98
rend_bono10_pen,PD31893DD,diaria,Tasas de interés - Rendimiento del Bono del gobierno peruano a 10 años (en S/),23.Ene.23,7.96
rend_bono10_pen,PD31893DD,diaria,Tasas de interés - Rendimiento del Bono del gobierno peruano a 10 años (en S/),24.Ene.23,8.09
rend_bono10_pen,PD31893DD,diaria,Tasas de interés - Rendimiento del Bono del gobierno peruano a 10 años (en S/),25.Ene.23,n.d.
rend_bono10_pen,PD31893DD,diaria,Tasas de interés - Rendimiento del Bono del gobierno peruano a 10 años (en S/),26.Ene.23,n.d.
rend_bono10_pen,PD31893DD,diaria,Tasas de interés - Rendimiento del Bono del gobierno peruano a 10 años (en S/),27.Ene.23,n.d.
rend_bono10_pen,PD31893DD,diaria,Tasas de interés - Rendimiento del Bono del gobierno peruano a 10 años (en S/),30.Ene.23,8.05
rend_bono10_pen,PD31893DD,diaria,Tasas de interés - Rendimiento del Bono del gobierno peruano a 10 años (en S/),31.Ene.23,8.09
rend_bono10_pen,PD31893DD,diaria,Tasas de interés - Rendimiento del Bono del gobierno peruano a 10 años (en S/),01.Feb.23,7.95
rend_bono10_pen,PD31893DD,diaria,Tasas de interés - Rendimiento del Bono del gobierno peruano a 10 años (en S/),02.Feb.23,7.8
rend_bono10_pen,PD31893DD,diaria,Tasas de interés - Rendimiento del Bono del gobierno peruano a 10 años (en S/),03.Feb.23,7.8
rend_bono10_pen,PD31893DD,diaria,Tasas de interés - Rendimiento del Bono del gobierno peruano a 10 años (en S/),06.Feb.23,7.84
rend_bono10_pen,PD31893DD,diaria,Tasas de interés - Rendimiento del Bono del gobierno peruano a 10 años (en S/),07.Feb.23,7.84
rend_bono10_pen,PD31893DD,diaria,Tasas de interés - Rendimiento del Bono del gobierno peruano a 10 años (en S/),08.Feb.23,7.88
rend_bono10_pen,PD31893DD,diaria,Tasas de interés - Rendimiento del Bono del gobierno peruano a 10 años (en S/),09.Feb.23,7.87
rend_bono10_pen,PD31893DD,diaria,Tasas de interés - Rendimiento del Bono del gobierno peruano a 10 años (en S/),10.Feb.23,7.766
rend_bono10_pen,PD31893DD,diaria,Tasas de interés - Rendimiento del Bono del gobierno peruano a 10 años (en S/),13.Feb.23,n.d.
rend_bono10_pen,PD31893DD,diaria,Tasas de interés - Rendimiento del Bono del gobierno peruano a 10 años (en S/),14.Feb.23,n.d.
rend_bono10_pen,PD31893DD,diaria,Tasas de interés - Rendimiento del Bono del gobierno peruano a 10 años (en S/),15.Feb.23,7.88
rend_bono10_pen,PD31893DD,diaria,Tasas de interés - Rendimiento del Bono del gobierno peruano a 10 años (en S/),16.Feb.23,7.94
rend_bono10_pen,PD31893DD,diaria,Tasas de interés - Rendimiento del Bono del gobierno peruano a 10 años (en S/),17.Feb.23,7.86
rend_bono10_pen,PD31893DD,diaria,Tasas de interés - Rendimiento del Bono del gobierno peruano a 10 años (en S/),20.Feb.23,n.d.
rend_bono10_pen,PD31893DD,diaria,Tasas de interés - Rendimiento del Bono del gobierno peruano a 10 años (en S/),21.Feb.23,7.88
rend_bono10_pen,PD31893DD,diaria,Tasas de interés - Rendimiento del Bono del gobierno peruano a 10 años (en S/),22.Feb.23,7.83
rend_bono10_pen,PD31893DD,diaria,Tasas de interés - Rendimiento del Bono del gobierno peruano a 10 años (en S/),23.Feb.23,7.86
rend_bono10_pen,PD31893DD,diaria,Tasas de interés - Rendimiento del Bono del gobierno peruano a 10 años (en S/),24.Feb.23,8.07
rend_bono10_pen,PD31893DD,diaria,Tasas de interés - Rendimiento del Bono del gobierno peruano a 10 años (en S/),27.Feb.23,7.99
rend_bono10_pen,PD31893DD,diaria,Tasas de interés - Rendimiento del Bono del gobierno peruano a 10 años (en S/),28.Feb.23,8
rend_bono10_pen,PD31893DD,diaria,Tasas de interés - Rendimiento del Bono del gobierno peruano a 10 años (en S/),01.Mar.23,7.96
rend_bono10_pen,PD31893DD,diaria,Tasas de interés - Rendimiento del Bono del gobierno peruano a 10 años (en S/),02.Mar.23,8.07
rend_bono10_pen,PD31893DD,diaria,Tasas de interés - Rendimiento del Bono del gobierno peruano a 10 años (en S/),03.Mar.23,8.07
rend_bono10_pen,PD31893DD,diaria,Tasas de interés - Rendimiento del Bono del gobierno peruano a 10 años (en S/),06.Mar.23,8.07
rend_bono10_pen,PD31893DD,diaria,Tasas de interés - Rendimiento del Bono del gobierno peruano a 10 años (en S/),07.Mar.23,8.05
rend_bono10_pen,PD31893DD,diaria,Tasas de interés - Rendimiento del Bono del gobierno peruano a 10 años (en S/),08.Mar.23,8.054
rend_bono10_pen,PD31893DD,diaria,Tasas de interés - Rendimiento del Bono del gobierno peruano a 10 años (en S/),09.Mar.23,8
rend_bono10_pen,PD31893DD,diaria,Tasas de interés - Rendimiento del Bono del gobierno peruano a 10 años (en S/),10.Mar.23,7.87
rend_bono10_pen,PD31893DD,diaria,Tasas de interés - Rendimiento del Bono del gobierno peruano a 10 años (en S/),13.Mar.23,7.77
rend_bono10_pen,PD31893DD,diaria,Tasas de interés - Rendimiento del Bono del gobierno peruano a 10 años (en S/),14.Mar.23,7.78
rend_bono10_pen,PD31893DD,diaria,Tasas de interés - Rendimiento del Bono del gobierno peruano a 10 años (en S/),15.Mar.23,7.62
rend_bono10_pen,PD31893DD,diaria,Tasas de interés - Rendimiento del Bono del gobierno peruano a 10 años (en S/),16.Mar.23,7.7
rend_bono10_pen,PD31893DD,diaria,Tasas de interés - Rendimiento del Bono del gobierno peruano a 10 años (en S/),17.Mar.23,7.57
rend_bono10_pen,PD31893DD,diaria,Tasas de interés - Rendimiento del Bono del gobierno peruano a 10 años (en S/),20.Mar.23,7.55
rend_bono10_pen,PD31893DD,diaria,Tasas de interés - Rendimiento del Bono del gobierno peruano a 10 años (en S/),21.Mar.23,7.57
rend_bono10_pen,PD31893DD,diaria,Tasas de interés - Rendimiento del Bono del gobierno peruano a 10 años (en S/),22.Mar.23,7.55
rend_bono10_pen,PD31893DD,diaria,Tasas de interés - Rendimiento del Bono del gobierno peruano a 10 años (en S/),23.Mar.23,7.42
rend_bono10_pen,PD31893DD,diaria,Tasas de interés - Rendimiento del Bono del gobierno peruano a 10 años (en S/),24.Mar.23,7.42
rend_bono10_pen,PD31893DD,diaria,Tasas de interés - Rendimiento del Bono del gobierno peruano a 10 años (en S/),27.Mar.23,7.47
rend_bono10_pen,PD31893DD,diaria,Tasas de interés - Rendimiento del Bono del gobierno peruano a 10 años (en S/),28.Mar.23,7.47
rend_bono10_pen,PD31893DD,diaria,Tasas de interés - Rendimiento del Bono del gobierno peruano a 10 años (en S/),29.Mar.23,7.48
rend_bono10_pen,PD31893DD,diaria,Tasas de interés - Rendimiento del Bono del gobierno peruano a 10 años (en S/),30.Mar.23,7.46
rend_bono10_pen,PD31893DD,diaria,Tasas de interés - Rendimiento del Bono del gobierno peruano a 10 años (en S/),31.Mar.23,7.51
rend_bono10_pen,PD31893DD,diaria,Tasas de interés - Rendimiento del Bono del gobierno peruano a 10 años (en S/),03.Abr.23,7.53
rend_bono10_pen,PD31893DD,diaria,Tasas de interés - Rendimiento del Bono del gobierno peruano a 10 años (en S/),04.Abr.23,7.48
rend_bono10_pen,PD31893DD,diaria,Tasas de interés - Rendimiento del Bono del gobierno peruano a 10 años (en S/),05.Abr.23,7.45
rend_bono10_pen,PD31893DD,diaria,Tasas de interés - Rendimiento del Bono del gobierno peruano a 10 años (en S/),06.Abr.23,n.d.
rend_bono10_pen,PD31893DD,diaria,Tasas de interés - Rendimiento del Bono del gobierno peruano a 10 años (en S/),07.Abr.23,n.d.
rend_bono10_pen,PD31893DD,diaria,Tasas de interés - Rendimiento del Bono del gobierno peruano a 10 años (en S/),10.Abr.23,7.5
rend_bono10_pen,PD31893DD,diaria,Tasas de interés - Rendimiento del Bono del gobierno peruano a 10 años (en S/),11.Abr.23,7.51
rend_bono10_pen,PD31893DD,diaria,Tasas de interés - Rendimiento del Bono del gobierno peruano a 10 años (en S/),12.Abr.23,7.48
rend_bono10_pen,PD31893DD,diaria,Tasas de interés - Rendimiento del Bono del gobierno peruano a 10 años (en S/),13.Abr.23,7.48
rend_bono10_pen,PD31893DD,diaria,Tasas de interés - Rendimiento del Bono del gobierno peruano a 10 años (en S/),14.Abr.23,7.52
rend_bono10_pen,PD31893DD,diaria,Tasas de interés - Rendimiento del Bono del gobierno peruano a 10 años (en S/),17.Abr.23,7.57
rend_bono10_pen,PD31893DD,diaria,Tasas de interés - Rendimiento del Bono del gobierno peruano a 10 años (en S/),18.Abr.23,n.d.
rend_bono10_pen,PD31893DD,diaria,Tasas de interés - Rendimiento del Bono del gobierno peruano a 10 años (en S/),19.Abr.23,n.d.
rend_bono10_pen,PD31893DD,diaria,Tasas de interés - Rendimiento del Bono del gobierno peruano a 10 años (en S/),20.Abr.23,n.d.
rend_bono10_pen,PD31893DD,diaria,Tasas de interés - Rendimiento del Bono del gobierno peruano a 10 años (en S/),21.Abr.23,n.d.
rend_bono10_pen,PD31893DD,diaria,Tasas de interés - Rendimiento del Bono del gobierno peruano a 10 años (en S/),24.Abr.23,7.45
rend_bono10_pen,PD31893DD,diaria,Tasas de interés - Rendimiento del Bono del gobierno peruano a 10 años (en S/),25.Abr.23,7.41
rend_bono10_pen,PD31893DD,diaria,Tasas de interés - Rendimiento del Bono del gobierno peruano a 10 años (en S/),26.Abr.23,7.43
rend_bono10_pen,PD31893DD,diaria,Tasas de interés - Rendimiento del Bono del gobierno peruano a 10 años (en S/),27.Abr.23,7.49
rend_bono10_pen,PD31893DD,diaria,Tasas de interés - Rendimiento del Bono del gobierno peruano a 10 años (en S/),28.Abr.23,7.49
rend_bono10_pen,PD31893DD,diaria,Tasas de interés - Rendimiento del Bono del gobierno peruano a 10 años (en S/),01.May.23,n.d.
rend_bono10_pen,PD31893DD,diaria,Tasas de interés - Rendimiento del Bono del gobierno peruano a 10 años (en S/),02.May.23,7.51
rend_bono10_pen,PD31893DD,diaria,Tasas de interés - Rendimiento del Bono del gobierno peruano a 10 años (en S/),03.May.23,7.44
rend_bono10_pen,PD31893DD,diaria,Tasas de interés - Rendimiento del Bono del gobierno peruano a 10 años (en S/),04.May.23,7.43
rend_bono10_pen,PD31893DD,diaria,Tasas de interés - Rendimiento del Bono del gobierno peruano a 10 años (en S/),05.May.23,7.33
rend_bono10_pen,PD31893DD,diaria,Tasas de interés - Rendimiento del Bono del gobierno peruano a 10 años (en S/),08.May.23,7.26
rend_bono10_pen,PD31893DD,diaria,Tasas de interés - Rendimiento del Bono del gobierno peruano a 10 años (en S/),09.May.23,7.19
rend_bono10_pen,PD31893DD,diaria,Tasas de interés - Rendimiento del Bono del gobierno peruano a 10 años (en S/),10.May.23,7.14
rend_bono10_pen,PD31893DD,diaria,Tasas de interés - Rendimiento del Bono del gobierno peruano a 10 años (en S/),11.May.23,7.19
rend_bono10_pen,PD31893DD,diaria,Tasas de interés - Rendimiento del Bono del gobierno peruano a 10 años (en S/),12.May.23,7.19
rend_bono10_pen,PD31893DD,diaria,Tasas de interés - Rendimiento del Bono del gobierno peruano a 10 años (en S/),15.May.23,7.11
rend_bono10_pen,PD31893DD,diaria,Tasas de interés - Rendimiento del Bono del gobierno peruano a 10 años (en S/),16.May.23,7.24
rend_bono10_pen,PD31893DD,diaria,Tasas de interés - Rendimiento del Bono del gobierno peruano a 10 años (en S/),17.May.23,7.27
rend_bono10_pen,PD31893DD,diaria,Tasas de interés - Rendimiento del Bono del gobierno peruano a 10 años (en S/),18.May.23,7.31
rend_bono10_pen,PD31893DD,diaria,Tasas de interés - Rendimiento del Bono del gobierno peruano a 10 años (en S/),19.May.23,7.41
rend_bono10_pen,PD31893DD,diaria,Tasas de interés - Rendimiento del Bono del gobierno peruano a 10 años (en S/),22.May.23,7.44
rend_bono10_pen,PD31893DD,diaria,Tasas de interés - Rendimiento del Bono del gobierno peruano a 10 años (en S/),23.May.23,7.35
rend_bono10_pen,PD31893DD,diaria,Tasas de interés - Rendimiento del Bono del gobierno peruano a 10 años (en S/),24.May.23,7.33
rend_bono10_pen,PD31893DD,diaria,Tasas de interés - Rendimiento del Bono del gobierno peruano a 10 años (en S/),25.May.23,7.29
rend_bono10_pen,PD31893DD,diaria,Tasas de interés - Rendimiento del Bono del gobierno peruano a 10 años (en S/),26.May.23,7.21
rend_bono10_pen,PD31893DD,diaria,Tasas de interés - Rendimiento del Bono del gobierno peruano a 10 años (en S/),29.May.23,7.21
rend_bono10_pen,PD31893DD,diaria,Tasas de interés - Rendimiento del Bono del gobierno peruano a 10 años (en S/),30.May.23,7.15
rend_bono10_pen,PD31893DD,diaria,Tasas de interés - Rendimiento del Bono del gobierno peruano a 10 años (en S/),31.May.23,7.05
rend_bono10_pen,PD31893DD,diaria,Tasas de interés - Rendimiento del Bono del gobierno peruano a 10 años (en S/),01.Jun.23,7.23
rend_bono10_pen,PD31893DD,diaria,Tasas de interés - Rendimiento del Bono del gobierno peruano a 10 años (en S/),02.Jun.23,7.27
rend_bono10_pen,PD31893DD,diaria,Tasas de interés - Rendimiento del Bono del gobierno peruano a 10 años (en S/),05.Jun.23,7.29
rend_bono10_pen,PD31893DD,diaria,Tasas de interés - Rendimiento del Bono del gobierno peruano a 10 años (en S/),06.Jun.23,7.29
rend_bono10_pen,PD31893DD,diaria,Tasas de interés - Rendimiento del Bono del gobierno peruano a 10 años (en S/),07.Jun.23,7.31
rend_bono10_pen,PD31893DD,diaria,Tasas de interés - Rendimiento del Bono del gobierno peruano a 10 años (en S/),08.Jun.23,7.22
rend_bono10_pen,PD31893DD,diaria,Tasas de interés - Rendimiento del Bono del gobierno peruano a 10 años (en S/),09.Jun.23,7.16
rend_bono10_pen,PD31893DD,diaria,Tasas de interés - Rendimiento del Bono del gobierno peruano a 10 años (en S/),12.Jun.23,7.13
rend_bono10_pen,PD31893DD,diaria,Tasas de interés - Rendimiento del Bono del gobierno peruano a 10 años (en S/),13.Jun.23,7.13
rend_bono10_pen,PD31893DD,diaria,Tasas de interés - Rendimiento del Bono del gobierno peruano a 10 años (en S/),14.Jun.23,7.09
rend_bono10_pen,PD31893DD,diaria,Tasas de interés - Rendimiento del Bono del gobierno peruano a 10 años (en S/),15.Jun.23,7.08
rend_bono10_pen,PD31893DD,diaria,Tasas de interés - Rendimiento del Bono del gobierno peruano a 10 años (en S/),16.Jun.23,7.02
rend_bono10_pen,PD31893DD,diaria,Tasas de interés - Rendimiento del Bono del gobierno peruano a 10 años (en S/),19.Jun.23,6.95
rend_bono10_pen,PD31893DD,diaria,Tasas de interés - Rendimiento del Bono del gobierno peruano a 10 años (en S/),20.Jun.23,6.93
rend_bono10_pen,PD31893DD,diaria,Tasas de interés - Rendimiento del Bono del gobierno peruano a 10 años (en S/),21.Jun.23,6.92
rend_bono10_pen,PD31893DD,diaria,Tasas de interés - Rendimiento del Bono del gobierno peruano a 10 años (en S/),22.Jun.23,6.96
rend_bono10_pen,PD31893DD,diaria,Tasas de interés - Rendimiento del Bono del gobierno peruano a 10 años (en S/),23.Jun.23,6.95
rend_bono10_pen,PD31893DD,diaria,Tasas de interés - Rendimiento del Bono del gobierno peruano a 10 años (en S/),26.Jun.23,6.95
rend_bono10_pen,PD31893DD,diaria,Tasas de interés - Rendimiento del Bono del gobierno peruano a 10 años (en S/),27.Jun.23,6.94
rend_bono10_pen,PD31893DD,diaria,Tasas de interés - Rendimiento del Bono del gobierno peruano a 10 años (en S/),28.Jun.23,6.88
rend_bono10_pen,PD31893DD,diaria,Tasas de interés - Rendimiento del Bono del gobierno peruano a 10 años (en S/),29.Jun.23,n.d.
rend_bono10_pen,PD31893DD,diaria,Tasas de interés - Rendimiento del Bono del gobierno peruano a 10 años (en S/),30.Jun.23,6.85
rend_bono10_pen,PD31893DD,diaria,Tasas de interés - Rendimiento del Bono del gobierno peruano a 10 años (en S/),03.Jul.23,6.66
rend_bono10_pen,PD31893DD,diaria,Tasas de interés - Rendimiento del Bono del gobierno peruano a 10 años (en S/),04.Jul.23,6.6
rend_bono10_pen,PD31893DD,diaria,Tasas de interés - Rendimiento del Bono del gobierno peruano a 10 años (en S/),05.Jul.23,6.66
rend_bono10_pen,PD31893DD,diaria,Tasas de interés - Rendimiento del Bono del gobierno peruano a 10 años (en S/),06.Jul.23,6.79
rend_bono10_pen,PD31893DD,diaria,Tasas de interés - Rendimiento del Bono del gobierno peruano a 10 años (en S/),07.Jul.23,6.78
rend_bono10_pen,PD31893DD,diaria,Tasas de interés - Rendimiento del Bono del gobierno peruano a 10 años (en S/),10.Jul.23,6.8
rend_bono10_pen,PD31893DD,diaria,Tasas de interés - Rendimiento del Bono del gobierno peruano a 10 años (en S/),11.Jul.23,n.d.
rend_bono10_pen,PD31893DD,diaria,Tasas de interés - Rendimiento del Bono del gobierno peruano a 10 años (en S/),12.Jul.23,n.d.
rend_bono10_pen,PD31893DD,diaria,Tasas de interés - Rendimiento del Bono del gobierno peruano a 10 años (en S/),13.Jul.23,6.67
rend_bono10_pen,PD31893DD,diaria,Tasas de interés - Rendimiento del Bono del gobierno peruano a 10 años (en S/),14.Jul.23,6.73
rend_bono10_pen,PD31893DD,diaria,Tasas de interés - Rendimiento del Bono del gobierno peruano a 10 años (en S/),17.Jul.23,6.78
rend_bono10_pen,PD31893DD,diaria,Tasas de interés - Rendimiento del Bono del gobierno peruano a 10 años (en S/),18.Jul.23,6.79
rend_bono10_pen,PD31893DD,diaria,Tasas de interés - Rendimiento del Bono del gobierno peruano a 10 años (en S/),19.Jul.23,6.76
rend_bono10_pen,PD31893DD,diaria,Tasas de interés - Rendimiento del Bono del gobierno peruano a 10 años (en S/),20.Jul.23,6.79
rend_bono10_pen,PD31893DD,diaria,Tasas de interés - Rendimiento del Bono del gobierno peruano a 10 años (en S/),21.Jul.23,6.83
rend_bono10_pen,PD31893DD,diaria,Tasas de interés - Rendimiento del Bono del gobierno peruano a 10 años (en S/),24.Jul.23,6.83
rend_bono10_pen,PD31893DD,diaria,Tasas de interés - Rendimiento del Bono del gobierno peruano a 10 años (en S/),25.Jul.23,6.78
rend_bono10_pen,PD31893DD,diaria,Tasas de interés - Rendimiento del Bono del gobierno peruano a 10 años (en S/),26.Jul.23,6.76
rend_bono10_pen,PD31893DD,diaria,Tasas de interés - Rendimiento del Bono del gobierno peruano a 10 años (en S/),27.Jul.23,6.81
rend_bono10_pen,PD31893DD,diaria,Tasas de interés - Rendimiento del Bono del gobierno peruano a 10 años (en S/),28.Jul.23,n.d.
rend_bono10_pen,PD31893DD,diaria,Tasas de interés - Rendimiento del Bono del gobierno peruano a 10 años (en S/),31.Jul.23,6.72
rend_bono10_pen,PD31893DD,diaria,Tasas de interés - Rendimiento del Bono del gobierno peruano a 10 años (en S/),01.Ago.23,6.74
rend_bono10_pen,PD31893DD,diaria,Tasas de interés - Rendimiento del Bono del gobierno peruano a 10 años (en S/),02.Ago.23,6.82
rend_bono10_pen,PD31893DD,diaria,Tasas de interés - Rendimiento del Bono del gobierno peruano a 10 años (en S/),03.Ago.23,6.94
rend_bono10_pen,PD31893DD,diaria,Tasas de interés - Rendimiento del Bono del gobierno peruano a 10 años (en S/),04.Ago.23,6.89
rend_bono10_pen,PD31893DD,diaria,Tasas de interés - Rendimiento del Bono del gobierno peruano a 10 años (en S/),07.Ago.23,6.88
rend_bono10_pen,PD31893DD,diaria,Tasas de interés - Rendimiento del Bono del gobierno peruano a 10 años (en S/),08.Ago.23,6.81
rend_bono10_pen,PD31893DD,diaria,Tasas de interés - Rendimiento del Bono del gobierno peruano a 10 años (en S/),09.Ago.23,6.76
rend_bono10_pen,PD31893DD,diaria,Tasas de interés - Rendimiento del Bono del gobierno peruano a 10 años (en S/),10.Ago.23,6.68
rend_bono10_pen,PD31893DD,diaria,Tasas de interés - Rendimiento del Bono del gobierno peruano a 10 años (en S/),11.Ago.23,6.68
rend_bono10_pen,PD31893DD,diaria,Tasas de interés - Rendimiento del Bono del gobierno peruano a 10 años (en S/),14.Ago.23,6.74
rend_bono10_pen,PD31893DD,diaria,Tasas de interés - Rendimiento del Bono del gobierno peruano a 10 años (en S/),15.Ago.23,6.77
rend_bono10_pen,PD31893DD,diaria,Tasas de interés - Rendimiento del Bono del gobierno peruano a 10 años (en S/),16.Ago.23,6.8
rend_bono10_pen,PD31893DD,diaria,Tasas de interés - Rendimiento del Bono del gobierno peruano a 10 años (en S/),17.Ago.23,6.9
rend_bono10_pen,PD31893DD,diaria,Tasas de interés - Rendimiento del Bono del gobierno peruano a 10 años (en S/),18.Ago.23,6.98
rend_bono10_pen,PD31893DD,diaria,Tasas de interés - Rendimiento del Bono del gobierno peruano a 10 años (en S/),21.Ago.23,7.08
rend_bono10_pen,PD31893DD,diaria,Tasas de interés - Rendimiento del Bono del gobierno peruano a 10 años (en S/),22.Ago.23,7.07
rend_bono10_pen,PD31893DD,diaria,Tasas de interés - Rendimiento del Bono del gobierno peruano a 10 años (en S/),23.Ago.23,6.96
rend_bono10_pen,PD31893DD,diaria,Tasas de interés - Rendimiento del Bono del gobierno peruano a 10 años (en S/),24.Ago.23,6.91
rend_bono10_pen,PD31893DD,diaria,Tasas de interés - Rendimiento del Bono del gobierno peruano a 10 años (en S/),25.Ago.23,6.9
rend_bono10_pen,PD31893DD,diaria,Tasas de interés - Rendimiento del Bono del gobierno peruano a 10 años (en S/),28.Ago.23,6.84
rend_bono10_pen,PD31893DD,diaria,Tasas de interés - Rendimiento del Bono del gobierno peruano a 10 años (en S/),29.Ago.23,6.74
rend_bono10_pen,PD31893DD,diaria,Tasas de interés - Rendimiento del Bono del gobierno peruano a 10 años (en S/),30.Ago.23,n.d.
rend_bono10_pen,PD31893DD,diaria,Tasas de interés - Rendimiento del Bono del gobierno peruano a 10 años (en S/),31.Ago.23,6.68
rend_bono10_pen,PD31893DD,diaria,Tasas de interés - Rendimiento del Bono del gobierno peruano a 10 años (en S/),01.Set.23,6.79
rend_bono10_pen,PD31893DD,diaria,Tasas de interés - Rendimiento del Bono del gobierno peruano a 10 años (en S/),04.Set.23,6.87
rend_bono10_pen,PD31893DD,diaria,Tasas de interés - Rendimiento del Bono del gobierno peruano a 10 años (en S/),05.Set.23,6.88
rend_bono10_pen,PD31893DD,diaria,Tasas de interés - Rendimiento del Bono del gobierno peruano a 10 años (en S/),06.Set.23,6.98
rend_bono10_pen,PD31893DD,diaria,Tasas de interés - Rendimiento del Bono del gobierno peruano a 10 años (en S/),07.Set.23,6.93
rend_bono10_pen,PD31893DD,diaria,Tasas de interés - Rendimiento del Bono del gobierno peruano a 10 años (en S/),08.Set.23,6.85
rend_bono10_pen,PD31893DD,diaria,Tasas de interés - Rendimiento del Bono del gobierno peruano a 10 años (en S/),11.Set.23,6.83
rend_bono10_pen,PD31893DD,diaria,Tasas de interés - Rendimiento del Bono del gobierno peruano a 10 años (en S/),12.Set.23,6.83
rend_bono10_pen,PD31893DD,diaria,Tasas de interés - Rendimiento del Bono del gobierno peruano a 10 años (en S/),13.Set.23,6.83
rend_bono10_pen,PD31893DD,diaria,Tasas de interés - Rendimiento del Bono del gobierno peruano a 10 años (en S/),14.Set.23,6.81
rend_bono10_pen,PD31893DD,diaria,Tasas de interés - Rendimiento del Bono del gobierno peruano a 10 años (en S/),15.Set.23,6.75
rend_bono10_pen,PD31893DD,diaria,Tasas de interés - Rendimiento del Bono del gobierno peruano a 10 años (en S/),18.Set.23,6.79
rend_bono10_pen,PD31893DD,diaria,Tasas de interés - Rendimiento del Bono del gobierno peruano a 10 años (en S/),19.Set.23,6.91
rend_bono10_pen,PD31893DD,diaria,Tasas de interés - Rendimiento del Bono del gobierno peruano a 10 años (en S/),20.Set.23,6.88
rend_bono10_pen,PD31893DD,diaria,Tasas de interés - Rendimiento del Bono del gobierno peruano a 10 años (en S/),21.Set.23,7.02
rend_bono10_pen,PD31893DD,diaria,Tasas de interés - Rendimiento del Bono del gobierno peruano a 10 años (en S/),22.Set.23,6.97
rend_bono10_pen,PD31893DD,diaria,Tasas de interés - Rendimiento del Bono del gobierno peruano a 10 años (en S/),25.Set.23,7.15
rend_bono10_pen,PD31893DD,diaria,Tasas de interés - Rendimiento del Bono del gobierno peruano a 10 años (en S/),26.Set.23,7.22
rend_bono10_pen,PD31893DD,diaria,Tasas de interés - Rendimiento del Bono del gobierno peruano a 10 años (en S/),27.Set.23,7.45
rend_bono10_pen,PD31893DD,diaria,Tasas de interés - Rendimiento del Bono del gobierno peruano a 10 años (en S/),28.Set.23,7.37
rend_bono10_pen,PD31893DD,diaria,Tasas de interés - Rendimiento del Bono del gobierno peruano a 10 años (en S/),29.Set.23,7.23
rend_bono10_pen,PD31893DD,diaria,Tasas de interés - Rendimiento del Bono del gobierno peruano a 10 años (en S/),02.Oct.23,7.34
rend_bono10_pen,PD31893DD,diaria,Tasas de interés - Rendimiento del Bono del gobierno peruano a 10 años (en S/),03.Oct.23,7.48
rend_bono10_pen,PD31893DD,diaria,Tasas de interés - Rendimiento del Bono del gobierno peruano a 10 años (en S/),04.Oct.23,7.5
rend_bono10_pen,PD31893DD,diaria,Tasas de interés - Rendimiento del Bono del gobierno peruano a 10 años (en S/),05.Oct.23,7.57
rend_bono10_pen,PD31893DD,diaria,Tasas de interés - Rendimiento del Bono del gobierno peruano a 10 años (en S/),06.Oct.23,7.56
rend_bono10_pen,PD31893DD,diaria,Tasas de interés - Rendimiento del Bono del gobierno peruano a 10 años (en S/),09.Oct.23,7.52
rend_bono10_pen,PD31893DD,diaria,Tasas de interés - Rendimiento del Bono del gobierno peruano a 10 años (en S/),10.Oct.23,7.48
rend_bono10_pen,PD31893DD,diaria,Tasas de interés - Rendimiento del Bono del gobierno peruano a 10 años (en S/),11.Oct.23,7.53
rend_bono10_pen,PD31893DD,diaria,Tasas de interés - Rendimiento del Bono del gobierno peruano a 10 años (en S/),12.Oct.23,7.65
rend_bono10_pen,PD31893DD,diaria,Tasas de interés - Rendimiento del Bono del gobierno peruano a 10 años (en S/),13.Oct.23,7.68
rend_bono10_pen,PD31893DD,diaria,Tasas de interés - Rendimiento del Bono del gobierno peruano a 10 años (en S/),16.Oct.23,7.72
rend_bono10_pen,PD31893DD,diaria,Tasas de interés - Rendimiento del Bono del gobierno peruano a 10 años (en S/),17.Oct.23,7.69
rend_bono10_pen,PD31893DD,diaria,Tasas de interés - Rendimiento del Bono del gobierno peruano a 10 años (en S/),18.Oct.23,7.72
rend_bono10_pen,PD31893DD,diaria,Tasas de interés - Rendimiento del Bono del gobierno peruano a 10 años (en S/),19.Oct.23,7.75
rend_bono10_pen,PD31893DD,diaria,Tasas de interés - Rendimiento del Bono del gobierno peruano a 10 años (en S/),20.Oct.23,7.76
rend_bono10_pen,PD31893DD,diaria,Tasas de interés - Rendimiento del Bono del gobierno peruano a 10 años (en S/),23.Oct.23,7.73
rend_bono10_pen,PD31893DD,diaria,Tasas de interés - Rendimiento del Bono del gobierno peruano a 10 años (en S/),24.Oct.23,7.66
rend_bono10_pen,PD31893DD,diaria,Tasas de interés - Rendimiento del Bono del gobierno peruano a 10 años (en S/),25.Oct.23,7.71
rend_bono10_pen,PD31893DD,diaria,Tasas de interés - Rendimiento del Bono del gobierno peruano a 10 años (en S/),26.Oct.23,7.68
rend_bono10_pen,PD31893DD,diaria,Tasas de interés - Rendimiento del Bono del gobierno peruano a 10 años (en S/),27.Oct.23,7.69
rend_bono10_pen,PD31893DD,diaria,Tasas de interés - Rendimiento del Bono del gobierno peruano a 10 años (en S/),30.Oct.23,7.66
rend_bono10_pen,PD31893DD,diaria,Tasas de interés - Rendimiento del Bono del gobierno peruano a 10 años (en S/),31.Oct.23,7.66
rend_bono10_pen,PD31893DD,diaria,Tasas de interés - Rendimiento del Bono del gobierno peruano a 10 años (en S/),01.Nov.23,n.d.
rend_bono10_pen,PD31893DD,diaria,Tasas de interés - Rendimiento del Bono del gobierno peruano a 10 años (en S/),02.Nov.23,7.32
rend_bono10_pen,PD31893DD,diaria,Tasas de interés - Rendimiento del Bono del gobierno peruano a 10 años (en S/),03.Nov.23,7.29
rend_bono10_pen,PD31893DD,diaria,Tasas de interés - Rendimiento del Bono del gobierno peruano a 10 años (en S/),06.Nov.23,7.25
rend_bono10_pen,PD31893DD,diaria,Tasas de interés - Rendimiento del Bono del gobierno peruano a 10 años (en S/),07.Nov.23,7.23
rend_bono10_pen,PD31893DD,diaria,Tasas de interés - Rendimiento del Bono del gobierno peruano a 10 años (en S/),08.Nov.23,7.14
rend_bono10_pen,PD31893DD,diaria,Tasas de interés - Rendimiento del Bono del gobierno peruano a 10 años (en S/),09.Nov.23,7.16
rend_bono10_pen,PD31893DD,diaria,Tasas de interés - Rendimiento del Bono del gobierno peruano a 10 años (en S/),10.Nov.23,7.18
rend_bono10_pen,PD31893DD,diaria,Tasas de interés - Rendimiento del Bono del gobierno peruano a 10 años (en S/),13.Nov.23,7.2
rend_bono10_pen,PD31893DD,diaria,Tasas de interés - Rendimiento del Bono del gobierno peruano a 10 años (en S/),14.Nov.23,7.08
rend_bono10_pen,PD31893DD,diaria,Tasas de interés - Rendimiento del Bono del gobierno peruano a 10 años (en S/),15.Nov.23,7.13
rend_bono10_pen,PD31893DD,diaria,Tasas de interés - Rendimiento del Bono del gobierno peruano a 10 años (en S/),16.Nov.23,7.11
rend_bono10_pen,PD31893DD,diaria,Tasas de interés - Rendimiento del Bono del gobierno peruano a 10 años (en S/),17.Nov.23,7.12
rend_bono10_pen,PD31893DD,diaria,Tasas de interés - Rendimiento del Bono del gobierno peruano a 10 años (en S/),20.Nov.23,7.08
rend_bono10_pen,PD31893DD,diaria,Tasas de interés - Rendimiento del Bono del gobierno peruano a 10 años (en S/),21.Nov.23,7.06
rend_bono10_pen,PD31893DD,diaria,Tasas de interés - Rendimiento del Bono del gobierno peruano a 10 años (en S/),22.Nov.23,7.09
rend_bono10_pen,PD31893DD,diaria,Tasas de interés - Rendimiento del Bono del gobierno peruano a 10 años (en S/),23.Nov.23,7.15
rend_bono10_pen,PD31893DD,diaria,Tasas de interés - Rendimiento del Bono del gobierno peruano a 10 años (en S/),24.Nov.23,7.18
rend_bono10_pen,PD31893DD,diaria,Tasas de interés - Rendimiento del Bono del gobierno peruano a 10 años (en S/),27.Nov.23,7.22
rend_bono10_pen,PD31893DD,diaria,Tasas de interés - Rendimiento del Bono del gobierno peruano a 10 años (en S/),28.Nov.23,7.24
rend_bono10_pen,PD31893DD,diaria,Tasas de interés - Rendimiento del Bono del gobierno peruano a 10 años (en S/),29.Nov.23,7.18
rend_bono10_pen,PD31893DD,diaria,Tasas de interés - Rendimiento del Bono del gobierno peruano a 10 años (en S/),30.Nov.23,7.2
rend_bono10_pen,PD31893DD,diaria,Tasas de interés - Rendimiento del Bono del gobierno peruano a 10 años (en S/),01.Dic.23,7.1
rend_bono10_pen,PD31893DD,diaria,Tasas de interés - Rendimiento del Bono del gobierno peruano a 10 años (en S/),04.Dic.23,7.1
rend_bono10_pen,PD31893DD,diaria,Tasas de interés - Rendimiento del Bono del gobierno peruano a 10 años (en S/),05.Dic.23,7.04
rend_bono10_pen,PD31893DD,diaria,Tasas de interés - Rendimiento del Bono del gobierno peruano a 10 años (en S/),06.Dic.23,6.88
rend_bono10_pen,PD31893DD,diaria,Tasas de interés - Rendimiento del Bono del gobierno peruano a 10 años (en S/),07.Dic.23,6.92
rend_bono10_pen,PD31893DD,diaria,Tasas de interés - Rendimiento del Bono del gobierno peruano a 10 años (en S/),08.Dic.23,n.d.
rend_bono10_pen,PD31893DD,diaria,Tasas de interés - Rendimiento del Bono del gobierno peruano a 10 años (en S/),11.Dic.23,7.061
rend_bono10_pen,PD31893DD,diaria,Tasas de interés - Rendimiento del Bono del gobierno peruano a 10 años (en S/),12.Dic.23,7.08
rend_bono10_pen,PD31893DD,diaria,Tasas de interés - Rendimiento del Bono del gobierno peruano a 10 años (en S/),13.Dic.23,6.97
rend_bono10_pen,PD31893DD,diaria,Tasas de interés - Rendimiento del Bono del gobierno peruano a 10 años (en S/),14.Dic.23,6.75
rend_bono10_pen,PD31893DD,diaria,Tasas de interés - Rendimiento del Bono del gobierno peruano a 10 años (en S/),15.Dic.23,6.77
rend_bono10_pen,PD31893DD,diaria,Tasas de interés - Rendimiento del Bono del gobierno peruano a 10 años (en S/),18.Dic.23,6.8
rend_bono10_pen,PD31893DD,diaria,Tasas de interés - Rendimiento del Bono del gobierno peruano a 10 años (en S/),19.Dic.23,6.82
rend_bono10_pen,PD31893DD,diaria,Tasas de interés - Rendimiento del Bono del gobierno peruano a 10 años (en S/),20.Dic.23,6.79
rend_bono10_pen,PD31893DD,diaria,Tasas de interés - Rendimiento del Bono del gobierno peruano a 10 años (en S/),21.Dic.23,6.8
rend_bono10_pen,PD31893DD,diaria,Tasas de interés - Rendimiento del Bono del gobierno peruano a 10 años (en S/),22.Dic.23,6.8
rend_bono10_pen,PD31893DD,diaria,Tasas de interés - Rendimiento del Bono del gobierno peruano a 10 años (en S/),25.Dic.23,n.d.
rend_bono10_pen,PD31893DD,diaria,Tasas de interés - Rendimiento del Bono del gobierno peruano a 10 años (en S/),26.Dic.23,6.79
rend_bono10_pen,PD31893DD,diaria,Tasas de interés - Rendimiento del Bono del gobierno peruano a 10 años (en S/),27.Dic.23,6.68
rend_bono10_pen,PD31893DD,diaria,Tasas de interés - Rendimiento del Bono del gobierno peruano a 10 años (en S/),28.Dic.23,6.66
rend_bono10_pen,PD31893DD,diaria,Tasas de interés - Rendimiento del Bono del gobierno peruano a 10 años (en S/),29.Dic.23,6.69
rend_bono10_pen,PD31893DD,diaria,Tasas de interés - Rendimiento del Bono del gobierno peruano a 10 años (en S/),01.Ene.24,n.d.
rend_bono10_pen,PD31893DD,diaria,Tasas de interés - Rendimiento del Bono del gobierno peruano a 10 años (en S/),02.Ene.24,n.d.
rend_bono10_pen,PD31893DD,diaria,Tasas de interés - Rendimiento del Bono del gobierno peruano a 10 años (en S/),03.Ene.24,6.78
rend_bono10_pen,PD31893DD,diaria,Tasas de interés - Rendimiento del Bono del gobierno peruano a 10 años (en S/),04.Ene.24,6.84
rend_bono10_pen,PD31893DD,diaria,Tasas de interés - Rendimiento del Bono del gobierno peruano a 10 años (en S/),05.Ene.24,6.85
rend_bono10_pen,PD31893DD,diaria,Tasas de interés - Rendimiento del Bono del gobierno peruano a 10 años (en S/),08.Ene.24,6.82
rend_bono10_pen,PD31893DD,diaria,Tasas de interés - Rendimiento del Bono del gobierno peruano a 10 años (en S/),09.Ene.24,6.79
rend_bono10_pen,PD31893DD,diaria,Tasas de interés - Rendimiento del Bono del gobierno peruano a 10 años (en S/),10.Ene.24,6.72
rend_bono10_pen,PD31893DD,diaria,Tasas de interés - Rendimiento del Bono del gobierno peruano a 10 años (en S/),11.Ene.24,6.63
rend_bono10_pen,PD31893DD,diaria,Tasas de interés - Rendimiento del Bono del gobierno peruano a 10 años (en S/),12.Ene.24,6.55
rend_bono10_pen,PD31893DD,diaria,Tasas de interés - Rendimiento del Bono del gobierno peruano a 10 años (en S/),15.Ene.24,6.56
rend_bono10_pen,PD31893DD,diaria,Tasas de interés - Rendimiento del Bono del gobierno peruano a 10 años (en S/),16.Ene.24,6.59
rend_bono10_pen,PD31893DD,diaria,Tasas de interés - Rendimiento del Bono del gobierno peruano a 10 años (en S/),17.Ene.24,6.67
rend_bono10_pen,PD31893DD,diaria,Tasas de interés - Rendimiento del Bono del gobierno peruano a 10 años (en S/),18.Ene.24,6.69
rend_bono10_pen,PD31893DD,diaria,Tasas de interés - Rendimiento del Bono del gobierno peruano a 10 años (en S/),19.Ene.24,6.66
rend_bono10_pen,PD31893DD,diaria,Tasas de interés - Rendimiento del Bono del gobierno peruano a 10 años (en S/),22.Ene.24,6.61
rend_bono10_pen,PD31893DD,diaria,Tasas de interés - Rendimiento del Bono del gobierno peruano a 10 años (en S/),23.Ene.24,6.63
rend_bono10_pen,PD31893DD,diaria,Tasas de interés - Rendimiento del Bono del gobierno peruano a 10 años (en S/),24.Ene.24,6.65
rend_bono10_pen,PD31893DD,diaria,Tasas de interés - Rendimiento del Bono del gobierno peruano a 10 años (en S/),25.Ene.24,6.64
rend_bono10_pen,PD31893DD,diaria,Tasas de interés - Rendimiento del Bono del gobierno peruano a 10 años (en S/),26.Ene.24,6.68
rend_bono10_pen,PD31893DD,diaria,Tasas de interés - Rendimiento del Bono del gobierno peruano a 10 años (en S/),29.Ene.24,6.66
rend_bono10_pen,PD31893DD,diaria,Tasas de interés - Rendimiento del Bono del gobierno peruano a 10 años (en S/),30.Ene.24,6.65
rend_bono10_pen,PD31893DD,diaria,Tasas de interés - Rendimiento del Bono del gobierno peruano a 10 años (en S/),31.Ene.24,6.6
rend_bono10_pen,PD31893DD,diaria,Tasas de interés - Rendimiento del Bono del gobierno peruano a 10 años (en S/),01.Feb.24,6.53
rend_bono10_pen,PD31893DD,diaria,Tasas de interés - Rendimiento del Bono del gobierno peruano a 10 años (en S/),02.Feb.24,6.7
rend_bono10_pen,PD31893DD,diaria,Tasas de interés - Rendimiento del Bono del gobierno peruano a 10 años (en S/),05.Feb.24,6.93
rend_bono10_pen,PD31893DD,diaria,Tasas de interés - Rendimiento del Bono del gobierno peruano a 10 años (en S/),06.Feb.24,6.74
rend_bono10_pen,PD31893DD,diaria,Tasas de interés - Rendimiento del Bono del gobierno peruano a 10 años (en S/),07.Feb.24,6.7
rend_bono10_pen,PD31893DD,diaria,Tasas de interés - Rendimiento del Bono del gobierno peruano a 10 años (en S/),08.Feb.24,6.73
rend_bono10_pen,PD31893DD,diaria,Tasas de interés - Rendimiento del Bono del gobierno peruano a 10 años (en S/),09.Feb.24,6.71
rend_bono10_pen,PD31893DD,diaria,Tasas de interés - Rendimiento del Bono del gobierno peruano a 10 años (en S/),12.Feb.24,6.71
rend_bono10_pen,PD31893DD,diaria,Tasas de interés - Rendimiento del Bono del gobierno peruano a 10 años (en S/),13.Feb.24,6.77
rend_bono10_pen,PD31893DD,diaria,Tasas de interés - Rendimiento del Bono del gobierno peruano a 10 años (en S/),14.Feb.24,6.74
rend_bono10_pen,PD31893DD,diaria,Tasas de interés - Rendimiento del Bono del gobierno peruano a 10 años (en S/),15.Feb.24,6.7
rend_bono10_pen,PD31893DD,diaria,Tasas de interés - Rendimiento del Bono del gobierno peruano a 10 años (en S/),16.Feb.24,6.7
rend_bono10_pen,PD31893DD,diaria,Tasas de interés - Rendimiento del Bono del gobierno peruano a 10 años (en S/),19.Feb.24,6.7
rend_bono10_pen,PD31893DD,diaria,Tasas de interés - Rendimiento del Bono del gobierno peruano a 10 años (en S/),20.Feb.24,6.71
rend_bono10_pen,PD31893DD,diaria,Tasas de interés - Rendimiento del Bono del gobierno peruano a 10 años (en S/),21.Feb.24,6.74
rend_bono10_pen,PD31893DD,diaria,Tasas de interés - Rendimiento del Bono del gobierno peruano a 10 años (en S/),22.Feb.24,6.76
rend_bono10_pen,PD31893DD,diaria,Tasas de interés - Rendimiento del Bono del gobierno peruano a 10 años (en S/),23.Feb.24,6.81
rend_bono10_pen,PD31893DD,diaria,Tasas de interés - Rendimiento del Bono del gobierno peruano a 10 años (en S/),26.Feb.24,6.89
rend_bono10_pen,PD31893DD,diaria,Tasas de interés - Rendimiento del Bono del gobierno peruano a 10 años (en S/),27.Feb.24,6.86
rend_bono10_pen,PD31893DD,diaria,Tasas de interés - Rendimiento del Bono del gobierno peruano a 10 años (en S/),28.Feb.24,6.84
rend_bono10_pen,PD31893DD,diaria,Tasas de interés - Rendimiento del Bono del gobierno peruano a 10 años (en S/),29.Feb.24,6.86
rend_bono10_pen,PD31893DD,diaria,Tasas de interés - Rendimiento del Bono del gobierno peruano a 10 años (en S/),01.Mar.24,6.83
rend_bono10_pen,PD31893DD,diaria,Tasas de interés - Rendimiento del Bono del gobierno peruano a 10 años (en S/),04.Mar.24,6.88
rend_bono10_pen,PD31893DD,diaria,Tasas de interés - Rendimiento del Bono del gobierno peruano a 10 años (en S/),05.Mar.24,6.9
rend_bono10_pen,PD31893DD,diaria,Tasas de interés - Rendimiento del Bono del gobierno peruano a 10 años (en S/),06.Mar.24,6.95
rend_bono10_pen,PD31893DD,diaria,Tasas de interés - Rendimiento del Bono del gobierno peruano a 10 años (en S/),07.Mar.24,6.94
rend_bono10_pen,PD31893DD,diaria,Tasas de interés - Rendimiento del Bono del gobierno peruano a 10 años (en S/),08.Mar.24,6.97
rend_bono10_pen,PD31893DD,diaria,Tasas de interés - Rendimiento del Bono del gobierno peruano a 10 años (en S/),11.Mar.24,7.02
rend_bono10_pen,PD31893DD,diaria,Tasas de interés - Rendimiento del Bono del gobierno peruano a 10 años (en S/),12.Mar.24,7.04
rend_bono10_pen,PD31893DD,diaria,Tasas de interés - Rendimiento del Bono del gobierno peruano a 10 años (en S/),13.Mar.24,6.99
rend_bono10_pen,PD31893DD,diaria,Tasas de interés - Rendimiento del Bono del gobierno peruano a 10 años (en S/),14.Mar.24,7.02
rend_bono10_pen,PD31893DD,diaria,Tasas de interés - Rendimiento del Bono del gobierno peruano a 10 años (en S/),15.Mar.24,6.96
rend_bono10_pen,PD31893DD,diaria,Tasas de interés - Rendimiento del Bono del gobierno peruano a 10 años (en S/),18.Mar.24,6.99
rend_bono10_pen,PD31893DD,diaria,Tasas de interés - Rendimiento del Bono del gobierno peruano a 10 años (en S/),19.Mar.24,6.98
rend_bono10_pen,PD31893DD,diaria,Tasas de interés - Rendimiento del Bono del gobierno peruano a 10 años (en S/),20.Mar.24,7.02
rend_bono10_pen,PD31893DD,diaria,Tasas de interés - Rendimiento del Bono del gobierno peruano a 10 años (en S/),21.Mar.24,7
rend_bono10_pen,PD31893DD,diaria,Tasas de interés - Rendimiento del Bono del gobierno peruano a 10 años (en S/),22.Mar.24,6.94
rend_bono10_pen,PD31893DD,diaria,Tasas de interés - Rendimiento del Bono del gobierno peruano a 10 años (en S/),25.Mar.24,7.01
rend_bono10_pen,PD31893DD,diaria,Tasas de interés - Rendimiento del Bono del gobierno peruano a 10 años (en S/),26.Mar.24,7.33
rend_bono10_pen,PD31893DD,diaria,Tasas de interés - Rendimiento del Bono del gobierno peruano a 10 años (en S/),27.Mar.24,7.34
rend_bono10_pen,PD31893DD,diaria,Tasas de interés - Rendimiento del Bono del gobierno peruano a 10 años (en S/),28.Mar.24,n.d.
rend_bono10_pen,PD31893DD,diaria,Tasas de interés - Rendimiento del Bono del gobierno peruano a 10 años (en S/),29.Mar.24,n.d.
rend_bono10_pen,PD31893DD,diaria,Tasas de interés - Rendimiento del Bono del gobierno peruano a 10 años (en S/),01.Abr.24,7.54
rend_bono10_pen,PD31893DD,diaria,Tasas de interés - Rendimiento del Bono del gobierno peruano a 10 años (en S/),02.Abr.24,7.49
rend_bono10_pen,PD31893DD,diaria,Tasas de interés - Rendimiento del Bono del gobierno peruano a 10 años (en S/),03.Abr.24,7.2
rend_bono10_pen,PD31893DD,diaria,Tasas de interés - Rendimiento del Bono del gobierno peruano a 10 años (en S/),04.Abr.24,7.16
rend_bono10_pen,PD31893DD,diaria,Tasas de interés - Rendimiento del Bono del gobierno peruano a 10 años (en S/),05.Abr.24,7.22
rend_bono10_pen,PD31893DD,diaria,Tasas de interés - Rendimiento del Bono del gobierno peruano a 10 años (en S/),08.Abr.24,7.25
rend_bono10_pen,PD31893DD,diaria,Tasas de interés - Rendimiento del Bono del gobierno peruano a 10 años (en S/),09.Abr.24,7.28
rend_bono10_pen,PD31893DD,diaria,Tasas de interés - Rendimiento del Bono del gobierno peruano a 10 años (en S/),10.Abr.24,7.38
rend_bono10_pen,PD31893DD,diaria,Tasas de interés - Rendimiento del Bono del gobierno peruano a 10 años (en S/),11.Abr.24,7.45
rend_bono10_pen,PD31893DD,diaria,Tasas de interés - Rendimiento del Bono del gobierno peruano a 10 años (en S/),12.Abr.24,7.35
rend_bono10_pen,PD31893DD,diaria,Tasas de interés - Rendimiento del Bono del gobierno peruano a 10 años (en S/),15.Abr.24,7.46
rend_bono10_pen,PD31893DD,diaria,Tasas de interés - Rendimiento del Bono del gobierno peruano a 10 años (en S/),16.Abr.24,7.6
rend_bono10_pen,PD31893DD,diaria,Tasas de interés - Rendimiento del Bono del gobierno peruano a 10 años (en S/),17.Abr.24,7.58
rend_bono10_pen,PD31893DD,diaria,Tasas de interés - Rendimiento del Bono del gobierno peruano a 10 años (en S/),18.Abr.24,7.59
rend_bono10_pen,PD31893DD,diaria,Tasas de interés - Rendimiento del Bono del gobierno peruano a 10 años (en S/),19.Abr.24,7.5
rend_bono10_pen,PD31893DD,diaria,Tasas de interés - Rendimiento del Bono del gobierno peruano a 10 años (en S/),22.Abr.24,7.34
rend_bono10_pen,PD31893DD,diaria,Tasas de interés - Rendimiento del Bono del gobierno peruano a 10 años (en S/),23.Abr.24,7.3
rend_bono10_pen,PD31893DD,diaria,Tasas de interés - Rendimiento del Bono del gobierno peruano a 10 años (en S/),24.Abr.24,7.34
rend_bono10_pen,PD31893DD,diaria,Tasas de interés - Rendimiento del Bono del gobierno peruano a 10 años (en S/),25.Abr.24,7.36
rend_bono10_pen,PD31893DD,diaria,Tasas de interés - Rendimiento del Bono del gobierno peruano a 10 años (en S/),26.Abr.24,7.37
rend_bono10_pen,PD31893DD,diaria,Tasas de interés - Rendimiento del Bono del gobierno peruano a 10 años (en S/),29.Abr.24,7.355
rend_bono10_pen,PD31893DD,diaria,Tasas de interés - Rendimiento del Bono del gobierno peruano a 10 años (en S/),30.Abr.24,7.29
rend_bono10_pen,PD31893DD,diaria,Tasas de interés - Rendimiento del Bono del gobierno peruano a 10 años (en S/),01.May.24,n.d.
rend_bono10_pen,PD31893DD,diaria,Tasas de interés - Rendimiento del Bono del gobierno peruano a 10 años (en S/),02.May.24,7.22
rend_bono10_pen,PD31893DD,diaria,Tasas de interés - Rendimiento del Bono del gobierno peruano a 10 años (en S/),03.May.24,7.1
rend_bono10_pen,PD31893DD,diaria,Tasas de interés - Rendimiento del Bono del gobierno peruano a 10 años (en S/),06.May.24,7.1
rend_bono10_pen,PD31893DD,diaria,Tasas de interés - Rendimiento del Bono del gobierno peruano a 10 años (en S/),07.May.24,7.05
rend_bono10_pen,PD31893DD,diaria,Tasas de interés - Rendimiento del Bono del gobierno peruano a 10 años (en S/),08.May.24,7.13
rend_bono10_pen,PD31893DD,diaria,Tasas de interés - Rendimiento del Bono del gobierno peruano a 10 años (en S/),09.May.24,7.13
rend_bono10_pen,PD31893DD,diaria,Tasas de interés - Rendimiento del Bono del gobierno peruano a 10 años (en S/),10.May.24,7.12
rend_bono10_pen,PD31893DD,diaria,Tasas de interés - Rendimiento del Bono del gobierno peruano a 10 años (en S/),13.May.24,7.09
rend_bono10_pen,PD31893DD,diaria,Tasas de interés - Rendimiento del Bono del gobierno peruano a 10 años (en S/),14.May.24,7.113
rend_bono10_pen,PD31893DD,diaria,Tasas de interés - Rendimiento del Bono del gobierno peruano a 10 años (en S/),15.May.24,7.06
rend_bono10_pen,PD31893DD,diaria,Tasas de interés - Rendimiento del Bono del gobierno peruano a 10 años (en S/),16.May.24,7.06
rend_bono10_pen,PD31893DD,diaria,Tasas de interés - Rendimiento del Bono del gobierno peruano a 10 años (en S/),17.May.24,7.06
rend_bono10_pen,PD31893DD,diaria,Tasas de interés - Rendimiento del Bono del gobierno peruano a 10 años (en S/),20.May.24,7.066
rend_bono10_pen,PD31893DD,diaria,Tasas de interés - Rendimiento del Bono del gobierno peruano a 10 años (en S/),21.May.24,7.05
rend_bono10_pen,PD31893DD,diaria,Tasas de interés - Rendimiento del Bono del gobierno peruano a 10 años (en S/),22.May.24,7.09
rend_bono10_pen,PD31893DD,diaria,Tasas de interés - Rendimiento del Bono del gobierno peruano a 10 años (en S/),23.May.24,7.12
rend_bono10_pen,PD31893DD,diaria,Tasas de interés - Rendimiento del Bono del gobierno peruano a 10 años (en S/),24.May.24,7.09
rend_bono10_pen,PD31893DD,diaria,Tasas de interés - Rendimiento del Bono del gobierno peruano a 10 años (en S/),27.May.24,7.04
rend_bono10_pen,PD31893DD,diaria,Tasas de interés - Rendimiento del Bono del gobierno peruano a 10 años (en S/),28.May.24,7.11
rend_bono10_pen,PD31893DD,diaria,Tasas de interés - Rendimiento del Bono del gobierno peruano a 10 años (en S/),29.May.24,7.11
rend_bono10_pen,PD31893DD,diaria,Tasas de interés - Rendimiento del Bono del gobierno peruano a 10 años (en S/),30.May.24,7.13
rend_bono10_pen,PD31893DD,diaria,Tasas de interés - Rendimiento del Bono del gobierno peruano a 10 años (en S/),31.May.24,7.06
rend_bono10_pen,PD31893DD,diaria,Tasas de interés - Rendimiento del Bono del gobierno peruano a 10 años (en S/),03.Jun.24,7
rend_bono10_pen,PD31893DD,diaria,Tasas de interés - Rendimiento del Bono del gobierno peruano a 10 años (en S/),04.Jun.24,7
rend_bono10_pen,PD31893DD,diaria,Tasas de interés - Rendimiento del Bono del gobierno peruano a 10 años (en S/),05.Jun.24,7.01
rend_bono10_pen,PD31893DD,diaria,Tasas de interés - Rendimiento del Bono del gobierno peruano a 10 años (en S/),06.Jun.24,6.99
rend_bono10_pen,PD31893DD,diaria,Tasas de interés - Rendimiento del Bono del gobierno peruano a 10 años (en S/),07.Jun.24,n.d.
rend_bono10_pen,PD31893DD,diaria,Tasas de interés - Rendimiento del Bono del gobierno peruano a 10 años (en S/),10.Jun.24,7.06
rend_bono10_pen,PD31893DD,diaria,Tasas de interés - Rendimiento del Bono del gobierno peruano a 10 años (en S/),11.Jun.24,7.06
rend_bono10_pen,PD31893DD,diaria,Tasas de interés - Rendimiento del Bono del gobierno peruano a 10 años (en S/),12.Jun.24,7.04
rend_bono10_pen,PD31893DD,diaria,Tasas de interés - Rendimiento del Bono del gobierno peruano a 10 años (en S/),13.Jun.24,7.04
rend_bono10_pen,PD31893DD,diaria,Tasas de interés - Rendimiento del Bono del gobierno peruano a 10 años (en S/),14.Jun.24,7.06
rend_bono10_pen,PD31893DD,diaria,Tasas de interés - Rendimiento del Bono del gobierno peruano a 10 años (en S/),17.Jun.24,7.09
rend_bono10_pen,PD31893DD,diaria,Tasas de interés - Rendimiento del Bono del gobierno peruano a 10 años (en S/),18.Jun.24,7.17
rend_bono10_pen,PD31893DD,diaria,Tasas de interés - Rendimiento del Bono del gobierno peruano a 10 años (en S/),19.Jun.24,7.19
rend_bono10_pen,PD31893DD,diaria,Tasas de interés - Rendimiento del Bono del gobierno peruano a 10 años (en S/),20.Jun.24,7.18
rend_bono10_pen,PD31893DD,diaria,Tasas de interés - Rendimiento del Bono del gobierno peruano a 10 años (en S/),21.Jun.24,7.17
rend_bono10_pen,PD31893DD,diaria,Tasas de interés - Rendimiento del Bono del gobierno peruano a 10 años (en S/),24.Jun.24,7.16
rend_bono10_pen,PD31893DD,diaria,Tasas de interés - Rendimiento del Bono del gobierno peruano a 10 años (en S/),25.Jun.24,7.15
rend_bono10_pen,PD31893DD,diaria,Tasas de interés - Rendimiento del Bono del gobierno peruano a 10 años (en S/),26.Jun.24,7.16
rend_bono10_pen,PD31893DD,diaria,Tasas de interés - Rendimiento del Bono del gobierno peruano a 10 años (en S/),27.Jun.24,7.09
rend_bono10_pen,PD31893DD,diaria,Tasas de interés - Rendimiento del Bono del gobierno peruano a 10 años (en S/),28.Jun.24,7.06
rend_bono10_pen,PD31893DD,diaria,Tasas de interés - Rendimiento del Bono del gobierno peruano a 10 años (en S/),01.Jul.24,7.1
rend_bono10_pen,PD31893DD,diaria,Tasas de interés - Rendimiento del Bono del gobierno peruano a 10 años (en S/),02.Jul.24,7.11
rend_bono10_pen,PD31893DD,diaria,Tasas de interés - Rendimiento del Bono del gobierno peruano a 10 años (en S/),03.Jul.24,7.07
rend_bono10_pen,PD31893DD,diaria,Tasas de interés - Rendimiento del Bono del gobierno peruano a 10 años (en S/),04.Jul.24,7.06
rend_bono10_pen,PD31893DD,diaria,Tasas de interés - Rendimiento del Bono del gobierno peruano a 10 años (en S/),05.Jul.24,7.03
rend_bono10_pen,PD31893DD,diaria,Tasas de interés - Rendimiento del Bono del gobierno peruano a 10 años (en S/),08.Jul.24,7.04
rend_bono10_pen,PD31893DD,diaria,Tasas de interés - Rendimiento del Bono del gobierno peruano a 10 años (en S/),09.Jul.24,7.05
rend_bono10_pen,PD31893DD,diaria,Tasas de interés - Rendimiento del Bono del gobierno peruano a 10 años (en S/),10.Jul.24,6.98
rend_bono10_pen,PD31893DD,diaria,Tasas de interés - Rendimiento del Bono del gobierno peruano a 10 años (en S/),11.Jul.24,6.9
rend_bono10_pen,PD31893DD,diaria,Tasas de interés - Rendimiento del Bono del gobierno peruano a 10 años (en S/),12.Jul.24,6.86
rend_bono10_pen,PD31893DD,diaria,Tasas de interés - Rendimiento del Bono del gobierno peruano a 10 años (en S/),15.Jul.24,6.89
rend_bono10_pen,PD31893DD,diaria,Tasas de interés - Rendimiento del Bono del gobierno peruano a 10 años (en S/),16.Jul.24,6.89
rend_bono10_pen,PD31893DD,diaria,Tasas de interés - Rendimiento del Bono del gobierno peruano a 10 años (en S/),17.Jul.24,6.88
rend_bono10_pen,PD31893DD,diaria,Tasas de interés - Rendimiento del Bono del gobierno peruano a 10 años (en S/),18.Jul.24,6.91
rend_bono10_pen,PD31893DD,diaria,Tasas de interés - Rendimiento del Bono del gobierno peruano a 10 años (en S/),19.Jul.24,6.96
rend_bono10_pen,PD31893DD,diaria,Tasas de interés - Rendimiento del Bono del gobierno peruano a 10 años (en S/),22.Jul.24,6.95
rend_bono10_pen,PD31893DD,diaria,Tasas de interés - Rendimiento del Bono del gobierno peruano a 10 años (en S/),23.Jul.24,n.d.
rend_bono10_pen,PD31893DD,diaria,Tasas de interés - Rendimiento del Bono del gobierno peruano a 10 años (en S/),24.Jul.24,6.98
rend_bono10_pen,PD31893DD,diaria,Tasas de interés - Rendimiento del Bono del gobierno peruano a 10 años (en S/),25.Jul.24,6.96
rend_bono10_pen,PD31893DD,diaria,Tasas de interés - Rendimiento del Bono del gobierno peruano a 10 años (en S/),26.Jul.24,n.d.
rend_bono10_pen,PD31893DD,diaria,Tasas de interés - Rendimiento del Bono del gobierno peruano a 10 años (en S/),29.Jul.24,n.d.
rend_bono10_pen,PD31893DD,diaria,Tasas de interés - Rendimiento del Bono del gobierno peruano a 10 años (en S/),30.Jul.24,6.93
rend_bono10_pen,PD31893DD,diaria,Tasas de interés - Rendimiento del Bono del gobierno peruano a 10 años (en S/),31.Jul.24,6.9
rend_bono10_pen,PD31893DD,diaria,Tasas de interés - Rendimiento del Bono del gobierno peruano a 10 años (en S/),01.Ago.24,6.79
rend_bono10_pen,PD31893DD,diaria,Tasas de interés - Rendimiento del Bono del gobierno peruano a 10 años (en S/),02.Ago.24,6.69
rend_bono10_pen,PD31893DD,diaria,Tasas de interés - Rendimiento del Bono del gobierno peruano a 10 años (en S/),05.Ago.24,6.73
rend_bono10_pen,PD31893DD,diaria,Tasas de interés - Rendimiento del Bono del gobierno peruano a 10 años (en S/),06.Ago.24,n.d.
rend_bono10_pen,PD31893DD,diaria,Tasas de interés - Rendimiento del Bono del gobierno peruano a 10 años (en S/),07.Ago.24,6.7
rend_bono10_pen,PD31893DD,diaria,Tasas de interés - Rendimiento del Bono del gobierno peruano a 10 años (en S/),08.Ago.24,6.62
rend_bono10_pen,PD31893DD,diaria,Tasas de interés - Rendimiento del Bono del gobierno peruano a 10 años (en S/),09.Ago.24,6.55
rend_bono10_pen,PD31893DD,diaria,Tasas de interés - Rendimiento del Bono del gobierno peruano a 10 años (en S/),12.Ago.24,n.d.
rend_bono10_pen,PD31893DD,diaria,Tasas de interés - Rendimiento del Bono del gobierno peruano a 10 años (en S/),13.Ago.24,n.d.
rend_bono10_pen,PD31893DD,diaria,Tasas de interés - Rendimiento del Bono del gobierno peruano a 10 años (en S/),14.Ago.24,n.d.
rend_bono10_pen,PD31893DD,diaria,Tasas de interés - Rendimiento del Bono del gobierno peruano a 10 años (en S/),15.Ago.24,n.d.
rend_bono10_pen,PD31893DD,diaria,Tasas de interés - Rendimiento del Bono del gobierno peruano a 10 años (en S/),16.Ago.24,6.55
rend_bono10_pen,PD31893DD,diaria,Tasas de interés - Rendimiento del Bono del gobierno peruano a 10 años (en S/),19.Ago.24,6.53
rend_bono10_pen,PD31893DD,diaria,Tasas de interés - Rendimiento del Bono del gobierno peruano a 10 años (en S/),20.Ago.24,6.53
rend_bono10_pen,PD31893DD,diaria,Tasas de interés - Rendimiento del Bono del gobierno peruano a 10 años (en S/),21.Ago.24,6.55
rend_bono10_pen,PD31893DD,diaria,Tasas de interés - Rendimiento del Bono del gobierno peruano a 10 años (en S/),22.Ago.24,6.59
rend_bono10_pen,PD31893DD,diaria,Tasas de interés - Rendimiento del Bono del gobierno peruano a 10 años (en S/),23.Ago.24,6.53
rend_bono10_pen,PD31893DD,diaria,Tasas de interés - Rendimiento del Bono del gobierno peruano a 10 años (en S/),26.Ago.24,6.54
rend_bono10_pen,PD31893DD,diaria,Tasas de interés - Rendimiento del Bono del gobierno peruano a 10 años (en S/),27.Ago.24,6.56
rend_bono10_pen,PD31893DD,diaria,Tasas de interés - Rendimiento del Bono del gobierno peruano a 10 años (en S/),28.Ago.24,6.55
rend_bono10_pen,PD31893DD,diaria,Tasas de interés - Rendimiento del Bono del gobierno peruano a 10 años (en S/),29.Ago.24,6.54
rend_bono10_pen,PD31893DD,diaria,Tasas de interés - Rendimiento del Bono del gobierno peruano a 10 años (en S/),30.Ago.24,n.d.
rend_bono10_pen,PD31893DD,diaria,Tasas de interés - Rendimiento del Bono del gobierno peruano a 10 años (en S/),02.Set.24,6.55
rend_bono10_pen,PD31893DD,diaria,Tasas de interés - Rendimiento del Bono del gobierno peruano a 10 años (en S/),03.Set.24,6.55
rend_bono10_pen,PD31893DD,diaria,Tasas de interés - Rendimiento del Bono del gobierno peruano a 10 años (en S/),04.Set.24,6.53
rend_bono10_pen,PD31893DD,diaria,Tasas de interés - Rendimiento del Bono del gobierno peruano a 10 años (en S/),05.Set.24,6.52
rend_bono10_pen,PD31893DD,diaria,Tasas de interés - Rendimiento del Bono del gobierno peruano a 10 años (en S/),06.Set.24,6.48
rend_bono10_pen,PD31893DD,diaria,Tasas de interés - Rendimiento del Bono del gobierno peruano a 10 años (en S/),09.Set.24,6.43
rend_bono10_pen,PD31893DD,diaria,Tasas de interés - Rendimiento del Bono del gobierno peruano a 10 años (en S/),10.Set.24,6.44
rend_bono10_pen,PD31893DD,diaria,Tasas de interés - Rendimiento del Bono del gobierno peruano a 10 años (en S/),11.Set.24,6.4
rend_bono10_pen,PD31893DD,diaria,Tasas de interés - Rendimiento del Bono del gobierno peruano a 10 años (en S/),12.Set.24,6.42
rend_bono10_pen,PD31893DD,diaria,Tasas de interés - Rendimiento del Bono del gobierno peruano a 10 años (en S/),13.Set.24,6.39
rend_bono10_pen,PD31893DD,diaria,Tasas de interés - Rendimiento del Bono del gobierno peruano a 10 años (en S/),16.Set.24,6.33
rend_bono10_pen,PD31893DD,diaria,Tasas de interés - Rendimiento del Bono del gobierno peruano a 10 años (en S/),17.Set.24,6.29
rend_bono10_pen,PD31893DD,diaria,Tasas de interés - Rendimiento del Bono del gobierno peruano a 10 años (en S/),18.Set.24,6.25
rend_bono10_pen,PD31893DD,diaria,Tasas de interés - Rendimiento del Bono del gobierno peruano a 10 años (en S/),19.Set.24,6.22
rend_bono10_pen,PD31893DD,diaria,Tasas de interés - Rendimiento del Bono del gobierno peruano a 10 años (en S/),20.Set.24,6.229
rend_bono10_pen,PD31893DD,diaria,Tasas de interés - Rendimiento del Bono del gobierno peruano a 10 años (en S/),23.Set.24,6.25
rend_bono10_pen,PD31893DD,diaria,Tasas de interés - Rendimiento del Bono del gobierno peruano a 10 años (en S/),24.Set.24,6.28
rend_bono10_pen,PD31893DD,diaria,Tasas de interés - Rendimiento del Bono del gobierno peruano a 10 años (en S/),25.Set.24,6.29
rend_bono10_pen,PD31893DD,diaria,Tasas de interés - Rendimiento del Bono del gobierno peruano a 10 años (en S/),26.Set.24,6.29
rend_bono10_pen,PD31893DD,diaria,Tasas de interés - Rendimiento del Bono del gobierno peruano a 10 años (en S/),27.Set.24,6.24
rend_bono10_pen,PD31893DD,diaria,Tasas de interés - Rendimiento del Bono del gobierno peruano a 10 años (en S/),30.Set.24,6.22
rend_bono10_pen,PD31893DD,diaria,Tasas de interés - Rendimiento del Bono del gobierno peruano a 10 años (en S/),01.Oct.24,6.22
rend_bono10_pen,PD31893DD,diaria,Tasas de interés - Rendimiento del Bono del gobierno peruano a 10 años (en S/),02.Oct.24,6.28
rend_bono10_pen,PD31893DD,diaria,Tasas de interés - Rendimiento del Bono del gobierno peruano a 10 años (en S/),03.Oct.24,6.39
rend_bono10_pen,PD31893DD,diaria,Tasas de interés - Rendimiento del Bono del gobierno peruano a 10 años (en S/),04.Oct.24,6.43
rend_bono10_pen,PD31893DD,diaria,Tasas de interés - Rendimiento del Bono del gobierno peruano a 10 años (en S/),07.Oct.24,6.5
rend_bono10_pen,PD31893DD,diaria,Tasas de interés - Rendimiento del Bono del gobierno peruano a 10 años (en S/),08.Oct.24,n.d.
rend_bono10_pen,PD31893DD,diaria,Tasas de interés - Rendimiento del Bono del gobierno peruano a 10 años (en S/),09.Oct.24,6.53
rend_bono10_pen,PD31893DD,diaria,Tasas de interés - Rendimiento del Bono del gobierno peruano a 10 años (en S/),10.Oct.24,6.51
rend_bono10_pen,PD31893DD,diaria,Tasas de interés - Rendimiento del Bono del gobierno peruano a 10 años (en S/),11.Oct.24,6.43
rend_bono10_pen,PD31893DD,diaria,Tasas de interés - Rendimiento del Bono del gobierno peruano a 10 años (en S/),14.Oct.24,6.41
rend_bono10_pen,PD31893DD,diaria,Tasas de interés - Rendimiento del Bono del gobierno peruano a 10 años (en S/),15.Oct.24,6.36
rend_bono10_pen,PD31893DD,diaria,Tasas de interés - Rendimiento del Bono del gobierno peruano a 10 años (en S/),16.Oct.24,6.37
rend_bono10_pen,PD31893DD,diaria,Tasas de interés - Rendimiento del Bono del gobierno peruano a 10 años (en S/),17.Oct.24,6.43
rend_bono10_pen,PD31893DD,diaria,Tasas de interés - Rendimiento del Bono del gobierno peruano a 10 años (en S/),18.Oct.24,6.44
rend_bono10_pen,PD31893DD,diaria,Tasas de interés - Rendimiento del Bono del gobierno peruano a 10 años (en S/),21.Oct.24,6.59
rend_bono10_pen,PD31893DD,diaria,Tasas de interés - Rendimiento del Bono del gobierno peruano a 10 años (en S/),22.Oct.24,6.64
rend_bono10_pen,PD31893DD,diaria,Tasas de interés - Rendimiento del Bono del gobierno peruano a 10 años (en S/),23.Oct.24,6.67
rend_bono10_pen,PD31893DD,diaria,Tasas de interés - Rendimiento del Bono del gobierno peruano a 10 años (en S/),24.Oct.24,6.61
rend_bono10_pen,PD31893DD,diaria,Tasas de interés - Rendimiento del Bono del gobierno peruano a 10 años (en S/),25.Oct.24,6.63
rend_bono10_pen,PD31893DD,diaria,Tasas de interés - Rendimiento del Bono del gobierno peruano a 10 años (en S/),28.Oct.24,6.6643
rend_bono10_pen,PD31893DD,diaria,Tasas de interés - Rendimiento del Bono del gobierno peruano a 10 años (en S/),29.Oct.24,6.77
rend_bono10_pen,PD31893DD,diaria,Tasas de interés - Rendimiento del Bono del gobierno peruano a 10 años (en S/),30.Oct.24,6.8
rend_bono10_pen,PD31893DD,diaria,Tasas de interés - Rendimiento del Bono del gobierno peruano a 10 años (en S/),31.Oct.24,6.82
rend_bono10_pen,PD31893DD,diaria,Tasas de interés - Rendimiento del Bono del gobierno peruano a 10 años (en S/),01.Nov.24,n.d.
rend_bono10_pen,PD31893DD,diaria,Tasas de interés - Rendimiento del Bono del gobierno peruano a 10 años (en S/),04.Nov.24,6.74
rend_bono10_pen,PD31893DD,diaria,Tasas de interés - Rendimiento del Bono del gobierno peruano a 10 años (en S/),05.Nov.24,6.75
rend_bono10_pen,PD31893DD,diaria,Tasas de interés - Rendimiento del Bono del gobierno peruano a 10 años (en S/),06.Nov.24,6.78
rend_bono10_pen,PD31893DD,diaria,Tasas de interés - Rendimiento del Bono del gobierno peruano a 10 años (en S/),07.Nov.24,6.68
rend_bono10_pen,PD31893DD,diaria,Tasas de interés - Rendimiento del Bono del gobierno peruano a 10 años (en S/),08.Nov.24,6.62
rend_bono10_pen,PD31893DD,diaria,Tasas de interés - Rendimiento del Bono del gobierno peruano a 10 años (en S/),11.Nov.24,6.64
rend_bono10_pen,PD31893DD,diaria,Tasas de interés - Rendimiento del Bono del gobierno peruano a 10 años (en S/),12.Nov.24,6.7
rend_bono10_pen,PD31893DD,diaria,Tasas de interés - Rendimiento del Bono del gobierno peruano a 10 años (en S/),13.Nov.24,6.69
rend_bono10_pen,PD31893DD,diaria,Tasas de interés - Rendimiento del Bono del gobierno peruano a 10 años (en S/),14.Nov.24,6.67
rend_bono10_pen,PD31893DD,diaria,Tasas de interés - Rendimiento del Bono del gobierno peruano a 10 años (en S/),15.Nov.24,6.7
rend_bono10_pen,PD31893DD,diaria,Tasas de interés - Rendimiento del Bono del gobierno peruano a 10 años (en S/),18.Nov.24,6.7
rend_bono10_pen,PD31893DD,diaria,Tasas de interés - Rendimiento del Bono del gobierno peruano a 10 años (en S/),19.Nov.24,6.73
rend_bono10_pen,PD31893DD,diaria,Tasas de interés - Rendimiento del Bono del gobierno peruano a 10 años (en S/),20.Nov.24,6.75
rend_bono10_pen,PD31893DD,diaria,Tasas de interés - Rendimiento del Bono del gobierno peruano a 10 años (en S/),21.Nov.24,6.72
rend_bono10_pen,PD31893DD,diaria,Tasas de interés - Rendimiento del Bono del gobierno peruano a 10 años (en S/),22.Nov.24,6.69
rend_bono10_pen,PD31893DD,diaria,Tasas de interés - Rendimiento del Bono del gobierno peruano a 10 años (en S/),25.Nov.24,6.57
rend_bono10_pen,PD31893DD,diaria,Tasas de interés - Rendimiento del Bono del gobierno peruano a 10 años (en S/),26.Nov.24,6.59
rend_bono10_pen,PD31893DD,diaria,Tasas de interés - Rendimiento del Bono del gobierno peruano a 10 años (en S/),27.Nov.24,6.54
rend_bono10_pen,PD31893DD,diaria,Tasas de interés - Rendimiento del Bono del gobierno peruano a 10 años (en S/),28.Nov.24,6.56
rend_bono10_pen,PD31893DD,diaria,Tasas de interés - Rendimiento del Bono del gobierno peruano a 10 años (en S/),29.Nov.24,6.56
rend_bono10_pen,PD31893DD,diaria,Tasas de interés - Rendimiento del Bono del gobierno peruano a 10 años (en S/),02.Dic.24,6.57
rend_bono10_pen,PD31893DD,diaria,Tasas de interés - Rendimiento del Bono del gobierno peruano a 10 años (en S/),03.Dic.24,6.56
rend_bono10_pen,PD31893DD,diaria,Tasas de interés - Rendimiento del Bono del gobierno peruano a 10 años (en S/),04.Dic.24,6.53
rend_bono10_pen,PD31893DD,diaria,Tasas de interés - Rendimiento del Bono del gobierno peruano a 10 años (en S/),05.Dic.24,6.54
rend_bono10_pen,PD31893DD,diaria,Tasas de interés - Rendimiento del Bono del gobierno peruano a 10 años (en S/),06.Dic.24,6.54
rend_bono10_pen,PD31893DD,diaria,Tasas de interés - Rendimiento del Bono del gobierno peruano a 10 años (en S/),09.Dic.24,6.55
rend_bono10_pen,PD31893DD,diaria,Tasas de interés - Rendimiento del Bono del gobierno peruano a 10 años (en S/),10.Dic.24,6.55
rend_bono10_pen,PD31893DD,diaria,Tasas de interés - Rendimiento del Bono del gobierno peruano a 10 años (en S/),11.Dic.24,6.53
rend_bono10_pen,PD31893DD,diaria,Tasas de interés - Rendimiento del Bono del gobierno peruano a 10 años (en S/),12.Dic.24,6.57
rend_bono10_pen,PD31893DD,diaria,Tasas de interés - Rendimiento del Bono del gobierno peruano a 10 años (en S/),13.Dic.24,6.6
rend_bono10_pen,PD31893DD,diaria,Tasas de interés - Rendimiento del Bono del gobierno peruano a 10 años (en S/),16.Dic.24,6.618
rend_bono10_pen,PD31893DD,diaria,Tasas de interés - Rendimiento del Bono del gobierno peruano a 10 años (en S/),17.Dic.24,6.63
rend_bono10_pen,PD31893DD,diaria,Tasas de interés - Rendimiento del Bono del gobierno peruano a 10 años (en S/),18.Dic.24,6.67
rend_bono10_pen,PD31893DD,diaria,Tasas de interés - Rendimiento del Bono del gobierno peruano a 10 años (en S/),19.Dic.24,6.77
rend_bono10_pen,PD31893DD,diaria,Tasas de interés - Rendimiento del Bono del gobierno peruano a 10 años (en S/),20.Dic.24,n.d.
rend_bono10_pen,PD31893DD,diaria,Tasas de interés - Rendimiento del Bono del gobierno peruano a 10 años (en S/),23.Dic.24,6.74
rend_bono10_pen,PD31893DD,diaria,Tasas de interés - Rendimiento del Bono del gobierno peruano a 10 años (en S/),24.Dic.24,6.73
rend_bono10_pen,PD31893DD,diaria,Tasas de interés - Rendimiento del Bono del gobierno peruano a 10 años (en S/),25.Dic.24,n.d.
rend_bono10_pen,PD31893DD,diaria,Tasas de interés - Rendimiento del Bono del gobierno peruano a 10 años (en S/),26.Dic.24,6.71
rend_bono10_pen,PD31893DD,diaria,Tasas de interés - Rendimiento del Bono del gobierno peruano a 10 años (en S/),27.Dic.24,6.68
rend_bono10_pen,PD31893DD,diaria,Tasas de interés - Rendimiento del Bono del gobierno peruano a 10 años (en S/),30.Dic.24,6.62
rend_bono10_pen,PD31893DD,diaria,Tasas de interés - Rendimiento del Bono del gobierno peruano a 10 años (en S/),31.Dic.24,n.d.
rend_bono10_pen,PD31893DD,diaria,Tasas de interés - Rendimiento del Bono del gobierno peruano a 10 años (en S/),01.Ene.25,n.d.
rend_bono10_pen,PD31893DD,diaria,Tasas de interés - Rendimiento del Bono del gobierno peruano a 10 años (en S/),02.Ene.25,6.65
rend_bono10_pen,PD31893DD,diaria,Tasas de interés - Rendimiento del Bono del gobierno peruano a 10 años (en S/),03.Ene.25,6.69
rend_bono10_pen,PD31893DD,diaria,Tasas de interés - Rendimiento del Bono del gobierno peruano a 10 años (en S/),06.Ene.25,6.71
rend_bono10_pen,PD31893DD,diaria,Tasas de interés - Rendimiento del Bono del gobierno peruano a 10 años (en S/),07.Ene.25,6.69
rend_bono10_pen,PD31893DD,diaria,Tasas de interés - Rendimiento del Bono del gobierno peruano a 10 años (en S/),08.Ene.25,6.69
rend_bono10_pen,PD31893DD,diaria,Tasas de interés - Rendimiento del Bono del gobierno peruano a 10 años (en S/),09.Ene.25,6.69
rend_bono10_pen,PD31893DD,diaria,Tasas de interés - Rendimiento del Bono del gobierno peruano a 10 años (en S/),10.Ene.25,6.69
rend_bono10_pen,PD31893DD,diaria,Tasas de interés - Rendimiento del Bono del gobierno peruano a 10 años (en S/),13.Ene.25,6.7
rend_bono10_pen,PD31893DD,diaria,Tasas de interés - Rendimiento del Bono del gobierno peruano a 10 años (en S/),14.Ene.25,6.76
rend_bono10_pen,PD31893DD,diaria,Tasas de interés - Rendimiento del Bono del gobierno peruano a 10 años (en S/),15.Ene.25,6.63
rend_bono10_pen,PD31893DD,diaria,Tasas de interés - Rendimiento del Bono del gobierno peruano a 10 años (en S/),16.Ene.25,6.63
rend_bono10_pen,PD31893DD,diaria,Tasas de interés - Rendimiento del Bono del gobierno peruano a 10 años (en S/),17.Ene.25,6.63
rend_bono10_pen,PD31893DD,diaria,Tasas de interés - Rendimiento del Bono del gobierno peruano a 10 años (en S/),20.Ene.25,6.65
rend_bono10_pen,PD31893DD,diaria,Tasas de interés - Rendimiento del Bono del gobierno peruano a 10 años (en S/),21.Ene.25,6.67
rend_bono10_pen,PD31893DD,diaria,Tasas de interés - Rendimiento del Bono del gobierno peruano a 10 años (en S/),22.Ene.25,6.72
rend_bono10_pen,PD31893DD,diaria,Tasas de interés - Rendimiento del Bono del gobierno peruano a 10 años (en S/),23.Ene.25,6.76
rend_bono10_pen,PD31893DD,diaria,Tasas de interés - Rendimiento del Bono del gobierno peruano a 10 años (en S/),24.Ene.25,6.73
rend_bono10_pen,PD31893DD,diaria,Tasas de interés - Rendimiento del Bono del gobierno peruano a 10 años (en S/),27.Ene.25,6.73
rend_bono10_pen,PD31893DD,diaria,Tasas de interés - Rendimiento del Bono del gobierno peruano a 10 años (en S/),28.Ene.25,6.71
rend_bono10_pen,PD31893DD,diaria,Tasas de interés - Rendimiento del Bono del gobierno peruano a 10 años (en S/),29.Ene.25,6.69
rend_bono10_pen,PD31893DD,diaria,Tasas de interés - Rendimiento del Bono del gobierno peruano a 10 años (en S/),30.Ene.25,6.66
rend_bono10_pen,PD31893DD,diaria,Tasas de interés - Rendimiento del Bono del gobierno peruano a 10 años (en S/),31.Ene.25,6.7
rend_bono10_pen,PD31893DD,diaria,Tasas de interés - Rendimiento del Bono del gobierno peruano a 10 años (en S/),03.Feb.25,6.67
rend_bono10_pen,PD31893DD,diaria,Tasas de interés - Rendimiento del Bono del gobierno peruano a 10 años (en S/),04.Feb.25,6.63
rend_bono10_pen,PD31893DD,diaria,Tasas de interés - Rendimiento del Bono del gobierno peruano a 10 años (en S/),05.Feb.25,6.6
rend_bono10_pen,PD31893DD,diaria,Tasas de interés - Rendimiento del Bono del gobierno peruano a 10 años (en S/),06.Feb.25,6.52
rend_bono10_pen,PD31893DD,diaria,Tasas de interés - Rendimiento del Bono del gobierno peruano a 10 años (en S/),07.Feb.25,6.46
rend_bono10_pen,PD31893DD,diaria,Tasas de interés - Rendimiento del Bono del gobierno peruano a 10 años (en S/),10.Feb.25,6.42
rend_bono10_pen,PD31893DD,diaria,Tasas de interés - Rendimiento del Bono del gobierno peruano a 10 años (en S/),11.Feb.25,6.47
rend_bono10_pen,PD31893DD,diaria,Tasas de interés - Rendimiento del Bono del gobierno peruano a 10 años (en S/),12.Feb.25,6.53
rend_bono10_pen,PD31893DD,diaria,Tasas de interés - Rendimiento del Bono del gobierno peruano a 10 años (en S/),13.Feb.25,6.49
rend_bono10_pen,PD31893DD,diaria,Tasas de interés - Rendimiento del Bono del gobierno peruano a 10 años (en S/),14.Feb.25,6.46
rend_bono10_pen,PD31893DD,diaria,Tasas de interés - Rendimiento del Bono del gobierno peruano a 10 años (en S/),17.Feb.25,6.46
rend_bono10_pen,PD31893DD,diaria,Tasas de interés - Rendimiento del Bono del gobierno peruano a 10 años (en S/),18.Feb.25,6.48
rend_bono10_pen,PD31893DD,diaria,Tasas de interés - Rendimiento del Bono del gobierno peruano a 10 años (en S/),19.Feb.25,6.49
rend_bono10_pen,PD31893DD,diaria,Tasas de interés - Rendimiento del Bono del gobierno peruano a 10 años (en S/),20.Feb.25,6.47
rend_bono10_pen,PD31893DD,diaria,Tasas de interés - Rendimiento del Bono del gobierno peruano a 10 años (en S/),21.Feb.25,6.43
rend_bono10_pen,PD31893DD,diaria,Tasas de interés - Rendimiento del Bono del gobierno peruano a 10 años (en S/),24.Feb.25,6.42
rend_bono10_pen,PD31893DD,diaria,Tasas de interés - Rendimiento del Bono del gobierno peruano a 10 años (en S/),25.Feb.25,6.36
rend_bono10_pen,PD31893DD,diaria,Tasas de interés - Rendimiento del Bono del gobierno peruano a 10 años (en S/),26.Feb.25,6.33
rend_bono10_pen,PD31893DD,diaria,Tasas de interés - Rendimiento del Bono del gobierno peruano a 10 años (en S/),27.Feb.25,6.34
rend_bono10_pen,PD31893DD,diaria,Tasas de interés - Rendimiento del Bono del gobierno peruano a 10 años (en S/),28.Feb.25,6.42
rend_bono10_pen,PD31893DD,diaria,Tasas de interés - Rendimiento del Bono del gobierno peruano a 10 años (en S/),03.Mar.25,6.44
rend_bono10_pen,PD31893DD,diaria,Tasas de interés - Rendimiento del Bono del gobierno peruano a 10 años (en S/),04.Mar.25,6.44
rend_bono10_pen,PD31893DD,diaria,Tasas de interés - Rendimiento del Bono del gobierno peruano a 10 años (en S/),05.Mar.25,6.47
rend_bono10_pen,PD31893DD,diaria,Tasas de interés - Rendimiento del Bono del gobierno peruano a 10 años (en S/),06.Mar.25,6.45
rend_bono10_pen,PD31893DD,diaria,Tasas de interés - Rendimiento del Bono del gobierno peruano a 10 años (en S/),07.Mar.25,6.46
rend_bono10_pen,PD31893DD,diaria,Tasas de interés - Rendimiento del Bono del gobierno peruano a 10 años (en S/),10.Mar.25,6.48
rend_bono10_pen,PD31893DD,diaria,Tasas de interés - Rendimiento del Bono del gobierno peruano a 10 años (en S/),11.Mar.25,6.48
rend_bono10_pen,PD31893DD,diaria,Tasas de interés - Rendimiento del Bono del gobierno peruano a 10 años (en S/),12.Mar.25,6.47
rend_bono10_pen,PD31893DD,diaria,Tasas de interés - Rendimiento del Bono del gobierno peruano a 10 años (en S/),13.Mar.25,6.45
rend_bono10_pen,PD31893DD,diaria,Tasas de interés - Rendimiento del Bono del gobierno peruano a 10 años (en S/),14.Mar.25,6.42
rend_bono10_pen,PD31893DD,diaria,Tasas de interés - Rendimiento del Bono del gobierno peruano a 10 años (en S/),17.Mar.25,6.36
rend_bono10_pen,PD31893DD,diaria,Tasas de interés - Rendimiento del Bono del gobierno peruano a 10 años (en S/),18.Mar.25,6.39
rend_bono10_pen,PD31893DD,diaria,Tasas de interés - Rendimiento del Bono del gobierno peruano a 10 años (en S/),19.Mar.25,6.39
rend_bono10_pen,PD31893DD,diaria,Tasas de interés - Rendimiento del Bono del gobierno peruano a 10 años (en S/),20.Mar.25,6.42
rend_bono10_pen,PD31893DD,diaria,Tasas de interés - Rendimiento del Bono del gobierno peruano a 10 años (en S/),21.Mar.25,6.42
rend_bono10_pen,PD31893DD,diaria,Tasas de interés - Rendimiento del Bono del gobierno peruano a 10 años (en S/),24.Mar.25,6.48
rend_bono10_pen,PD31893DD,diaria,Tasas de interés - Rendimiento del Bono del gobierno peruano a 10 años (en S/),25.Mar.25,6.51
rend_bono10_pen,PD31893DD,diaria,Tasas de interés - Rendimiento del Bono del gobierno peruano a 10 años (en S/),26.Mar.25,6.58
rend_bono10_pen,PD31893DD,diaria,Tasas de interés - Rendimiento del Bono del gobierno peruano a 10 años (en S/),27.Mar.25,6.68
rend_bono10_pen,PD31893DD,diaria,Tasas de interés - Rendimiento del Bono del gobierno peruano a 10 años (en S/),28.Mar.25,6.71
rend_bono10_pen,PD31893DD,diaria,Tasas de interés - Rendimiento del Bono del gobierno peruano a 10 años (en S/),31.Mar.25,6.69
rend_bono10_pen,PD31893DD,diaria,Tasas de interés - Rendimiento del Bono del gobierno peruano a 10 años (en S/),01.Abr.25,6.69
rend_bono10_pen,PD31893DD,diaria,Tasas de interés - Rendimiento del Bono del gobierno peruano a 10 años (en S/),02.Abr.25,6.61
rend_bono10_pen,PD31893DD,diaria,Tasas de interés - Rendimiento del Bono del gobierno peruano a 10 años (en S/),03.Abr.25,6.43
rend_bono10_pen,PD31893DD,diaria,Tasas de interés - Rendimiento del Bono del gobierno peruano a 10 años (en S/),04.Abr.25,6.39
rend_bono10_pen,PD31893DD,diaria,Tasas de interés - Rendimiento del Bono del gobierno peruano a 10 años (en S/),07.Abr.25,6.55
rend_bono10_pen,PD31893DD,diaria,Tasas de interés - Rendimiento del Bono del gobierno peruano a 10 años (en S/),08.Abr.25,6.61
rend_bono10_pen,PD31893DD,diaria,Tasas de interés - Rendimiento del Bono del gobierno peruano a 10 años (en S/),09.Abr.25,6.59
rend_bono10_pen,PD31893DD,diaria,Tasas de interés - Rendimiento del Bono del gobierno peruano a 10 años (en S/),10.Abr.25,6.67
rend_bono10_pen,PD31893DD,diaria,Tasas de interés - Rendimiento del Bono del gobierno peruano a 10 años (en S/),11.Abr.25,6.63
rend_bono10_pen,PD31893DD,diaria,Tasas de interés - Rendimiento del Bono del gobierno peruano a 10 años (en S/),14.Abr.25,6.63
rend_bono10_pen,PD31893DD,diaria,Tasas de interés - Rendimiento del Bono del gobierno peruano a 10 años (en S/),15.Abr.25,6.64
rend_bono10_pen,PD31893DD,diaria,Tasas de interés - Rendimiento del Bono del gobierno peruano a 10 años (en S/),16.Abr.25,6.63
rend_bono10_pen,PD31893DD,diaria,Tasas de interés - Rendimiento del Bono del gobierno peruano a 10 años (en S/),17.Abr.25,n.d.
rend_bono10_pen,PD31893DD,diaria,Tasas de interés - Rendimiento del Bono del gobierno peruano a 10 años (en S/),18.Abr.25,n.d.
rend_bono10_pen,PD31893DD,diaria,Tasas de interés - Rendimiento del Bono del gobierno peruano a 10 años (en S/),21.Abr.25,6.67
rend_bono10_pen,PD31893DD,diaria,Tasas de interés - Rendimiento del Bono del gobierno peruano a 10 años (en S/),22.Abr.25,6.71
rend_bono10_pen,PD31893DD,diaria,Tasas de interés - Rendimiento del Bono del gobierno peruano a 10 años (en S/),23.Abr.25,6.66
rend_bono10_pen,PD31893DD,diaria,Tasas de interés - Rendimiento del Bono del gobierno peruano a 10 años (en S/),24.Abr.25,6.63
rend_bono10_pen,PD31893DD,diaria,Tasas de interés - Rendimiento del Bono del gobierno peruano a 10 años (en S/),25.Abr.25,6.63
rend_bono10_pen,PD31893DD,diaria,Tasas de interés - Rendimiento del Bono del gobierno peruano a 10 años (en S/),28.Abr.25,6.63
rend_bono10_pen,PD31893DD,diaria,Tasas de interés - Rendimiento del Bono del gobierno peruano a 10 años (en S/),29.Abr.25,6.53
rend_bono10_pen,PD31893DD,diaria,Tasas de interés - Rendimiento del Bono del gobierno peruano a 10 años (en S/),30.Abr.25,6.55
rend_bono10_pen,PD31893DD,diaria,Tasas de interés - Rendimiento del Bono del gobierno peruano a 10 años (en S/),01.May.25,n.d.
rend_bono10_pen,PD31893DD,diaria,Tasas de interés - Rendimiento del Bono del gobierno peruano a 10 años (en S/),02.May.25,6.57
rend_bono10_pen,PD31893DD,diaria,Tasas de interés - Rendimiento del Bono del gobierno peruano a 10 años (en S/),05.May.25,6.6
rend_bono10_pen,PD31893DD,diaria,Tasas de interés - Rendimiento del Bono del gobierno peruano a 10 años (en S/),06.May.25,6.59
rend_bono10_pen,PD31893DD,diaria,Tasas de interés - Rendimiento del Bono del gobierno peruano a 10 años (en S/),07.May.25,6.53
rend_bono10_pen,PD31893DD,diaria,Tasas de interés - Rendimiento del Bono del gobierno peruano a 10 años (en S/),08.May.25,6.54
rend_bono10_pen,PD31893DD,diaria,Tasas de interés - Rendimiento del Bono del gobierno peruano a 10 años (en S/),09.May.25,6.4
rend_bono10_pen,PD31893DD,diaria,Tasas de interés - Rendimiento del Bono del gobierno peruano a 10 años (en S/),12.May.25,6.39
rend_bono10_pen,PD31893DD,diaria,Tasas de interés - Rendimiento del Bono del gobierno peruano a 10 años (en S/),13.May.25,6.37
rend_bono10_pen,PD31893DD,diaria,Tasas de interés - Rendimiento del Bono del gobierno peruano a 10 años (en S/),14.May.25,6.42
rend_bono10_pen,PD31893DD,diaria,Tasas de interés - Rendimiento del Bono del gobierno peruano a 10 años (en S/),15.May.25,6.37
rend_bono10_pen,PD31893DD,diaria,Tasas de interés - Rendimiento del Bono del gobierno peruano a 10 años (en S/),16.May.25,6.41
rend_bono10_pen,PD31893DD,diaria,Tasas de interés - Rendimiento del Bono del gobierno peruano a 10 años (en S/),19.May.25,6.43
rend_bono10_pen,PD31893DD,diaria,Tasas de interés - Rendimiento del Bono del gobierno peruano a 10 años (en S/),20.May.25,6.48
rend_bono10_pen,PD31893DD,diaria,Tasas de interés - Rendimiento del Bono del gobierno peruano a 10 años (en S/),21.May.25,6.54
rend_bono10_pen,PD31893DD,diaria,Tasas de interés - Rendimiento del Bono del gobierno peruano a 10 años (en S/),22.May.25,6.57
rend_bono10_pen,PD31893DD,diaria,Tasas de interés - Rendimiento del Bono del gobierno peruano a 10 años (en S/),23.May.25,6.58
rend_bono10_pen,PD31893DD,diaria,Tasas de interés - Rendimiento del Bono del gobierno peruano a 10 años (en S/),26.May.25,6.54
rend_bono10_pen,PD31893DD,diaria,Tasas de interés - Rendimiento del Bono del gobierno peruano a 10 años (en S/),27.May.25,6.48
rend_bono10_pen,PD31893DD,diaria,Tasas de interés - Rendimiento del Bono del gobierno peruano a 10 años (en S/),28.May.25,6.46
rend_bono10_pen,PD31893DD,diaria,Tasas de interés - Rendimiento del Bono del gobierno peruano a 10 años (en S/),29.May.25,6.45
rend_bono10_pen,PD31893DD,diaria,Tasas de interés - Rendimiento del Bono del gobierno peruano a 10 años (en S/),30.May.25,6.5
rend_bono10_pen,PD31893DD,diaria,Tasas de interés - Rendimiento del Bono del gobierno peruano a 10 años (en S/),02.Jun.25,6.51
rend_bono10_pen,PD31893DD,diaria,Tasas de interés - Rendimiento del Bono del gobierno peruano a 10 años (en S/),03.Jun.25,6.52
rend_bono10_pen,PD31893DD,diaria,Tasas de interés - Rendimiento del Bono del gobierno peruano a 10 años (en S/),04.Jun.25,6.45
rend_bono10_pen,PD31893DD,diaria,Tasas de interés - Rendimiento del Bono del gobierno peruano a 10 años (en S/),05.Jun.25,6.59
rend_bono10_pen,PD31893DD,diaria,Tasas de interés - Rendimiento del Bono del gobierno peruano a 10 años (en S/),06.Jun.25,6.63
rend_bono10_pen,PD31893DD,diaria,Tasas de interés - Rendimiento del Bono del gobierno peruano a 10 años (en S/),09.Jun.25,6.61
rend_bono10_pen,PD31893DD,diaria,Tasas de interés - Rendimiento del Bono del gobierno peruano a 10 años (en S/),10.Jun.25,6.58
rend_bono10_pen,PD31893DD,diaria,Tasas de interés - Rendimiento del Bono del gobierno peruano a 10 años (en S/),11.Jun.25,6.49
rend_bono10_pen,PD31893DD,diaria,Tasas de interés - Rendimiento del Bono del gobierno peruano a 10 años (en S/),12.Jun.25,6.35
rend_bono10_pen,PD31893DD,diaria,Tasas de interés - Rendimiento del Bono del gobierno peruano a 10 años (en S/),13.Jun.25,6.4
rend_bono10_pen,PD31893DD,diaria,Tasas de interés - Rendimiento del Bono del gobierno peruano a 10 años (en S/),16.Jun.25,6.39
rend_bono10_pen,PD31893DD,diaria,Tasas de interés - Rendimiento del Bono del gobierno peruano a 10 años (en S/),17.Jun.25,6.4
rend_bono10_pen,PD31893DD,diaria,Tasas de interés - Rendimiento del Bono del gobierno peruano a 10 años (en S/),18.Jun.25,6.39
rend_bono10_pen,PD31893DD,diaria,Tasas de interés - Rendimiento del Bono del gobierno peruano a 10 años (en S/),19.Jun.25,6.39
rend_bono10_pen,PD31893DD,diaria,Tasas de interés - Rendimiento del Bono del gobierno peruano a 10 años (en S/),20.Jun.25,6.37
rend_bono10_pen,PD31893DD,diaria,Tasas de interés - Rendimiento del Bono del gobierno peruano a 10 años (en S/),23.Jun.25,6.37
rend_bono10_pen,PD31893DD,diaria,Tasas de interés - Rendimiento del Bono del gobierno peruano a 10 años (en S/),24.Jun.25,6.31
rend_bono10_pen,PD31893DD,diaria,Tasas de interés - Rendimiento del Bono del gobierno peruano a 10 años (en S/),25.Jun.25,6.26
rend_bono10_pen,PD31893DD,diaria,Tasas de interés - Rendimiento del Bono del gobierno peruano a 10 años (en S/),26.Jun.25,6.23
rend_bono10_pen,PD31893DD,diaria,Tasas de interés - Rendimiento del Bono del gobierno peruano a 10 años (en S/),27.Jun.25,6.24
rend_bono10_pen,PD31893DD,diaria,Tasas de interés - Rendimiento del Bono del gobierno peruano a 10 años (en S/),30.Jun.25,6.17
rend_bono10_pen,PD31893DD,diaria,Tasas de interés - Rendimiento del Bono del gobierno peruano a 10 años (en S/),01.Jul.25,6.13
rend_bono10_pen,PD31893DD,diaria,Tasas de interés - Rendimiento del Bono del gobierno peruano a 10 años (en S/),02.Jul.25,6.1
rend_bono10_pen,PD31893DD,diaria,Tasas de interés - Rendimiento del Bono del gobierno peruano a 10 años (en S/),03.Jul.25,6.11
rend_bono10_pen,PD31893DD,diaria,Tasas de interés - Rendimiento del Bono del gobierno peruano a 10 años (en S/),04.Jul.25,6.13
rend_bono10_pen,PD31893DD,diaria,Tasas de interés - Rendimiento del Bono del gobierno peruano a 10 años (en S/),07.Jul.25,6.14
rend_bono10_pen,PD31893DD,diaria,Tasas de interés - Rendimiento del Bono del gobierno peruano a 10 años (en S/),08.Jul.25,6.14
rend_bono10_pen,PD31893DD,diaria,Tasas de interés - Rendimiento del Bono del gobierno peruano a 10 años (en S/),09.Jul.25,6.13
rend_bono10_pen,PD31893DD,diaria,Tasas de interés - Rendimiento del Bono del gobierno peruano a 10 años (en S/),10.Jul.25,6.15
rend_bono10_pen,PD31893DD,diaria,Tasas de interés - Rendimiento del Bono del gobierno peruano a 10 años (en S/),11.Jul.25,6.17
rend_bono10_pen,PD31893DD,diaria,Tasas de interés - Rendimiento del Bono del gobierno peruano a 10 años (en S/),14.Jul.25,6.18
rend_bono10_pen,PD31893DD,diaria,Tasas de interés - Rendimiento del Bono del gobierno peruano a 10 años (en S/),15.Jul.25,6.23
rend_bono10_pen,PD31893DD,diaria,Tasas de interés - Rendimiento del Bono del gobierno peruano a 10 años (en S/),16.Jul.25,6.27
rend_bono10_pen,PD31893DD,diaria,Tasas de interés - Rendimiento del Bono del gobierno peruano a 10 años (en S/),17.Jul.25,6.279
rend_bono10_pen,PD31893DD,diaria,Tasas de interés - Rendimiento del Bono del gobierno peruano a 10 años (en S/),18.Jul.25,6.3
rend_bono10_pen,PD31893DD,diaria,Tasas de interés - Rendimiento del Bono del gobierno peruano a 10 años (en S/),21.Jul.25,6.27
rend_bono10_pen,PD31893DD,diaria,Tasas de interés - Rendimiento del Bono del gobierno peruano a 10 años (en S/),22.Jul.25,6.24
rend_bono10_pen,PD31893DD,diaria,Tasas de interés - Rendimiento del Bono del gobierno peruano a 10 años (en S/),23.Jul.25,n.d.
rend_bono10_pen,PD31893DD,diaria,Tasas de interés - Rendimiento del Bono del gobierno peruano a 10 años (en S/),24.Jul.25,6.21
rend_bono10_pen,PD31893DD,diaria,Tasas de interés - Rendimiento del Bono del gobierno peruano a 10 años (en S/),25.Jul.25,6.18
rend_bono10_pen,PD31893DD,diaria,Tasas de interés - Rendimiento del Bono del gobierno peruano a 10 años (en S/),28.Jul.25,n.d.
rend_bono10_pen,PD31893DD,diaria,Tasas de interés - Rendimiento del Bono del gobierno peruano a 10 años (en S/),29.Jul.25,n.d.
rend_bono10_pen,PD31893DD,diaria,Tasas de interés - Rendimiento del Bono del gobierno peruano a 10 años (en S/),30.Jul.25,6.18
rend_bono10_pen,PD31893DD,diaria,Tasas de interés - Rendimiento del Bono del gobierno peruano a 10 años (en S/),31.Jul.25,6.21
rend_bono10_pen,PD31893DD,diaria,Tasas de interés - Rendimiento del Bono del gobierno peruano a 10 años (en S/),01.Ago.25,6.12
rend_bono10_pen,PD31893DD,diaria,Tasas de interés - Rendimiento del Bono del gobierno peruano a 10 años (en S/),04.Ago.25,6.08
rend_bono10_pen,PD31893DD,diaria,Tasas de interés - Rendimiento del Bono del gobierno peruano a 10 años (en S/),05.Ago.25,6.04
rend_bono10_pen,PD31893DD,diaria,Tasas de interés - Rendimiento del Bono del gobierno peruano a 10 años (en S/),06.Ago.25,5.97
rend_bono10_pen,PD31893DD,diaria,Tasas de interés - Rendimiento del Bono del gobierno peruano a 10 años (en S/),07.Ago.25,5.97
rend_bono10_pen,PD31893DD,diaria,Tasas de interés - Rendimiento del Bono del gobierno peruano a 10 años (en S/),08.Ago.25,5.98
rend_bono10_pen,PD31893DD,diaria,Tasas de interés - Rendimiento del Bono del gobierno peruano a 10 años (en S/),11.Ago.25,5.96
rend_bono10_pen,PD31893DD,diaria,Tasas de interés - Rendimiento del Bono del gobierno peruano a 10 años (en S/),12.Ago.25,5.94
rend_bono10_pen,PD31893DD,diaria,Tasas de interés - Rendimiento del Bono del gobierno peruano a 10 años (en S/),13.Ago.25,5.93
rend_bono10_pen,PD31893DD,diaria,Tasas de interés - Rendimiento del Bono del gobierno peruano a 10 años (en S/),14.Ago.25,5.95
rend_bono10_pen,PD31893DD,diaria,Tasas de interés - Rendimiento del Bono del gobierno peruano a 10 años (en S/),15.Ago.25,5.96
rend_bono10_pen,PD31893DD,diaria,Tasas de interés - Rendimiento del Bono del gobierno peruano a 10 años (en S/),18.Ago.25,6.01
rend_bono10_pen,PD31893DD,diaria,Tasas de interés - Rendimiento del Bono del gobierno peruano a 10 años (en S/),19.Ago.25,6.01
rend_bono10_pen,PD31893DD,diaria,Tasas de interés - Rendimiento del Bono del gobierno peruano a 10 años (en S/),20.Ago.25,6.06
rend_bono10_pen,PD31893DD,diaria,Tasas de interés - Rendimiento del Bono del gobierno peruano a 10 años (en S/),21.Ago.25,6.1
rend_bono10_pen,PD31893DD,diaria,Tasas de interés - Rendimiento del Bono del gobierno peruano a 10 años (en S/),22.Ago.25,6.01
rend_bono10_pen,PD31893DD,diaria,Tasas de interés - Rendimiento del Bono del gobierno peruano a 10 años (en S/),25.Ago.25,6.05
rend_bono10_pen,PD31893DD,diaria,Tasas de interés - Rendimiento del Bono del gobierno peruano a 10 años (en S/),26.Ago.25,6.06
rend_bono10_pen,PD31893DD,diaria,Tasas de interés - Rendimiento del Bono del gobierno peruano a 10 años (en S/),27.Ago.25,6.05
rend_bono10_pen,PD31893DD,diaria,Tasas de interés - Rendimiento del Bono del gobierno peruano a 10 años (en S/),28.Ago.25,6.0392
rend_bono10_pen,PD31893DD,diaria,Tasas de interés - Rendimiento del Bono del gobierno peruano a 10 años (en S/),29.Ago.25,6.02
rend_bono10_pen,PD31893DD,diaria,Tasas de interés - Rendimiento del Bono del gobierno peruano a 10 años (en S/),01.Set.25,6.23
rend_bono10_pen,PD31893DD,diaria,Tasas de interés - Rendimiento del Bono del gobierno peruano a 10 años (en S/),02.Set.25,6.26
rend_bono10_pen,PD31893DD,diaria,Tasas de interés - Rendimiento del Bono del gobierno peruano a 10 años (en S/),03.Set.25,6.21
rend_bono10_pen,PD31893DD,diaria,Tasas de interés - Rendimiento del Bono del gobierno peruano a 10 años (en S/),04.Set.25,6.18
rend_bono10_pen,PD31893DD,diaria,Tasas de interés - Rendimiento del Bono del gobierno peruano a 10 años (en S/),05.Set.25,6.08
rend_bono10_pen,PD31893DD,diaria,Tasas de interés - Rendimiento del Bono del gobierno peruano a 10 años (en S/),08.Set.25,6.07
rend_bono10_pen,PD31893DD,diaria,Tasas de interés - Rendimiento del Bono del gobierno peruano a 10 años (en S/),09.Set.25,6.09
rend_bono10_pen,PD31893DD,diaria,Tasas de interés - Rendimiento del Bono del gobierno peruano a 10 años (en S/),10.Set.25,6.02
rend_bono10_pen,PD31893DD,diaria,Tasas de interés - Rendimiento del Bono del gobierno peruano a 10 años (en S/),11.Set.25,5.99
rend_bono10_pen,PD31893DD,diaria,Tasas de interés - Rendimiento del Bono del gobierno peruano a 10 años (en S/),12.Set.25,6
rend_bono10_pen,PD31893DD,diaria,Tasas de interés - Rendimiento del Bono del gobierno peruano a 10 años (en S/),15.Set.25,6.15
rend_bono10_pen,PD31893DD,diaria,Tasas de interés - Rendimiento del Bono del gobierno peruano a 10 años (en S/),16.Set.25,6.21
rend_bono10_pen,PD31893DD,diaria,Tasas de interés - Rendimiento del Bono del gobierno peruano a 10 años (en S/),17.Set.25,6.15
rend_bono10_pen,PD31893DD,diaria,Tasas de interés - Rendimiento del Bono del gobierno peruano a 10 años (en S/),18.Set.25,6.14
rend_bono10_pen,PD31893DD,diaria,Tasas de interés - Rendimiento del Bono del gobierno peruano a 10 años (en S/),19.Set.25,6.14
rend_bono10_pen,PD31893DD,diaria,Tasas de interés - Rendimiento del Bono del gobierno peruano a 10 años (en S/),22.Set.25,6.14
rend_bono10_pen,PD31893DD,diaria,Tasas de interés - Rendimiento del Bono del gobierno peruano a 10 años (en S/),23.Set.25,6.13
rend_bono10_pen,PD31893DD,diaria,Tasas de interés - Rendimiento del Bono del gobierno peruano a 10 años (en S/),24.Set.25,6.14
rend_bono10_pen,PD31893DD,diaria,Tasas de interés - Rendimiento del Bono del gobierno peruano a 10 años (en S/),25.Set.25,6.15
rend_bono10_pen,PD31893DD,diaria,Tasas de interés - Rendimiento del Bono del gobierno peruano a 10 años (en S/),26.Set.25,6.15
rend_bono10_pen,PD31893DD,diaria,Tasas de interés - Rendimiento del Bono del gobierno peruano a 10 años (en S/),29.Set.25,6.09
rend_bono10_pen,PD31893DD,diaria,Tasas de interés - Rendimiento del Bono del gobierno peruano a 10 años (en S/),30.Set.25,6.05
rend_bono10_pen,PD31893DD,diaria,Tasas de interés - Rendimiento del Bono del gobierno peruano a 10 años (en S/),01.Oct.25,6.05
rend_bono10_pen,PD31893DD,diaria,Tasas de interés - Rendimiento del Bono del gobierno peruano a 10 años (en S/),02.Oct.25,6.05
rend_bono10_pen,PD31893DD,diaria,Tasas de interés - Rendimiento del Bono del gobierno peruano a 10 años (en S/),03.Oct.25,6.09
rend_bono10_pen,PD31893DD,diaria,Tasas de interés - Rendimiento del Bono del gobierno peruano a 10 años (en S/),06.Oct.25,6.15
rend_bono10_pen,PD31893DD,diaria,Tasas de interés - Rendimiento del Bono del gobierno peruano a 10 años (en S/),07.Oct.25,6.12
rend_bono10_pen,PD31893DD,diaria,Tasas de interés - Rendimiento del Bono del gobierno peruano a 10 años (en S/),08.Oct.25,n.d.
rend_bono10_pen,PD31893DD,diaria,Tasas de interés - Rendimiento del Bono del gobierno peruano a 10 años (en S/),09.Oct.25,6.18
rend_bono10_pen,PD31893DD,diaria,Tasas de interés - Rendimiento del Bono del gobierno peruano a 10 años (en S/),10.Oct.25,6.23
rend_bono10_pen,PD31893DD,diaria,Tasas de interés - Rendimiento del Bono del gobierno peruano a 10 años (en S/),13.Oct.25,6.23
rend_bono10_pen,PD31893DD,diaria,Tasas de interés - Rendimiento del Bono del gobierno peruano a 10 años (en S/),14.Oct.25,6.21
rend_bono10_pen,PD31893DD,diaria,Tasas de interés - Rendimiento del Bono del gobierno peruano a 10 años (en S/),15.Oct.25,6.17
rend_bono10_pen,PD31893DD,diaria,Tasas de interés - Rendimiento del Bono del gobierno peruano a 10 años (en S/),16.Oct.25,6.14
rend_bono10_pen,PD31893DD,diaria,Tasas de interés - Rendimiento del Bono del gobierno peruano a 10 años (en S/),17.Oct.25,6.12
rend_bono10_pen,PD31893DD,diaria,Tasas de interés - Rendimiento del Bono del gobierno peruano a 10 años (en S/),20.Oct.25,6.08
rend_bono10_pen,PD31893DD,diaria,Tasas de interés - Rendimiento del Bono del gobierno peruano a 10 años (en S/),21.Oct.25,6.07
rend_bono10_pen,PD31893DD,diaria,Tasas de interés - Rendimiento del Bono del gobierno peruano a 10 años (en S/),22.Oct.25,6.1
rend_bono10_pen,PD31893DD,diaria,Tasas de interés - Rendimiento del Bono del gobierno peruano a 10 años (en S/),23.Oct.25,6.09
rend_bono10_pen,PD31893DD,diaria,Tasas de interés - Rendimiento del Bono del gobierno peruano a 10 años (en S/),24.Oct.25,6.04
rend_bono10_pen,PD31893DD,diaria,Tasas de interés - Rendimiento del Bono del gobierno peruano a 10 años (en S/),27.Oct.25,6.0484
rend_bono10_pen,PD31893DD,diaria,Tasas de interés - Rendimiento del Bono del gobierno peruano a 10 años (en S/),28.Oct.25,6.01
rend_bono10_pen,PD31893DD,diaria,Tasas de interés - Rendimiento del Bono del gobierno peruano a 10 años (en S/),29.Oct.25,6.04
rend_bono10_pen,PD31893DD,diaria,Tasas de interés - Rendimiento del Bono del gobierno peruano a 10 años (en S/),30.Oct.25,6.05
rend_bono10_pen,PD31893DD,diaria,Tasas de interés - Rendimiento del Bono del gobierno peruano a 10 años (en S/),31.Oct.25,6.06
rend_bono10_pen,PD31893DD,diaria,Tasas de interés - Rendimiento del Bono del gobierno peruano a 10 años (en S/),03.Nov.25,6.06
rend_bono10_pen,PD31893DD,diaria,Tasas de interés - Rendimiento del Bono del gobierno peruano a 10 años (en S/),04.Nov.25,6.06
rend_bono10_pen,PD31893DD,diaria,Tasas de interés - Rendimiento del Bono del gobierno peruano a 10 años (en S/),05.Nov.25,6.05
rend_bono10_pen,PD31893DD,diaria,Tasas de interés - Rendimiento del Bono del gobierno peruano a 10 años (en S/),06.Nov.25,6.01
rend_bono10_pen,PD31893DD,diaria,Tasas de interés - Rendimiento del Bono del gobierno peruano a 10 años (en S/),07.Nov.25,6.04
rend_bono10_pen,PD31893DD,diaria,Tasas de interés - Rendimiento del Bono del gobierno peruano a 10 años (en S/),10.Nov.25,6.05
rend_bono10_pen,PD31893DD,diaria,Tasas de interés - Rendimiento del Bono del gobierno peruano a 10 años (en S/),11.Nov.25,6.05
rend_bono10_pen,PD31893DD,diaria,Tasas de interés - Rendimiento del Bono del gobierno peruano a 10 años (en S/),12.Nov.25,6.04
rend_bono10_pen,PD31893DD,diaria,Tasas de interés - Rendimiento del Bono del gobierno peruano a 10 años (en S/),13.Nov.25,6.05
rend_bono10_pen,PD31893DD,diaria,Tasas de interés - Rendimiento del Bono del gobierno peruano a 10 años (en S/),14.Nov.25,6.09
rend_bono10_pen,PD31893DD,diaria,Tasas de interés - Rendimiento del Bono del gobierno peruano a 10 años (en S/),17.Nov.25,6.08
rend_bono10_pen,PD31893DD,diaria,Tasas de interés - Rendimiento del Bono del gobierno peruano a 10 años (en S/),18.Nov.25,6.04
rend_bono10_pen,PD31893DD,diaria,Tasas de interés - Rendimiento del Bono del gobierno peruano a 10 años (en S/),19.Nov.25,5.99
rend_bono10_pen,PD31893DD,diaria,Tasas de interés - Rendimiento del Bono del gobierno peruano a 10 años (en S/),20.Nov.25,5.999
rend_bono10_pen,PD31893DD,diaria,Tasas de interés - Rendimiento del Bono del gobierno peruano a 10 años (en S/),21.Nov.25,5.94
rend_bono10_pen,PD31893DD,diaria,Tasas de interés - Rendimiento del Bono del gobierno peruano a 10 años (en S/),24.Nov.25,5.92
rend_bono10_pen,PD31893DD,diaria,Tasas de interés - Rendimiento del Bono del gobierno peruano a 10 años (en S/),25.Nov.25,5.9
rend_bono10_pen,PD31893DD,diaria,Tasas de interés - Rendimiento del Bono del gobierno peruano a 10 años (en S/),26.Nov.25,5.9
rend_bono10_pen,PD31893DD,diaria,Tasas de interés - Rendimiento del Bono del gobierno peruano a 10 años (en S/),27.Nov.25,5.91
rend_bono10_pen,PD31893DD,diaria,Tasas de interés - Rendimiento del Bono del gobierno peruano a 10 años (en S/),28.Nov.25,5.91
rend_bono10_pen,PD31893DD,diaria,Tasas de interés - Rendimiento del Bono del gobierno peruano a 10 años (en S/),01.Dic.25,5.94
rend_bono10_pen,PD31893DD,diaria,Tasas de interés - Rendimiento del Bono del gobierno peruano a 10 años (en S/),02.Dic.25,5.93
rend_bono10_pen,PD31893DD,diaria,Tasas de interés - Rendimiento del Bono del gobierno peruano a 10 años (en S/),03.Dic.25,5.87
rend_bono10_pen,PD31893DD,diaria,Tasas de interés - Rendimiento del Bono del gobierno peruano a 10 años (en S/),04.Dic.25,5.85
rend_bono10_pen,PD31893DD,diaria,Tasas de interés - Rendimiento del Bono del gobierno peruano a 10 años (en S/),05.Dic.25,5.79
rend_bono10_pen,PD31893DD,diaria,Tasas de interés - Rendimiento del Bono del gobierno peruano a 10 años (en S/),08.Dic.25,n.d.
rend_bono10_pen,PD31893DD,diaria,Tasas de interés - Rendimiento del Bono del gobierno peruano a 10 años (en S/),09.Dic.25,n.d.
rend_bono10_pen,PD31893DD,diaria,Tasas de interés - Rendimiento del Bono del gobierno peruano a 10 años (en S/),10.Dic.25,5.83
rend_bono10_pen,PD31893DD,diaria,Tasas de interés - Rendimiento del Bono del gobierno peruano a 10 años (en S/),11.Dic.25,5.81
rend_bono10_pen,PD31893DD,diaria,Tasas de interés - Rendimiento del Bono del gobierno peruano a 10 años (en S/),12.Dic.25,5.83
rend_bono10_pen,PD31893DD,diaria,Tasas de interés - Rendimiento del Bono del gobierno peruano a 10 años (en S/),15.Dic.25,5.76
rend_bono10_pen,PD31893DD,diaria,Tasas de interés - Rendimiento del Bono del gobierno peruano a 10 años (en S/),16.Dic.25,5.73
rend_bono10_pen,PD31893DD,diaria,Tasas de interés - Rendimiento del Bono del gobierno peruano a 10 años (en S/),17.Dic.25,5.74
rend_bono10_pen,PD31893DD,diaria,Tasas de interés - Rendimiento del Bono del gobierno peruano a 10 años (en S/),18.Dic.25,5.75
rend_bono10_pen,PD31893DD,diaria,Tasas de interés - Rendimiento del Bono del gobierno peruano a 10 años (en S/),19.Dic.25,5.83
rend_bono10_pen,PD31893DD,diaria,Tasas de interés - Rendimiento del Bono del gobierno peruano a 10 años (en S/),22.Dic.25,5.9
rend_bono10_pen,PD31893DD,diaria,Tasas de interés - Rendimiento del Bono del gobierno peruano a 10 años (en S/),23.Dic.25,5.86
rend_bono10_pen,PD31893DD,diaria,Tasas de interés - Rendimiento del Bono del gobierno peruano a 10 años (en S/),24.Dic.25,5.8
rend_bono10_pen,PD31893DD,diaria,Tasas de interés - Rendimiento del Bono del gobierno peruano a 10 años (en S/),25.Dic.25,n.d.
rend_bono10_pen,PD31893DD,diaria,Tasas de interés - Rendimiento del Bono del gobierno peruano a 10 años (en S/),26.Dic.25,n.d.
rend_bono10_pen,PD31893DD,diaria,Tasas de interés - Rendimiento del Bono del gobierno peruano a 10 años (en S/),29.Dic.25,5.89
rend_bono10_pen,PD31893DD,diaria,Tasas de interés - Rendimiento del Bono del gobierno peruano a 10 años (en S/),30.Dic.25,5.81
rend_bono10_pen,PD31893DD,diaria,Tasas de interés - Rendimiento del Bono del gobierno peruano a 10 años (en S/),31.Dic.25,5.796
rend_bono10_pen,PD31893DD,diaria,Tasas de interés - Rendimiento del Bono del gobierno peruano a 10 años (en S/),01.Ene.26,n.d.
rend_bono10_pen,PD31893DD,diaria,Tasas de interés - Rendimiento del Bono del gobierno peruano a 10 años (en S/),02.Ene.26,n.d.
rend_bono10_pen,PD31893DD,diaria,Tasas de interés - Rendimiento del Bono del gobierno peruano a 10 años (en S/),05.Ene.26,5.82
rend_bono10_pen,PD31893DD,diaria,Tasas de interés - Rendimiento del Bono del gobierno peruano a 10 años (en S/),06.Ene.26,5.85
rend_bono10_pen,PD31893DD,diaria,Tasas de interés - Rendimiento del Bono del gobierno peruano a 10 años (en S/),07.Ene.26,5.86
rend_bono10_pen,PD31893DD,diaria,Tasas de interés - Rendimiento del Bono del gobierno peruano a 10 años (en S/),08.Ene.26,5.89
rend_bono10_pen,PD31893DD,diaria,Tasas de interés - Rendimiento del Bono del gobierno peruano a 10 años (en S/),09.Ene.26,5.94
rend_bono10_pen,PD31893DD,diaria,Tasas de interés - Rendimiento del Bono del gobierno peruano a 10 años (en S/),12.Ene.26,5.95
rend_bono10_pen,PD31893DD,diaria,Tasas de interés - Rendimiento del Bono del gobierno peruano a 10 años (en S/),13.Ene.26,5.91
rend_bono10_pen,PD31893DD,diaria,Tasas de interés - Rendimiento del Bono del gobierno peruano a 10 años (en S/),14.Ene.26,5.93
rend_bono10_pen,PD31893DD,diaria,Tasas de interés - Rendimiento del Bono del gobierno peruano a 10 años (en S/),15.Ene.26,5.97
rend_bono10_pen,PD31893DD,diaria,Tasas de interés - Rendimiento del Bono del gobierno peruano a 10 años (en S/),16.Ene.26,5.97
rend_bono10_pen,PD31893DD,diaria,Tasas de interés - Rendimiento del Bono del gobierno peruano a 10 años (en S/),19.Ene.26,5.96
rend_bono10_pen,PD31893DD,diaria,Tasas de interés - Rendimiento del Bono del gobierno peruano a 10 años (en S/),20.Ene.26,5.92
rend_bono10_pen,PD31893DD,diaria,Tasas de interés - Rendimiento del Bono del gobierno peruano a 10 años (en S/),21.Ene.26,5.87
rend_bono10_pen,PD31893DD,diaria,Tasas de interés - Rendimiento del Bono del gobierno peruano a 10 años (en S/),22.Ene.26,5.89
rend_bono10_pen,PD31893DD,diaria,Tasas de interés - Rendimiento del Bono del gobierno peruano a 10 años (en S/),23.Ene.26,5.88
rend_bono10_pen,PD31893DD,diaria,Tasas de interés - Rendimiento del Bono del gobierno peruano a 10 años (en S/),26.Ene.26,5.89
rend_bono10_pen,PD31893DD,diaria,Tasas de interés - Rendimiento del Bono del gobierno peruano a 10 años (en S/),27.Ene.26,5.85
rend_bono10_pen,PD31893DD,diaria,Tasas de interés - Rendimiento del Bono del gobierno peruano a 10 años (en S/),28.Ene.26,5.8
rend_bono10_pen,PD31893DD,diaria,Tasas de interés - Rendimiento del Bono del gobierno peruano a 10 años (en S/),29.Ene.26,5.77
rend_bono10_pen,PD31893DD,diaria,Tasas de interés - Rendimiento del Bono del gobierno peruano a 10 años (en S/),30.Ene.26,5.79
rend_bono10_pen,PD31893DD,diaria,Tasas de interés - Rendimiento del Bono del gobierno peruano a 10 años (en S/),02.Feb.26,5.8
rend_bono10_pen,PD31893DD,diaria,Tasas de interés - Rendimiento del Bono del gobierno peruano a 10 años (en S/),03.Feb.26,5.8
rend_bono10_pen,PD31893DD,diaria,Tasas de interés - Rendimiento del Bono del gobierno peruano a 10 años (en S/),04.Feb.26,5.81
rend_bono10_pen,PD31893DD,diaria,Tasas de interés - Rendimiento del Bono del gobierno peruano a 10 años (en S/),05.Feb.26,5.73
rend_bono10_pen,PD31893DD,diaria,Tasas de interés - Rendimiento del Bono del gobierno peruano a 10 años (en S/),06.Feb.26,5.77
rend_bono10_pen,PD31893DD,diaria,Tasas de interés - Rendimiento del Bono del gobierno peruano a 10 años (en S/),09.Feb.26,5.81
rend_bono10_pen,PD31893DD,diaria,Tasas de interés - Rendimiento del Bono del gobierno peruano a 10 años (en S/),10.Feb.26,5.8
rend_bono10_pen,PD31893DD,diaria,Tasas de interés - Rendimiento del Bono del gobierno peruano a 10 años (en S/),11.Feb.26,5.82
rend_bono10_pen,PD31893DD,diaria,Tasas de interés - Rendimiento del Bono del gobierno peruano a 10 años (en S/),12.Feb.26,5.81
rend_bono10_pen,PD31893DD,diaria,Tasas de interés - Rendimiento del Bono del gobierno peruano a 10 años (en S/),13.Feb.26,5.8
rend_bono10_pen,PD31893DD,diaria,Tasas de interés - Rendimiento del Bono del gobierno peruano a 10 años (en S/),16.Feb.26,5.78
rend_bono10_pen,PD31893DD,diaria,Tasas de interés - Rendimiento del Bono del gobierno peruano a 10 años (en S/),17.Feb.26,5.76
rend_bono10_pen,PD31893DD,diaria,Tasas de interés - Rendimiento del Bono del gobierno peruano a 10 años (en S/),18.Feb.26,5.78
rend_bono10_pen,PD31893DD,diaria,Tasas de interés - Rendimiento del Bono del gobierno peruano a 10 años (en S/),19.Feb.26,5.81
rend_bono10_pen,PD31893DD,diaria,Tasas de interés - Rendimiento del Bono del gobierno peruano a 10 años (en S/),20.Feb.26,5.83
rend_bono10_pen,PD31893DD,diaria,Tasas de interés - Rendimiento del Bono del gobierno peruano a 10 años (en S/),23.Feb.26,5.79
rend_bono10_pen,PD31893DD,diaria,Tasas de interés - Rendimiento del Bono del gobierno peruano a 10 años (en S/),24.Feb.26,5.79
rend_bono10_pen,PD31893DD,diaria,Tasas de interés - Rendimiento del Bono del gobierno peruano a 10 años (en S/),25.Feb.26,5.83
rend_bono10_pen,PD31893DD,diaria,Tasas de interés - Rendimiento del Bono del gobierno peruano a 10 años (en S/),26.Feb.26,5.85
rend_bono10_pen,PD31893DD,diaria,Tasas de interés - Rendimiento del Bono del gobierno peruano a 10 años (en S/),27.Feb.26,5.85
rend_bono10_pen,PD31893DD,diaria,Tasas de interés - Rendimiento del Bono del gobierno peruano a 10 años (en S/),02.Mar.26,5.92
rend_bono10_pen,PD31893DD,diaria,Tasas de interés - Rendimiento del Bono del gobierno peruano a 10 años (en S/),03.Mar.26,5.99
rend_bono10_pen,PD31893DD,diaria,Tasas de interés - Rendimiento del Bono del gobierno peruano a 10 años (en S/),04.Mar.26,6.01
rend_bono10_pen,PD31893DD,diaria,Tasas de interés - Rendimiento del Bono del gobierno peruano a 10 años (en S/),05.Mar.26,6.09
rend_bono10_pen,PD31893DD,diaria,Tasas de interés - Rendimiento del Bono del gobierno peruano a 10 años (en S/),06.Mar.26,6.14
rend_bono10_pen,PD31893DD,diaria,Tasas de interés - Rendimiento del Bono del gobierno peruano a 10 años (en S/),09.Mar.26,6.15
rend_bono10_pen,PD31893DD,diaria,Tasas de interés - Rendimiento del Bono del gobierno peruano a 10 años (en S/),10.Mar.26,6.08
rend_bono10_pen,PD31893DD,diaria,Tasas de interés - Rendimiento del Bono del gobierno peruano a 10 años (en S/),11.Mar.26,6.09
rend_bono10_pen,PD31893DD,diaria,Tasas de interés - Rendimiento del Bono del gobierno peruano a 10 años (en S/),12.Mar.26,6.14
rend_bono10_pen,PD31893DD,diaria,Tasas de interés - Rendimiento del Bono del gobierno peruano a 10 años (en S/),13.Mar.26,6.24
rend_bono10_pen,PD31893DD,diaria,Tasas de interés - Rendimiento del Bono del gobierno peruano a 10 años (en S/),16.Mar.26,6.26
rend_bono10_pen,PD31893DD,diaria,Tasas de interés - Rendimiento del Bono del gobierno peruano a 10 años (en S/),17.Mar.26,6.21
rend_bono10_pen,PD31893DD,diaria,Tasas de interés - Rendimiento del Bono del gobierno peruano a 10 años (en S/),18.Mar.26,6.21
rend_bono10_pen,PD31893DD,diaria,Tasas de interés - Rendimiento del Bono del gobierno peruano a 10 años (en S/),19.Mar.26,6.31
rend_bono10_pen,PD31893DD,diaria,Tasas de interés - Rendimiento del Bono del gobierno peruano a 10 años (en S/),20.Mar.26,6.38
rend_bono10_pen,PD31893DD,diaria,Tasas de interés - Rendimiento del Bono del gobierno peruano a 10 años (en S/),23.Mar.26,6.26
rend_bono10_pen,PD31893DD,diaria,Tasas de interés - Rendimiento del Bono del gobierno peruano a 10 años (en S/),24.Mar.26,6.33
rend_bono10_pen,PD31893DD,diaria,Tasas de interés - Rendimiento del Bono del gobierno peruano a 10 años (en S/),25.Mar.26,6.36
rend_bono10_pen,PD31893DD,diaria,Tasas de interés - Rendimiento del Bono del gobierno peruano a 10 años (en S/),26.Mar.26,6.46
rend_bono10_pen,PD31893DD,diaria,Tasas de interés - Rendimiento del Bono del gobierno peruano a 10 años (en S/),27.Mar.26,6.54
rend_bono10_pen,PD31893DD,diaria,Tasas de interés - Rendimiento del Bono del gobierno peruano a 10 años (en S/),30.Mar.26,6.6
rend_bono10_pen,PD31893DD,diaria,Tasas de interés - Rendimiento del Bono del gobierno peruano a 10 años (en S/),31.Mar.26,6.55
rend_bono10_pen,PD31893DD,diaria,Tasas de interés - Rendimiento del Bono del gobierno peruano a 10 años (en S/),01.Abr.26,6.55
rend_bono10_pen,PD31893DD,diaria,Tasas de interés - Rendimiento del Bono del gobierno peruano a 10 años (en S/),02.Abr.26,n.d.
rend_bono10_pen,PD31893DD,diaria,Tasas de interés - Rendimiento del Bono del gobierno peruano a 10 años (en S/),03.Abr.26,n.d.
rend_bono10_pen,PD31893DD,diaria,Tasas de interés - Rendimiento del Bono del gobierno peruano a 10 años (en S/),06.Abr.26,6.55
rend_bono10_pen,PD31893DD,diaria,Tasas de interés - Rendimiento del Bono del gobierno peruano a 10 años (en S/),07.Abr.26,6.55
rend_bono10_pen,PD31893DD,diaria,Tasas de interés - Rendimiento del Bono del gobierno peruano a 10 años (en S/),08.Abr.26,6.26
rend_bono10_pen,PD31893DD,diaria,Tasas de interés - Rendimiento del Bono del gobierno peruano a 10 años (en S/),09.Abr.26,6.11
rend_bono10_pen,PD31893DD,diaria,Tasas de interés - Rendimiento del Bono del gobierno peruano a 10 años (en S/),10.Abr.26,6.11
rend_bono10_pen,PD31893DD,diaria,Tasas de interés - Rendimiento del Bono del gobierno peruano a 10 años (en S/),13.Abr.26,6.05
rend_bono10_pen,PD31893DD,diaria,Tasas de interés - Rendimiento del Bono del gobierno peruano a 10 años (en S/),14.Abr.26,6.09
rend_bono10_pen,PD31893DD,diaria,Tasas de interés - Rendimiento del Bono del gobierno peruano a 10 años (en S/),15.Abr.26,6.29
rend_bono10_pen,PD31893DD,diaria,Tasas de interés - Rendimiento del Bono del gobierno peruano a 10 años (en S/),16.Abr.26,6.11
rend_bono10_pen,PD31893DD,diaria,Tasas de interés - Rendimiento del Bono del gobierno peruano a 10 años (en S/),17.Abr.26,6.05
rend_bono10_pen,PD31893DD,diaria,Tasas de interés - Rendimiento del Bono del gobierno peruano a 10 años (en S/),20.Abr.26,6.03
rend_bono10_pen,PD31893DD,diaria,Tasas de interés - Rendimiento del Bono del gobierno peruano a 10 años (en S/),21.Abr.26,6.06
rend_bono10_pen,PD31893DD,diaria,Tasas de interés - Rendimiento del Bono del gobierno peruano a 10 años (en S/),22.Abr.26,6.19
rend_bono10_pen,PD31893DD,diaria,Tasas de interés - Rendimiento del Bono del gobierno peruano a 10 años (en S/),23.Abr.26,6.2
rend_bono10_pen,PD31893DD,diaria,Tasas de interés - Rendimiento del Bono del gobierno peruano a 10 años (en S/),24.Abr.26,6.17
rend_bono10_pen,PD31893DD,diaria,Tasas de interés - Rendimiento del Bono del gobierno peruano a 10 años (en S/),27.Abr.26,6.23
rend_bono10_pen,PD31893DD,diaria,Tasas de interés - Rendimiento del Bono del gobierno peruano a 10 años (en S/),28.Abr.26,6.2
rend_bono10_pen,PD31893DD,diaria,Tasas de interés - Rendimiento del Bono del gobierno peruano a 10 años (en S/),29.Abr.26,6.24
rend_bono10_pen,PD31893DD,diaria,Tasas de interés - Rendimiento del Bono del gobierno peruano a 10 años (en S/),30.Abr.26,6.22
rend_bono10_pen,PD31893DD,diaria,Tasas de interés - Rendimiento del Bono del gobierno peruano a 10 años (en S/),01.May.26,n.d.
rend_bono10_pen,PD31893DD,diaria,Tasas de interés - Rendimiento del Bono del gobierno peruano a 10 años (en S/),04.May.26,6.25
rend_bono10_pen,PD31893DD,diaria,Tasas de interés - Rendimiento del Bono del gobierno peruano a 10 años (en S/),05.May.26,6.27
rend_bono10_pen,PD31893DD,diaria,Tasas de interés - Rendimiento del Bono del gobierno peruano a 10 años (en S/),06.May.26,6.2
rend_bono10_pen,PD31893DD,diaria,Tasas de interés - Rendimiento del Bono del gobierno peruano a 10 años (en S/),07.May.26,6.21
rend_bono10_pen,PD31893DD,diaria,Tasas de interés - Rendimiento del Bono del gobierno peruano a 10 años (en S/),08.May.26,6.21
rend_bono10_pen,PD31893DD,diaria,Tasas de interés - Rendimiento del Bono del gobierno peruano a 10 años (en S/),11.May.26,6.22
rend_bono10_pen,PD31893DD,diaria,Tasas de interés - Rendimiento del Bono del gobierno peruano a 10 años (en S/),12.May.26,6.21
rend_bono10_pen,PD31893DD,diaria,Tasas de interés - Rendimiento del Bono del gobierno peruano a 10 años (en S/),13.May.26,6.21
rend_bono10_pen,PD31893DD,diaria,Tasas de interés - Rendimiento del Bono del gobierno peruano a 10 años (en S/),14.May.26,6.24
rend_bono10_pen,PD31893DD,diaria,Tasas de interés - Rendimiento del Bono del gobierno peruano a 10 años (en S/),15.May.26,6.3
rend_bono10_pen,PD31893DD,diaria,Tasas de interés - Rendimiento del Bono del gobierno peruano a 10 años (en S/),18.May.26,6.32
rend_bono10_pen,PD31893DD,diaria,Tasas de interés - Rendimiento del Bono del gobierno peruano a 10 años (en S/),19.May.26,6.35
rend_bono10_pen,PD31893DD,diaria,Tasas de interés - Rendimiento del Bono del gobierno peruano a 10 años (en S/),20.May.26,6.3
rend_bono10_pen,PD31893DD,diaria,Tasas de interés - Rendimiento del Bono del gobierno peruano a 10 años (en S/),21.May.26,6.26
rend_bono10_pen,PD31893DD,diaria,Tasas de interés - Rendimiento del Bono del gobierno peruano a 10 años (en S/),22.May.26,6.27
rend_bono10_pen,PD31893DD,diaria,Tasas de interés - Rendimiento del Bono del gobierno peruano a 10 años (en S/),25.May.26,6.25
rend_bono10_pen,PD31893DD,diaria,Tasas de interés - Rendimiento del Bono del gobierno peruano a 10 años (en S/),26.May.26,6.27
rend_bono10_pen,PD31893DD,diaria,Tasas de interés - Rendimiento del Bono del gobierno peruano a 10 años (en S/),27.May.26,6.25
rend_bono10_pen,PD31893DD,diaria,Tasas de interés - Rendimiento del Bono del gobierno peruano a 10 años (en S/),28.May.26,6.25
rend_bono10_pen,PD31893DD,diaria,Tasas de interés - Rendimiento del Bono del gobierno peruano a 10 años (en S/),29.May.26,6.19
rend_bono10_pen,PD31893DD,diaria,Tasas de interés - Rendimiento del Bono del gobierno peruano a 10 años (en S/),01.Jun.26,6.12
rend_bono10_pen,PD31893DD,diaria,Tasas de interés - Rendimiento del Bono del gobierno peruano a 10 años (en S/),02.Jun.26,6.03
rend_bono10_pen,PD31893DD,diaria,Tasas de interés - Rendimiento del Bono del gobierno peruano a 10 años (en S/),03.Jun.26,6.05
rend_bono10_pen,PD31893DD,diaria,Tasas de interés - Rendimiento del Bono del gobierno peruano a 10 años (en S/),04.Jun.26,6
rend_bono10_pen,PD31893DD,diaria,Tasas de interés - Rendimiento del Bono del gobierno peruano a 10 años (en S/),05.Jun.26,6.25
rend_bono10_pen,PD31893DD,diaria,Tasas de interés - Rendimiento del Bono del gobierno peruano a 10 años (en S/),08.Jun.26,6.1
rend_bono10_pen,PD31893DD,diaria,Tasas de interés - Rendimiento del Bono del gobierno peruano a 10 años (en S/),09.Jun.26,5.95
rend_bono10_pen,PD31893DD,diaria,Tasas de interés - Rendimiento del Bono del gobierno peruano a 10 años (en S/),10.Jun.26,6.02
rend_bono10_pen,PD31893DD,diaria,Tasas de interés - Rendimiento del Bono del gobierno peruano a 10 años (en S/),11.Jun.26,6.05
rend_bono10_pen,PD31893DD,diaria,Tasas de interés - Rendimiento del Bono del gobierno peruano a 10 años (en S/),12.Jun.26,6
rend_bono10_pen,PD31893DD,diaria,Tasas de interés - Rendimiento del Bono del gobierno peruano a 10 años (en S/),15.Jun.26,6.02
rend_bono10_pen,PD31893DD,diaria,Tasas de interés - Rendimiento del Bono del gobierno peruano a 10 años (en S/),16.Jun.26,6.05
rend_bono10_pen,PD31893DD,diaria,Tasas de interés - Rendimiento del Bono del gobierno peruano a 10 años (en S/),17.Jun.26,6.1
rend_bono10_pen,PD31893DD,diaria,Tasas de interés - Rendimiento del Bono del gobierno peruano a 10 años (en S/),18.Jun.26,6.11
rend_bono10_pen,PD31893DD,diaria,Tasas de interés - Rendimiento del Bono del gobierno peruano a 10 años (en S/),19.Jun.26,6.14
rend_bono10_pen,PD31893DD,diaria,Tasas de interés - Rendimiento del Bono del gobierno peruano a 10 años (en S/),22.Jun.26,6.13
rend_bono10_pen,PD31893DD,diaria,Tasas de interés - Rendimiento del Bono del gobierno peruano a 10 años (en S/),23.Jun.26,6.09
rend_bono10_pen,PD31893DD,diaria,Tasas de interés - Rendimiento del Bono del gobierno peruano a 10 años (en S/),24.Jun.26,6.08
rend_bono10_pen,PD31893DD,diaria,Tasas de interés - Rendimiento del Bono del gobierno peruano a 10 años (en S/),25.Jun.26,6.13
rend_bono10_pen,PD31893DD,diaria,Tasas de interés - Rendimiento del Bono del gobierno peruano a 10 años (en S/),26.Jun.26,6.09
rend_bono10_pen,PD31893DD,diaria,Tasas de interés - Rendimiento del Bono del gobierno peruano a 10 años (en S/),29.Jun.26,n.d.
rend_bono10_pen,PD31893DD,diaria,Tasas de interés - Rendimiento del Bono del gobierno peruano a 10 años (en S/),30.Jun.26,6.08
rend_bono10_pen,PD31893DD,diaria,Tasas de interés - Rendimiento del Bono del gobierno peruano a 10 años (en S/),01.Jul.26,6.07
rend_bono10_pen,PD31893DD,diaria,Tasas de interés - Rendimiento del Bono del gobierno peruano a 10 años (en S/),02.Jul.26,6.07
rend_bono10_pen,PD31893DD,diaria,Tasas de interés - Rendimiento del Bono del gobierno peruano a 10 años (en S/),03.Jul.26,6.08
rend_bono10_pen,PD31893DD,diaria,Tasas de interés - Rendimiento del Bono del gobierno peruano a 10 años (en S/),06.Jul.26,6.1
rend_bono10_pen,PD31893DD,diaria,Tasas de interés - Rendimiento del Bono del gobierno peruano a 10 años (en S/),07.Jul.26,6.1
rend_bono10_pen,PD31893DD,diaria,Tasas de interés - Rendimiento del Bono del gobierno peruano a 10 años (en S/),08.Jul.26,6.15
rend_bono10_pen,PD31893DD,diaria,Tasas de interés - Rendimiento del Bono del gobierno peruano a 10 años (en S/),09.Jul.26,6.12
rend_bono10_pen,PD31893DD,diaria,Tasas de interés - Rendimiento del Bono del gobierno peruano a 10 años (en S/),10.Jul.26,6.09
rend_bono10_pen,PD31893DD,diaria,Tasas de interés - Rendimiento del Bono del gobierno peruano a 10 años (en S/),13.Jul.26,6.09
rend_bono10_pen,PD31893DD,diaria,Tasas de interés - Rendimiento del Bono del gobierno peruano a 10 años (en S/),14.Jul.26,6.03
rend_bono10_pen,PD31893DD,diaria,Tasas de interés - Rendimiento del Bono del gobierno peruano a 10 años (en S/),15.Jul.26,6.01
rend_bono10_pen,PD31893DD,diaria,Tasas de interés - Rendimiento del Bono del gobierno peruano a 10 años (en S/),16.Jul.26,6.02
rend_bono10_pen,PD31893DD,diaria,Tasas de interés - Rendimiento del Bono del gobierno peruano a 10 años (en S/),17.Jul.26,6.05
rend_bono10_pen,PD31893DD,diaria,Tasas de interés - Rendimiento del Bono del gobierno peruano a 10 años (en S/),20.Jul.26,6.05
rend_bono10_pen,PD31893DD,diaria,Tasas de interés - Rendimiento del Bono del gobierno peruano a 10 años (en S/),21.Jul.26,6.03
rend_bono10_pen,PD31893DD,diaria,Tasas de interés - Rendimiento del Bono del gobierno peruano a 10 años (en S/),22.Jul.26,6.04
rend_bono10_pen,PD31893DD,diaria,Tasas de interés - Rendimiento del Bono del gobierno peruano a 10 años (en S/),23.Jul.26,n.d.
rend_bono10_pen,PD31893DD,diaria,Tasas de interés - Rendimiento del Bono del gobierno peruano a 10 años (en S/),24.Jul.26,6.05
rend_bono10_pen,PD31893DD,diaria,Tasas de interés - Rendimiento del Bono del gobierno peruano a 10 años (en S/),27.Jul.26,n.d.
rend_bono10_pen,PD31893DD,diaria,Tasas de interés - Rendimiento del Bono del gobierno peruano a 10 años (en S/),28.Jul.26,n.d.
rend_bono10_pen,PD31893DD,diaria,Tasas de interés - Rendimiento del Bono del gobierno peruano a 10 años (en S/),29.Jul.26,n.d.
rend_bono10_pen,PD31893DD,diaria,Tasas de interés - Rendimiento del Bono del gobierno peruano a 10 años (en S/),30.Jul.26,6.05
rend_bono10_pen,PD31893DD,diaria,Tasas de interés - Rendimiento del Bono del gobierno peruano a 10 años (en S/),31.Jul.26,6.11
rend_bono10_pen,PD31893DD,diaria,Tasas de interés - Rendimiento del Bono del gobierno peruano a 10 años (en S/),03.Ago.26,6.18
rend_bono10_pen,PD31893DD,diaria,Tasas de interés - Rendimiento del Bono del gobierno peruano a 10 años (en S/),04.Ago.26,6.19
rend_bono10_pen,PD31893DD,diaria,Tasas de interés - Rendimiento del Bono del gobierno peruano a 10 años (en S/),05.Ago.26,6.18
rend_bono10_pen,PD31893DD,diaria,Tasas de interés - Rendimiento del Bono del gobierno peruano a 10 años (en S/),06.Ago.26,n.d.
rend_bono10_pen,PD31893DD,diaria,Tasas de interés - Rendimiento del Bono del gobierno peruano a 10 años (en S/),07.Ago.26,6.15
rend_bono10_pen,PD31893DD,diaria,Tasas de interés - Rendimiento del Bono del gobierno peruano a 10 años (en S/),10.Ago.26,6.14
rend_bono10_pen,PD31893DD,diaria,Tasas de interés - Rendimiento del Bono del gobierno peruano a 10 años (en S/),11.Ago.26,6.13
rend_bono10_pen,PD31893DD,diaria,Tasas de interés - Rendimiento del Bono del gobierno peruano a 10 años (en S/),12.Ago.26,6.09
rend_bono10_pen,PD31893DD,diaria,Tasas de interés - Rendimiento del Bono del gobierno peruano a 10 años (en S/),13.Ago.26,6.08
rend_bono10_pen,PD31893DD,diaria,Tasas de interés - Rendimiento del Bono del gobierno peruano a 10 años (en S/),14.Ago.26,6.09
rend_bono10_pen,PD31893DD,diaria,Tasas de interés - Rendimiento del Bono del gobierno peruano a 10 años (en S/),17.Ago.26,6.1
rend_bono10_pen,PD31893DD,diaria,Tasas de interés - Rendimiento del Bono del gobierno peruano a 10 años (en S/),18.Ago.26,6.19
rend_bono10_pen,PD31893DD,diaria,Tasas de interés - Rendimiento del Bono del gobierno peruano a 10 años (en S/),19.Ago.26,6.17
rend_bono10_pen,PD31893DD,diaria,Tasas de interés - Rendimiento del Bono del gobierno peruano a 10 años (en S/),20.Ago.26,6.27
rend_bono10_pen,PD31893DD,diaria,Tasas de interés - Rendimiento del Bono del gobierno peruano a 10 años (en S/),21.Ago.26,6.26
rend_bono10_pen,PD31893DD,diaria,Tasas de interés - Rendimiento del Bono del gobierno peruano a 10 años (en S/),24.Ago.26,6.26
rend_bono10_pen,PD31893DD,diaria,Tasas de interés - Rendimiento del Bono del gobierno peruano a 10 años (en S/),25.Ago.26,6.24
rend_bono10_pen,PD31893DD,diaria,Tasas de interés - Rendimiento del Bono del gobierno peruano a 10 años (en S/),26.Ago.26,6.24
rend_bono10_pen,PD31893DD,diaria,Tasas de interés - Rendimiento del Bono del gobierno peruano a 10 años (en S/),27.Ago.26,6.26
rend_bono10_pen,PD31893DD,diaria,Tasas de interés - Rendimiento del Bono del gobierno peruano a 10 años (en S/),28.Ago.26,6.26
rend_bono10_pen,PD31893DD,diaria,Tasas de interés - Rendimiento del Bono del gobierno peruano a 10 años (en S/),31.Ago.26,6.31
tasa_referencia,PD12301MD,diaria,Tasas de interés - Tasa de Referencia de la Política Monetaria,04.Ene.21,0.25
tasa_referencia,PD12301MD,diaria,Tasas de interés - Tasa de Referencia de la Política Monetaria,05.Ene.21,0.25
tasa_referencia,PD12301MD,diaria,Tasas de interés - Tasa de Referencia de la Política Monetaria,06.Ene.21,0.25
tasa_referencia,PD12301MD,diaria,Tasas de interés - Tasa de Referencia de la Política Monetaria,07.Ene.21,0.25
tasa_referencia,PD12301MD,diaria,Tasas de interés - Tasa de Referencia de la Política Monetaria,08.Ene.21,0.25
tasa_referencia,PD12301MD,diaria,Tasas de interés - Tasa de Referencia de la Política Monetaria,11.Ene.21,0.25
tasa_referencia,PD12301MD,diaria,Tasas de interés - Tasa de Referencia de la Política Monetaria,12.Ene.21,0.25
tasa_referencia,PD12301MD,diaria,Tasas de interés - Tasa de Referencia de la Política Monetaria,13.Ene.21,0.25
tasa_referencia,PD12301MD,diaria,Tasas de interés - Tasa de Referencia de la Política Monetaria,14.Ene.21,0.25
tasa_referencia,PD12301MD,diaria,Tasas de interés - Tasa de Referencia de la Política Monetaria,15.Ene.21,0.25
tasa_referencia,PD12301MD,diaria,Tasas de interés - Tasa de Referencia de la Política Monetaria,18.Ene.21,0.25
tasa_referencia,PD12301MD,diaria,Tasas de interés - Tasa de Referencia de la Política Monetaria,19.Ene.21,0.25
tasa_referencia,PD12301MD,diaria,Tasas de interés - Tasa de Referencia de la Política Monetaria,20.Ene.21,0.25
tasa_referencia,PD12301MD,diaria,Tasas de interés - Tasa de Referencia de la Política Monetaria,21.Ene.21,0.25
tasa_referencia,PD12301MD,diaria,Tasas de interés - Tasa de Referencia de la Política Monetaria,22.Ene.21,0.25
tasa_referencia,PD12301MD,diaria,Tasas de interés - Tasa de Referencia de la Política Monetaria,25.Ene.21,0.25
tasa_referencia,PD12301MD,diaria,Tasas de interés - Tasa de Referencia de la Política Monetaria,26.Ene.21,0.25
tasa_referencia,PD12301MD,diaria,Tasas de interés - Tasa de Referencia de la Política Monetaria,27.Ene.21,0.25
tasa_referencia,PD12301MD,diaria,Tasas de interés - Tasa de Referencia de la Política Monetaria,28.Ene.21,0.25
tasa_referencia,PD12301MD,diaria,Tasas de interés - Tasa de Referencia de la Política Monetaria,29.Ene.21,0.25
tasa_referencia,PD12301MD,diaria,Tasas de interés - Tasa de Referencia de la Política Monetaria,01.Feb.21,0.25
tasa_referencia,PD12301MD,diaria,Tasas de interés - Tasa de Referencia de la Política Monetaria,02.Feb.21,0.25
tasa_referencia,PD12301MD,diaria,Tasas de interés - Tasa de Referencia de la Política Monetaria,03.Feb.21,0.25
tasa_referencia,PD12301MD,diaria,Tasas de interés - Tasa de Referencia de la Política Monetaria,04.Feb.21,0.25
tasa_referencia,PD12301MD,diaria,Tasas de interés - Tasa de Referencia de la Política Monetaria,05.Feb.21,0.25
tasa_referencia,PD12301MD,diaria,Tasas de interés - Tasa de Referencia de la Política Monetaria,08.Feb.21,0.25
tasa_referencia,PD12301MD,diaria,Tasas de interés - Tasa de Referencia de la Política Monetaria,09.Feb.21,0.25
tasa_referencia,PD12301MD,diaria,Tasas de interés - Tasa de Referencia de la Política Monetaria,10.Feb.21,0.25
tasa_referencia,PD12301MD,diaria,Tasas de interés - Tasa de Referencia de la Política Monetaria,11.Feb.21,0.25
tasa_referencia,PD12301MD,diaria,Tasas de interés - Tasa de Referencia de la Política Monetaria,12.Feb.21,0.25
tasa_referencia,PD12301MD,diaria,Tasas de interés - Tasa de Referencia de la Política Monetaria,15.Feb.21,0.25
tasa_referencia,PD12301MD,diaria,Tasas de interés - Tasa de Referencia de la Política Monetaria,16.Feb.21,0.25
tasa_referencia,PD12301MD,diaria,Tasas de interés - Tasa de Referencia de la Política Monetaria,17.Feb.21,0.25
tasa_referencia,PD12301MD,diaria,Tasas de interés - Tasa de Referencia de la Política Monetaria,18.Feb.21,0.25
tasa_referencia,PD12301MD,diaria,Tasas de interés - Tasa de Referencia de la Política Monetaria,19.Feb.21,0.25
tasa_referencia,PD12301MD,diaria,Tasas de interés - Tasa de Referencia de la Política Monetaria,22.Feb.21,0.25
tasa_referencia,PD12301MD,diaria,Tasas de interés - Tasa de Referencia de la Política Monetaria,23.Feb.21,0.25
tasa_referencia,PD12301MD,diaria,Tasas de interés - Tasa de Referencia de la Política Monetaria,24.Feb.21,0.25
tasa_referencia,PD12301MD,diaria,Tasas de interés - Tasa de Referencia de la Política Monetaria,25.Feb.21,0.25
tasa_referencia,PD12301MD,diaria,Tasas de interés - Tasa de Referencia de la Política Monetaria,26.Feb.21,0.25
tasa_referencia,PD12301MD,diaria,Tasas de interés - Tasa de Referencia de la Política Monetaria,01.Mar.21,0.25
tasa_referencia,PD12301MD,diaria,Tasas de interés - Tasa de Referencia de la Política Monetaria,02.Mar.21,0.25
tasa_referencia,PD12301MD,diaria,Tasas de interés - Tasa de Referencia de la Política Monetaria,03.Mar.21,0.25
tasa_referencia,PD12301MD,diaria,Tasas de interés - Tasa de Referencia de la Política Monetaria,04.Mar.21,0.25
tasa_referencia,PD12301MD,diaria,Tasas de interés - Tasa de Referencia de la Política Monetaria,05.Mar.21,0.25
tasa_referencia,PD12301MD,diaria,Tasas de interés - Tasa de Referencia de la Política Monetaria,08.Mar.21,0.25
tasa_referencia,PD12301MD,diaria,Tasas de interés - Tasa de Referencia de la Política Monetaria,09.Mar.21,0.25
tasa_referencia,PD12301MD,diaria,Tasas de interés - Tasa de Referencia de la Política Monetaria,10.Mar.21,0.25
tasa_referencia,PD12301MD,diaria,Tasas de interés - Tasa de Referencia de la Política Monetaria,11.Mar.21,0.25
tasa_referencia,PD12301MD,diaria,Tasas de interés - Tasa de Referencia de la Política Monetaria,12.Mar.21,0.25
tasa_referencia,PD12301MD,diaria,Tasas de interés - Tasa de Referencia de la Política Monetaria,15.Mar.21,0.25
tasa_referencia,PD12301MD,diaria,Tasas de interés - Tasa de Referencia de la Política Monetaria,16.Mar.21,0.25
tasa_referencia,PD12301MD,diaria,Tasas de interés - Tasa de Referencia de la Política Monetaria,17.Mar.21,0.25
tasa_referencia,PD12301MD,diaria,Tasas de interés - Tasa de Referencia de la Política Monetaria,18.Mar.21,0.25
tasa_referencia,PD12301MD,diaria,Tasas de interés - Tasa de Referencia de la Política Monetaria,19.Mar.21,0.25
tasa_referencia,PD12301MD,diaria,Tasas de interés - Tasa de Referencia de la Política Monetaria,22.Mar.21,0.25
tasa_referencia,PD12301MD,diaria,Tasas de interés - Tasa de Referencia de la Política Monetaria,23.Mar.21,0.25
tasa_referencia,PD12301MD,diaria,Tasas de interés - Tasa de Referencia de la Política Monetaria,24.Mar.21,0.25
tasa_referencia,PD12301MD,diaria,Tasas de interés - Tasa de Referencia de la Política Monetaria,25.Mar.21,0.25
tasa_referencia,PD12301MD,diaria,Tasas de interés - Tasa de Referencia de la Política Monetaria,26.Mar.21,0.25
tasa_referencia,PD12301MD,diaria,Tasas de interés - Tasa de Referencia de la Política Monetaria,29.Mar.21,0.25
tasa_referencia,PD12301MD,diaria,Tasas de interés - Tasa de Referencia de la Política Monetaria,30.Mar.21,0.25
tasa_referencia,PD12301MD,diaria,Tasas de interés - Tasa de Referencia de la Política Monetaria,31.Mar.21,0.25
tasa_referencia,PD12301MD,diaria,Tasas de interés - Tasa de Referencia de la Política Monetaria,01.Abr.21,n.d.
tasa_referencia,PD12301MD,diaria,Tasas de interés - Tasa de Referencia de la Política Monetaria,02.Abr.21,n.d.
tasa_referencia,PD12301MD,diaria,Tasas de interés - Tasa de Referencia de la Política Monetaria,05.Abr.21,0.25
tasa_referencia,PD12301MD,diaria,Tasas de interés - Tasa de Referencia de la Política Monetaria,06.Abr.21,0.25
tasa_referencia,PD12301MD,diaria,Tasas de interés - Tasa de Referencia de la Política Monetaria,07.Abr.21,0.25
tasa_referencia,PD12301MD,diaria,Tasas de interés - Tasa de Referencia de la Política Monetaria,08.Abr.21,0.25
tasa_referencia,PD12301MD,diaria,Tasas de interés - Tasa de Referencia de la Política Monetaria,09.Abr.21,0.25
tasa_referencia,PD12301MD,diaria,Tasas de interés - Tasa de Referencia de la Política Monetaria,12.Abr.21,0.25
tasa_referencia,PD12301MD,diaria,Tasas de interés - Tasa de Referencia de la Política Monetaria,13.Abr.21,0.25
tasa_referencia,PD12301MD,diaria,Tasas de interés - Tasa de Referencia de la Política Monetaria,14.Abr.21,0.25
tasa_referencia,PD12301MD,diaria,Tasas de interés - Tasa de Referencia de la Política Monetaria,15.Abr.21,0.25
tasa_referencia,PD12301MD,diaria,Tasas de interés - Tasa de Referencia de la Política Monetaria,16.Abr.21,0.25
tasa_referencia,PD12301MD,diaria,Tasas de interés - Tasa de Referencia de la Política Monetaria,19.Abr.21,0.25
tasa_referencia,PD12301MD,diaria,Tasas de interés - Tasa de Referencia de la Política Monetaria,20.Abr.21,0.25
tasa_referencia,PD12301MD,diaria,Tasas de interés - Tasa de Referencia de la Política Monetaria,21.Abr.21,0.25
tasa_referencia,PD12301MD,diaria,Tasas de interés - Tasa de Referencia de la Política Monetaria,22.Abr.21,0.25
tasa_referencia,PD12301MD,diaria,Tasas de interés - Tasa de Referencia de la Política Monetaria,23.Abr.21,0.25
tasa_referencia,PD12301MD,diaria,Tasas de interés - Tasa de Referencia de la Política Monetaria,26.Abr.21,0.25
tasa_referencia,PD12301MD,diaria,Tasas de interés - Tasa de Referencia de la Política Monetaria,27.Abr.21,0.25
tasa_referencia,PD12301MD,diaria,Tasas de interés - Tasa de Referencia de la Política Monetaria,28.Abr.21,0.25
tasa_referencia,PD12301MD,diaria,Tasas de interés - Tasa de Referencia de la Política Monetaria,29.Abr.21,0.25
tasa_referencia,PD12301MD,diaria,Tasas de interés - Tasa de Referencia de la Política Monetaria,30.Abr.21,0.25
tasa_referencia,PD12301MD,diaria,Tasas de interés - Tasa de Referencia de la Política Monetaria,03.May.21,0.25
tasa_referencia,PD12301MD,diaria,Tasas de interés - Tasa de Referencia de la Política Monetaria,04.May.21,0.25
tasa_referencia,PD12301MD,diaria,Tasas de interés - Tasa de Referencia de la Política Monetaria,05.May.21,0.25
tasa_referencia,PD12301MD,diaria,Tasas de interés - Tasa de Referencia de la Política Monetaria,06.May.21,0.25
tasa_referencia,PD12301MD,diaria,Tasas de interés - Tasa de Referencia de la Política Monetaria,07.May.21,0.25
tasa_referencia,PD12301MD,diaria,Tasas de interés - Tasa de Referencia de la Política Monetaria,10.May.21,0.25
tasa_referencia,PD12301MD,diaria,Tasas de interés - Tasa de Referencia de la Política Monetaria,11.May.21,0.25
tasa_referencia,PD12301MD,diaria,Tasas de interés - Tasa de Referencia de la Política Monetaria,12.May.21,0.25
tasa_referencia,PD12301MD,diaria,Tasas de interés - Tasa de Referencia de la Política Monetaria,13.May.21,0.25
tasa_referencia,PD12301MD,diaria,Tasas de interés - Tasa de Referencia de la Política Monetaria,14.May.21,0.25
tasa_referencia,PD12301MD,diaria,Tasas de interés - Tasa de Referencia de la Política Monetaria,17.May.21,0.25
tasa_referencia,PD12301MD,diaria,Tasas de interés - Tasa de Referencia de la Política Monetaria,18.May.21,0.25
tasa_referencia,PD12301MD,diaria,Tasas de interés - Tasa de Referencia de la Política Monetaria,19.May.21,0.25
tasa_referencia,PD12301MD,diaria,Tasas de interés - Tasa de Referencia de la Política Monetaria,20.May.21,0.25
tasa_referencia,PD12301MD,diaria,Tasas de interés - Tasa de Referencia de la Política Monetaria,21.May.21,0.25
tasa_referencia,PD12301MD,diaria,Tasas de interés - Tasa de Referencia de la Política Monetaria,24.May.21,0.25
tasa_referencia,PD12301MD,diaria,Tasas de interés - Tasa de Referencia de la Política Monetaria,25.May.21,0.25
tasa_referencia,PD12301MD,diaria,Tasas de interés - Tasa de Referencia de la Política Monetaria,26.May.21,0.25
tasa_referencia,PD12301MD,diaria,Tasas de interés - Tasa de Referencia de la Política Monetaria,27.May.21,0.25
tasa_referencia,PD12301MD,diaria,Tasas de interés - Tasa de Referencia de la Política Monetaria,28.May.21,0.25
tasa_referencia,PD12301MD,diaria,Tasas de interés - Tasa de Referencia de la Política Monetaria,31.May.21,0.25
tasa_referencia,PD12301MD,diaria,Tasas de interés - Tasa de Referencia de la Política Monetaria,01.Jun.21,0.25
tasa_referencia,PD12301MD,diaria,Tasas de interés - Tasa de Referencia de la Política Monetaria,02.Jun.21,0.25
tasa_referencia,PD12301MD,diaria,Tasas de interés - Tasa de Referencia de la Política Monetaria,03.Jun.21,0.25
tasa_referencia,PD12301MD,diaria,Tasas de interés - Tasa de Referencia de la Política Monetaria,04.Jun.21,0.25
tasa_referencia,PD12301MD,diaria,Tasas de interés - Tasa de Referencia de la Política Monetaria,07.Jun.21,0.25
tasa_referencia,PD12301MD,diaria,Tasas de interés - Tasa de Referencia de la Política Monetaria,08.Jun.21,0.25
tasa_referencia,PD12301MD,diaria,Tasas de interés - Tasa de Referencia de la Política Monetaria,09.Jun.21,0.25
tasa_referencia,PD12301MD,diaria,Tasas de interés - Tasa de Referencia de la Política Monetaria,10.Jun.21,0.25
tasa_referencia,PD12301MD,diaria,Tasas de interés - Tasa de Referencia de la Política Monetaria,11.Jun.21,0.25
tasa_referencia,PD12301MD,diaria,Tasas de interés - Tasa de Referencia de la Política Monetaria,14.Jun.21,0.25
tasa_referencia,PD12301MD,diaria,Tasas de interés - Tasa de Referencia de la Política Monetaria,15.Jun.21,0.25
tasa_referencia,PD12301MD,diaria,Tasas de interés - Tasa de Referencia de la Política Monetaria,16.Jun.21,0.25
tasa_referencia,PD12301MD,diaria,Tasas de interés - Tasa de Referencia de la Política Monetaria,17.Jun.21,0.25
tasa_referencia,PD12301MD,diaria,Tasas de interés - Tasa de Referencia de la Política Monetaria,18.Jun.21,0.25
tasa_referencia,PD12301MD,diaria,Tasas de interés - Tasa de Referencia de la Política Monetaria,21.Jun.21,0.25
tasa_referencia,PD12301MD,diaria,Tasas de interés - Tasa de Referencia de la Política Monetaria,22.Jun.21,0.25
tasa_referencia,PD12301MD,diaria,Tasas de interés - Tasa de Referencia de la Política Monetaria,23.Jun.21,0.25
tasa_referencia,PD12301MD,diaria,Tasas de interés - Tasa de Referencia de la Política Monetaria,24.Jun.21,0.25
tasa_referencia,PD12301MD,diaria,Tasas de interés - Tasa de Referencia de la Política Monetaria,25.Jun.21,0.25
tasa_referencia,PD12301MD,diaria,Tasas de interés - Tasa de Referencia de la Política Monetaria,28.Jun.21,0.25
tasa_referencia,PD12301MD,diaria,Tasas de interés - Tasa de Referencia de la Política Monetaria,29.Jun.21,n.d.
tasa_referencia,PD12301MD,diaria,Tasas de interés - Tasa de Referencia de la Política Monetaria,30.Jun.21,0.25
tasa_referencia,PD12301MD,diaria,Tasas de interés - Tasa de Referencia de la Política Monetaria,01.Jul.21,0.25
tasa_referencia,PD12301MD,diaria,Tasas de interés - Tasa de Referencia de la Política Monetaria,02.Jul.21,0.25
tasa_referencia,PD12301MD,diaria,Tasas de interés - Tasa de Referencia de la Política Monetaria,05.Jul.21,0.25
tasa_referencia,PD12301MD,diaria,Tasas de interés - Tasa de Referencia de la Política Monetaria,06.Jul.21,0.25
tasa_referencia,PD12301MD,diaria,Tasas de interés - Tasa de Referencia de la Política Monetaria,07.Jul.21,0.25
tasa_referencia,PD12301MD,diaria,Tasas de interés - Tasa de Referencia de la Política Monetaria,08.Jul.21,0.25
tasa_referencia,PD12301MD,diaria,Tasas de interés - Tasa de Referencia de la Política Monetaria,09.Jul.21,0.25
tasa_referencia,PD12301MD,diaria,Tasas de interés - Tasa de Referencia de la Política Monetaria,12.Jul.21,0.25
tasa_referencia,PD12301MD,diaria,Tasas de interés - Tasa de Referencia de la Política Monetaria,13.Jul.21,0.25
tasa_referencia,PD12301MD,diaria,Tasas de interés - Tasa de Referencia de la Política Monetaria,14.Jul.21,0.25
tasa_referencia,PD12301MD,diaria,Tasas de interés - Tasa de Referencia de la Política Monetaria,15.Jul.21,0.25
tasa_referencia,PD12301MD,diaria,Tasas de interés - Tasa de Referencia de la Política Monetaria,16.Jul.21,0.25
tasa_referencia,PD12301MD,diaria,Tasas de interés - Tasa de Referencia de la Política Monetaria,19.Jul.21,0.25
tasa_referencia,PD12301MD,diaria,Tasas de interés - Tasa de Referencia de la Política Monetaria,20.Jul.21,0.25
tasa_referencia,PD12301MD,diaria,Tasas de interés - Tasa de Referencia de la Política Monetaria,21.Jul.21,0.25
tasa_referencia,PD12301MD,diaria,Tasas de interés - Tasa de Referencia de la Política Monetaria,22.Jul.21,0.25
tasa_referencia,PD12301MD,diaria,Tasas de interés - Tasa de Referencia de la Política Monetaria,23.Jul.21,0.25
tasa_referencia,PD12301MD,diaria,Tasas de interés - Tasa de Referencia de la Política Monetaria,26.Jul.21,0.25
tasa_referencia,PD12301MD,diaria,Tasas de interés - Tasa de Referencia de la Política Monetaria,27.Jul.21,0.25
tasa_referencia,PD12301MD,diaria,Tasas de interés - Tasa de Referencia de la Política Monetaria,28.Jul.21,n.d.
tasa_referencia,PD12301MD,diaria,Tasas de interés - Tasa de Referencia de la Política Monetaria,29.Jul.21,n.d.
tasa_referencia,PD12301MD,diaria,Tasas de interés - Tasa de Referencia de la Política Monetaria,30.Jul.21,0.25
tasa_referencia,PD12301MD,diaria,Tasas de interés - Tasa de Referencia de la Política Monetaria,02.Ago.21,0.25
tasa_referencia,PD12301MD,diaria,Tasas de interés - Tasa de Referencia de la Política Monetaria,03.Ago.21,0.25
tasa_referencia,PD12301MD,diaria,Tasas de interés - Tasa de Referencia de la Política Monetaria,04.Ago.21,0.25
tasa_referencia,PD12301MD,diaria,Tasas de interés - Tasa de Referencia de la Política Monetaria,05.Ago.21,0.25
tasa_referencia,PD12301MD,diaria,Tasas de interés - Tasa de Referencia de la Política Monetaria,06.Ago.21,0.25
tasa_referencia,PD12301MD,diaria,Tasas de interés - Tasa de Referencia de la Política Monetaria,09.Ago.21,0.25
tasa_referencia,PD12301MD,diaria,Tasas de interés - Tasa de Referencia de la Política Monetaria,10.Ago.21,0.25
tasa_referencia,PD12301MD,diaria,Tasas de interés - Tasa de Referencia de la Política Monetaria,11.Ago.21,0.25
tasa_referencia,PD12301MD,diaria,Tasas de interés - Tasa de Referencia de la Política Monetaria,12.Ago.21,0.25
tasa_referencia,PD12301MD,diaria,Tasas de interés - Tasa de Referencia de la Política Monetaria,13.Ago.21,0.5
tasa_referencia,PD12301MD,diaria,Tasas de interés - Tasa de Referencia de la Política Monetaria,16.Ago.21,0.5
tasa_referencia,PD12301MD,diaria,Tasas de interés - Tasa de Referencia de la Política Monetaria,17.Ago.21,0.5
tasa_referencia,PD12301MD,diaria,Tasas de interés - Tasa de Referencia de la Política Monetaria,18.Ago.21,0.5
tasa_referencia,PD12301MD,diaria,Tasas de interés - Tasa de Referencia de la Política Monetaria,19.Ago.21,0.5
tasa_referencia,PD12301MD,diaria,Tasas de interés - Tasa de Referencia de la Política Monetaria,20.Ago.21,0.5
tasa_referencia,PD12301MD,diaria,Tasas de interés - Tasa de Referencia de la Política Monetaria,23.Ago.21,0.5
tasa_referencia,PD12301MD,diaria,Tasas de interés - Tasa de Referencia de la Política Monetaria,24.Ago.21,0.5
tasa_referencia,PD12301MD,diaria,Tasas de interés - Tasa de Referencia de la Política Monetaria,25.Ago.21,0.5
tasa_referencia,PD12301MD,diaria,Tasas de interés - Tasa de Referencia de la Política Monetaria,26.Ago.21,0.5
tasa_referencia,PD12301MD,diaria,Tasas de interés - Tasa de Referencia de la Política Monetaria,27.Ago.21,0.5
tasa_referencia,PD12301MD,diaria,Tasas de interés - Tasa de Referencia de la Política Monetaria,30.Ago.21,n.d.
tasa_referencia,PD12301MD,diaria,Tasas de interés - Tasa de Referencia de la Política Monetaria,31.Ago.21,0.5
tasa_referencia,PD12301MD,diaria,Tasas de interés - Tasa de Referencia de la Política Monetaria,01.Set.21,0.5
tasa_referencia,PD12301MD,diaria,Tasas de interés - Tasa de Referencia de la Política Monetaria,02.Set.21,0.5
tasa_referencia,PD12301MD,diaria,Tasas de interés - Tasa de Referencia de la Política Monetaria,03.Set.21,0.5
tasa_referencia,PD12301MD,diaria,Tasas de interés - Tasa de Referencia de la Política Monetaria,06.Set.21,0.5
tasa_referencia,PD12301MD,diaria,Tasas de interés - Tasa de Referencia de la Política Monetaria,07.Set.21,0.5
tasa_referencia,PD12301MD,diaria,Tasas de interés - Tasa de Referencia de la Política Monetaria,08.Set.21,0.5
tasa_referencia,PD12301MD,diaria,Tasas de interés - Tasa de Referencia de la Política Monetaria,09.Set.21,0.5
tasa_referencia,PD12301MD,diaria,Tasas de interés - Tasa de Referencia de la Política Monetaria,10.Set.21,1
tasa_referencia,PD12301MD,diaria,Tasas de interés - Tasa de Referencia de la Política Monetaria,13.Set.21,1
tasa_referencia,PD12301MD,diaria,Tasas de interés - Tasa de Referencia de la Política Monetaria,14.Set.21,1
tasa_referencia,PD12301MD,diaria,Tasas de interés - Tasa de Referencia de la Política Monetaria,15.Set.21,1
tasa_referencia,PD12301MD,diaria,Tasas de interés - Tasa de Referencia de la Política Monetaria,16.Set.21,1
tasa_referencia,PD12301MD,diaria,Tasas de interés - Tasa de Referencia de la Política Monetaria,17.Set.21,1
tasa_referencia,PD12301MD,diaria,Tasas de interés - Tasa de Referencia de la Política Monetaria,20.Set.21,1
tasa_referencia,PD12301MD,diaria,Tasas de interés - Tasa de Referencia de la Política Monetaria,21.Set.21,1
tasa_referencia,PD12301MD,diaria,Tasas de interés - Tasa de Referencia de la Política Monetaria,22.Set.21,1
tasa_referencia,PD12301MD,diaria,Tasas de interés - Tasa de Referencia de la Política Monetaria,23.Set.21,1
tasa_referencia,PD12301MD,diaria,Tasas de interés - Tasa de Referencia de la Política Monetaria,24.Set.21,1
tasa_referencia,PD12301MD,diaria,Tasas de interés - Tasa de Referencia de la Política Monetaria,27.Set.21,1
tasa_referencia,PD12301MD,diaria,Tasas de interés - Tasa de Referencia de la Política Monetaria,28.Set.21,1
tasa_referencia,PD12301MD,diaria,Tasas de interés - Tasa de Referencia de la Política Monetaria,29.Set.21,1
tasa_referencia,PD12301MD,diaria,Tasas de interés - Tasa de Referencia de la Política Monetaria,30.Set.21,1
tasa_referencia,PD12301MD,diaria,Tasas de interés - Tasa de Referencia de la Política Monetaria,01.Oct.21,1
tasa_referencia,PD12301MD,diaria,Tasas de interés - Tasa de Referencia de la Política Monetaria,04.Oct.21,1
tasa_referencia,PD12301MD,diaria,Tasas de interés - Tasa de Referencia de la Política Monetaria,05.Oct.21,1
tasa_referencia,PD12301MD,diaria,Tasas de interés - Tasa de Referencia de la Política Monetaria,06.Oct.21,1
tasa_referencia,PD12301MD,diaria,Tasas de interés - Tasa de Referencia de la Política Monetaria,07.Oct.21,1
tasa_referencia,PD12301MD,diaria,Tasas de interés - Tasa de Referencia de la Política Monetaria,08.Oct.21,n.d.
tasa_referencia,PD12301MD,diaria,Tasas de interés - Tasa de Referencia de la Política Monetaria,11.Oct.21,1.5
tasa_referencia,PD12301MD,diaria,Tasas de interés - Tasa de Referencia de la Política Monetaria,12.Oct.21,1.5
tasa_referencia,PD12301MD,diaria,Tasas de interés - Tasa de Referencia de la Política Monetaria,13.Oct.21,1.5
tasa_referencia,PD12301MD,diaria,Tasas de interés - Tasa de Referencia de la Política Monetaria,14.Oct.21,1.5
tasa_referencia,PD12301MD,diaria,Tasas de interés - Tasa de Referencia de la Política Monetaria,15.Oct.21,1.5
tasa_referencia,PD12301MD,diaria,Tasas de interés - Tasa de Referencia de la Política Monetaria,18.Oct.21,1.5
tasa_referencia,PD12301MD,diaria,Tasas de interés - Tasa de Referencia de la Política Monetaria,19.Oct.21,1.5
tasa_referencia,PD12301MD,diaria,Tasas de interés - Tasa de Referencia de la Política Monetaria,20.Oct.21,1.5
tasa_referencia,PD12301MD,diaria,Tasas de interés - Tasa de Referencia de la Política Monetaria,21.Oct.21,1.5
tasa_referencia,PD12301MD,diaria,Tasas de interés - Tasa de Referencia de la Política Monetaria,22.Oct.21,1.5
tasa_referencia,PD12301MD,diaria,Tasas de interés - Tasa de Referencia de la Política Monetaria,25.Oct.21,1.5
tasa_referencia,PD12301MD,diaria,Tasas de interés - Tasa de Referencia de la Política Monetaria,26.Oct.21,1.5
tasa_referencia,PD12301MD,diaria,Tasas de interés - Tasa de Referencia de la Política Monetaria,27.Oct.21,1.5
tasa_referencia,PD12301MD,diaria,Tasas de interés - Tasa de Referencia de la Política Monetaria,28.Oct.21,1.5
tasa_referencia,PD12301MD,diaria,Tasas de interés - Tasa de Referencia de la Política Monetaria,29.Oct.21,1.5
tasa_referencia,PD12301MD,diaria,Tasas de interés - Tasa de Referencia de la Política Monetaria,01.Nov.21,n.d.
tasa_referencia,PD12301MD,diaria,Tasas de interés - Tasa de Referencia de la Política Monetaria,02.Nov.21,1.5
tasa_referencia,PD12301MD,diaria,Tasas de interés - Tasa de Referencia de la Política Monetaria,03.Nov.21,1.5
tasa_referencia,PD12301MD,diaria,Tasas de interés - Tasa de Referencia de la Política Monetaria,04.Nov.21,1.5
tasa_referencia,PD12301MD,diaria,Tasas de interés - Tasa de Referencia de la Política Monetaria,05.Nov.21,1.5
tasa_referencia,PD12301MD,diaria,Tasas de interés - Tasa de Referencia de la Política Monetaria,08.Nov.21,1.5
tasa_referencia,PD12301MD,diaria,Tasas de interés - Tasa de Referencia de la Política Monetaria,09.Nov.21,1.5
tasa_referencia,PD12301MD,diaria,Tasas de interés - Tasa de Referencia de la Política Monetaria,10.Nov.21,1.5
tasa_referencia,PD12301MD,diaria,Tasas de interés - Tasa de Referencia de la Política Monetaria,11.Nov.21,1.5
tasa_referencia,PD12301MD,diaria,Tasas de interés - Tasa de Referencia de la Política Monetaria,12.Nov.21,2
tasa_referencia,PD12301MD,diaria,Tasas de interés - Tasa de Referencia de la Política Monetaria,15.Nov.21,2
tasa_referencia,PD12301MD,diaria,Tasas de interés - Tasa de Referencia de la Política Monetaria,16.Nov.21,2
tasa_referencia,PD12301MD,diaria,Tasas de interés - Tasa de Referencia de la Política Monetaria,17.Nov.21,2
tasa_referencia,PD12301MD,diaria,Tasas de interés - Tasa de Referencia de la Política Monetaria,18.Nov.21,2
tasa_referencia,PD12301MD,diaria,Tasas de interés - Tasa de Referencia de la Política Monetaria,19.Nov.21,2
tasa_referencia,PD12301MD,diaria,Tasas de interés - Tasa de Referencia de la Política Monetaria,22.Nov.21,2
tasa_referencia,PD12301MD,diaria,Tasas de interés - Tasa de Referencia de la Política Monetaria,23.Nov.21,2
tasa_referencia,PD12301MD,diaria,Tasas de interés - Tasa de Referencia de la Política Monetaria,24.Nov.21,2
tasa_referencia,PD12301MD,diaria,Tasas de interés - Tasa de Referencia de la Política Monetaria,25.Nov.21,2
tasa_referencia,PD12301MD,diaria,Tasas de interés - Tasa de Referencia de la Política Monetaria,26.Nov.21,2
tasa_referencia,PD12301MD,diaria,Tasas de interés - Tasa de Referencia de la Política Monetaria,29.Nov.21,2
tasa_referencia,PD12301MD,diaria,Tasas de interés - Tasa de Referencia de la Política Monetaria,30.Nov.21,2
tasa_referencia,PD12301MD,diaria,Tasas de interés - Tasa de Referencia de la Política Monetaria,01.Dic.21,2
tasa_referencia,PD12301MD,diaria,Tasas de interés - Tasa de Referencia de la Política Monetaria,02.Dic.21,2
tasa_referencia,PD12301MD,diaria,Tasas de interés - Tasa de Referencia de la Política Monetaria,03.Dic.21,2
tasa_referencia,PD12301MD,diaria,Tasas de interés - Tasa de Referencia de la Política Monetaria,06.Dic.21,2
tasa_referencia,PD12301MD,diaria,Tasas de interés - Tasa de Referencia de la Política Monetaria,07.Dic.21,2
tasa_referencia,PD12301MD,diaria,Tasas de interés - Tasa de Referencia de la Política Monetaria,08.Dic.21,n.d.
tasa_referencia,PD12301MD,diaria,Tasas de interés - Tasa de Referencia de la Política Monetaria,09.Dic.21,2
tasa_referencia,PD12301MD,diaria,Tasas de interés - Tasa de Referencia de la Política Monetaria,10.Dic.21,2.5
tasa_referencia,PD12301MD,diaria,Tasas de interés - Tasa de Referencia de la Política Monetaria,13.Dic.21,2.5
tasa_referencia,PD12301MD,diaria,Tasas de interés - Tasa de Referencia de la Política Monetaria,14.Dic.21,2.5
tasa_referencia,PD12301MD,diaria,Tasas de interés - Tasa de Referencia de la Política Monetaria,15.Dic.21,2.5
tasa_referencia,PD12301MD,diaria,Tasas de interés - Tasa de Referencia de la Política Monetaria,16.Dic.21,2.5
tasa_referencia,PD12301MD,diaria,Tasas de interés - Tasa de Referencia de la Política Monetaria,17.Dic.21,2.5
tasa_referencia,PD12301MD,diaria,Tasas de interés - Tasa de Referencia de la Política Monetaria,20.Dic.21,2.5
tasa_referencia,PD12301MD,diaria,Tasas de interés - Tasa de Referencia de la Política Monetaria,21.Dic.21,2.5
tasa_referencia,PD12301MD,diaria,Tasas de interés - Tasa de Referencia de la Política Monetaria,22.Dic.21,2.5
tasa_referencia,PD12301MD,diaria,Tasas de interés - Tasa de Referencia de la Política Monetaria,23.Dic.21,2.5
tasa_referencia,PD12301MD,diaria,Tasas de interés - Tasa de Referencia de la Política Monetaria,24.Dic.21,2.5
tasa_referencia,PD12301MD,diaria,Tasas de interés - Tasa de Referencia de la Política Monetaria,27.Dic.21,2.5
tasa_referencia,PD12301MD,diaria,Tasas de interés - Tasa de Referencia de la Política Monetaria,28.Dic.21,2.5
tasa_referencia,PD12301MD,diaria,Tasas de interés - Tasa de Referencia de la Política Monetaria,29.Dic.21,2.5
tasa_referencia,PD12301MD,diaria,Tasas de interés - Tasa de Referencia de la Política Monetaria,30.Dic.21,2.5
tasa_referencia,PD12301MD,diaria,Tasas de interés - Tasa de Referencia de la Política Monetaria,31.Dic.21,2.5
tasa_referencia,PD12301MD,diaria,Tasas de interés - Tasa de Referencia de la Política Monetaria,03.Ene.22,2.5
tasa_referencia,PD12301MD,diaria,Tasas de interés - Tasa de Referencia de la Política Monetaria,04.Ene.22,2.5
tasa_referencia,PD12301MD,diaria,Tasas de interés - Tasa de Referencia de la Política Monetaria,05.Ene.22,2.5
tasa_referencia,PD12301MD,diaria,Tasas de interés - Tasa de Referencia de la Política Monetaria,06.Ene.22,2.5
tasa_referencia,PD12301MD,diaria,Tasas de interés - Tasa de Referencia de la Política Monetaria,07.Ene.22,3
tasa_referencia,PD12301MD,diaria,Tasas de interés - Tasa de Referencia de la Política Monetaria,10.Ene.22,3
tasa_referencia,PD12301MD,diaria,Tasas de interés - Tasa de Referencia de la Política Monetaria,11.Ene.22,3
tasa_referencia,PD12301MD,diaria,Tasas de interés - Tasa de Referencia de la Política Monetaria,12.Ene.22,3
tasa_referencia,PD12301MD,diaria,Tasas de interés - Tasa de Referencia de la Política Monetaria,13.Ene.22,3
tasa_referencia,PD12301MD,diaria,Tasas de interés - Tasa de Referencia de la Política Monetaria,14.Ene.22,3
tasa_referencia,PD12301MD,diaria,Tasas de interés - Tasa de Referencia de la Política Monetaria,17.Ene.22,3
tasa_referencia,PD12301MD,diaria,Tasas de interés - Tasa de Referencia de la Política Monetaria,18.Ene.22,3
tasa_referencia,PD12301MD,diaria,Tasas de interés - Tasa de Referencia de la Política Monetaria,19.Ene.22,3
tasa_referencia,PD12301MD,diaria,Tasas de interés - Tasa de Referencia de la Política Monetaria,20.Ene.22,3
tasa_referencia,PD12301MD,diaria,Tasas de interés - Tasa de Referencia de la Política Monetaria,21.Ene.22,3
tasa_referencia,PD12301MD,diaria,Tasas de interés - Tasa de Referencia de la Política Monetaria,24.Ene.22,3
tasa_referencia,PD12301MD,diaria,Tasas de interés - Tasa de Referencia de la Política Monetaria,25.Ene.22,3
tasa_referencia,PD12301MD,diaria,Tasas de interés - Tasa de Referencia de la Política Monetaria,26.Ene.22,3
tasa_referencia,PD12301MD,diaria,Tasas de interés - Tasa de Referencia de la Política Monetaria,27.Ene.22,3
tasa_referencia,PD12301MD,diaria,Tasas de interés - Tasa de Referencia de la Política Monetaria,28.Ene.22,3
tasa_referencia,PD12301MD,diaria,Tasas de interés - Tasa de Referencia de la Política Monetaria,31.Ene.22,3
tasa_referencia,PD12301MD,diaria,Tasas de interés - Tasa de Referencia de la Política Monetaria,01.Feb.22,3
tasa_referencia,PD12301MD,diaria,Tasas de interés - Tasa de Referencia de la Política Monetaria,02.Feb.22,3
tasa_referencia,PD12301MD,diaria,Tasas de interés - Tasa de Referencia de la Política Monetaria,03.Feb.22,3
tasa_referencia,PD12301MD,diaria,Tasas de interés - Tasa de Referencia de la Política Monetaria,04.Feb.22,3
tasa_referencia,PD12301MD,diaria,Tasas de interés - Tasa de Referencia de la Política Monetaria,07.Feb.22,3
tasa_referencia,PD12301MD,diaria,Tasas de interés - Tasa de Referencia de la Política Monetaria,08.Feb.22,3
tasa_referencia,PD12301MD,diaria,Tasas de interés - Tasa de Referencia de la Política Monetaria,09.Feb.22,3
tasa_referencia,PD12301MD,diaria,Tasas de interés - Tasa de Referencia de la Política Monetaria,10.Feb.22,3
tasa_referencia,PD12301MD,diaria,Tasas de interés - Tasa de Referencia de la Política Monetaria,11.Feb.22,3.5
tasa_referencia,PD12301MD,diaria,Tasas de interés - Tasa de Referencia de la Política Monetaria,14.Feb.22,3.5
tasa_referencia,PD12301MD,diaria,Tasas de interés - Tasa de Referencia de la Política Monetaria,15.Feb.22,3.5
tasa_referencia,PD12301MD,diaria,Tasas de interés - Tasa de Referencia de la Política Monetaria,16.Feb.22,3.5
tasa_referencia,PD12301MD,diaria,Tasas de interés - Tasa de Referencia de la Política Monetaria,17.Feb.22,3.5
tasa_referencia,PD12301MD,diaria,Tasas de interés - Tasa de Referencia de la Política Monetaria,18.Feb.22,3.5
tasa_referencia,PD12301MD,diaria,Tasas de interés - Tasa de Referencia de la Política Monetaria,21.Feb.22,3.5
tasa_referencia,PD12301MD,diaria,Tasas de interés - Tasa de Referencia de la Política Monetaria,22.Feb.22,3.5
tasa_referencia,PD12301MD,diaria,Tasas de interés - Tasa de Referencia de la Política Monetaria,23.Feb.22,3.5
tasa_referencia,PD12301MD,diaria,Tasas de interés - Tasa de Referencia de la Política Monetaria,24.Feb.22,3.5
tasa_referencia,PD12301MD,diaria,Tasas de interés - Tasa de Referencia de la Política Monetaria,25.Feb.22,3.5
tasa_referencia,PD12301MD,diaria,Tasas de interés - Tasa de Referencia de la Política Monetaria,28.Feb.22,3.5
tasa_referencia,PD12301MD,diaria,Tasas de interés - Tasa de Referencia de la Política Monetaria,01.Mar.22,3.5
tasa_referencia,PD12301MD,diaria,Tasas de interés - Tasa de Referencia de la Política Monetaria,02.Mar.22,3.5
tasa_referencia,PD12301MD,diaria,Tasas de interés - Tasa de Referencia de la Política Monetaria,03.Mar.22,3.5
tasa_referencia,PD12301MD,diaria,Tasas de interés - Tasa de Referencia de la Política Monetaria,04.Mar.22,3.5
tasa_referencia,PD12301MD,diaria,Tasas de interés - Tasa de Referencia de la Política Monetaria,07.Mar.22,3.5
tasa_referencia,PD12301MD,diaria,Tasas de interés - Tasa de Referencia de la Política Monetaria,08.Mar.22,3.5
tasa_referencia,PD12301MD,diaria,Tasas de interés - Tasa de Referencia de la Política Monetaria,09.Mar.22,3.5
tasa_referencia,PD12301MD,diaria,Tasas de interés - Tasa de Referencia de la Política Monetaria,10.Mar.22,3.5
tasa_referencia,PD12301MD,diaria,Tasas de interés - Tasa de Referencia de la Política Monetaria,11.Mar.22,4
tasa_referencia,PD12301MD,diaria,Tasas de interés - Tasa de Referencia de la Política Monetaria,14.Mar.22,4
tasa_referencia,PD12301MD,diaria,Tasas de interés - Tasa de Referencia de la Política Monetaria,15.Mar.22,4
tasa_referencia,PD12301MD,diaria,Tasas de interés - Tasa de Referencia de la Política Monetaria,16.Mar.22,4
tasa_referencia,PD12301MD,diaria,Tasas de interés - Tasa de Referencia de la Política Monetaria,17.Mar.22,4
tasa_referencia,PD12301MD,diaria,Tasas de interés - Tasa de Referencia de la Política Monetaria,18.Mar.22,4
tasa_referencia,PD12301MD,diaria,Tasas de interés - Tasa de Referencia de la Política Monetaria,21.Mar.22,4
tasa_referencia,PD12301MD,diaria,Tasas de interés - Tasa de Referencia de la Política Monetaria,22.Mar.22,4
tasa_referencia,PD12301MD,diaria,Tasas de interés - Tasa de Referencia de la Política Monetaria,23.Mar.22,4
tasa_referencia,PD12301MD,diaria,Tasas de interés - Tasa de Referencia de la Política Monetaria,24.Mar.22,4
tasa_referencia,PD12301MD,diaria,Tasas de interés - Tasa de Referencia de la Política Monetaria,25.Mar.22,4
tasa_referencia,PD12301MD,diaria,Tasas de interés - Tasa de Referencia de la Política Monetaria,28.Mar.22,4
tasa_referencia,PD12301MD,diaria,Tasas de interés - Tasa de Referencia de la Política Monetaria,29.Mar.22,4
tasa_referencia,PD12301MD,diaria,Tasas de interés - Tasa de Referencia de la Política Monetaria,30.Mar.22,4
tasa_referencia,PD12301MD,diaria,Tasas de interés - Tasa de Referencia de la Política Monetaria,31.Mar.22,4
tasa_referencia,PD12301MD,diaria,Tasas de interés - Tasa de Referencia de la Política Monetaria,01.Abr.22,4
tasa_referencia,PD12301MD,diaria,Tasas de interés - Tasa de Referencia de la Política Monetaria,04.Abr.22,4
tasa_referencia,PD12301MD,diaria,Tasas de interés - Tasa de Referencia de la Política Monetaria,05.Abr.22,4
tasa_referencia,PD12301MD,diaria,Tasas de interés - Tasa de Referencia de la Política Monetaria,06.Abr.22,4
tasa_referencia,PD12301MD,diaria,Tasas de interés - Tasa de Referencia de la Política Monetaria,07.Abr.22,4
tasa_referencia,PD12301MD,diaria,Tasas de interés - Tasa de Referencia de la Política Monetaria,08.Abr.22,4.5
tasa_referencia,PD12301MD,diaria,Tasas de interés - Tasa de Referencia de la Política Monetaria,11.Abr.22,4.5
tasa_referencia,PD12301MD,diaria,Tasas de interés - Tasa de Referencia de la Política Monetaria,12.Abr.22,4.5
tasa_referencia,PD12301MD,diaria,Tasas de interés - Tasa de Referencia de la Política Monetaria,13.Abr.22,4.5
tasa_referencia,PD12301MD,diaria,Tasas de interés - Tasa de Referencia de la Política Monetaria,14.Abr.22,n.d.
tasa_referencia,PD12301MD,diaria,Tasas de interés - Tasa de Referencia de la Política Monetaria,15.Abr.22,n.d.
tasa_referencia,PD12301MD,diaria,Tasas de interés - Tasa de Referencia de la Política Monetaria,18.Abr.22,4.5
tasa_referencia,PD12301MD,diaria,Tasas de interés - Tasa de Referencia de la Política Monetaria,19.Abr.22,4.5
tasa_referencia,PD12301MD,diaria,Tasas de interés - Tasa de Referencia de la Política Monetaria,20.Abr.22,4.5
tasa_referencia,PD12301MD,diaria,Tasas de interés - Tasa de Referencia de la Política Monetaria,21.Abr.22,4.5
tasa_referencia,PD12301MD,diaria,Tasas de interés - Tasa de Referencia de la Política Monetaria,22.Abr.22,4.5
tasa_referencia,PD12301MD,diaria,Tasas de interés - Tasa de Referencia de la Política Monetaria,25.Abr.22,4.5
tasa_referencia,PD12301MD,diaria,Tasas de interés - Tasa de Referencia de la Política Monetaria,26.Abr.22,4.5
tasa_referencia,PD12301MD,diaria,Tasas de interés - Tasa de Referencia de la Política Monetaria,27.Abr.22,4.5
tasa_referencia,PD12301MD,diaria,Tasas de interés - Tasa de Referencia de la Política Monetaria,28.Abr.22,4.5
tasa_referencia,PD12301MD,diaria,Tasas de interés - Tasa de Referencia de la Política Monetaria,29.Abr.22,4.5
tasa_referencia,PD12301MD,diaria,Tasas de interés - Tasa de Referencia de la Política Monetaria,02.May.22,4.5
tasa_referencia,PD12301MD,diaria,Tasas de interés - Tasa de Referencia de la Política Monetaria,03.May.22,4.5
tasa_referencia,PD12301MD,diaria,Tasas de interés - Tasa de Referencia de la Política Monetaria,04.May.22,4.5
tasa_referencia,PD12301MD,diaria,Tasas de interés - Tasa de Referencia de la Política Monetaria,05.May.22,4.5
tasa_referencia,PD12301MD,diaria,Tasas de interés - Tasa de Referencia de la Política Monetaria,06.May.22,4.5
tasa_referencia,PD12301MD,diaria,Tasas de interés - Tasa de Referencia de la Política Monetaria,09.May.22,4.5
tasa_referencia,PD12301MD,diaria,Tasas de interés - Tasa de Referencia de la Política Monetaria,10.May.22,4.5
tasa_referencia,PD12301MD,diaria,Tasas de interés - Tasa de Referencia de la Política Monetaria,11.May.22,4.5
tasa_referencia,PD12301MD,diaria,Tasas de interés - Tasa de Referencia de la Política Monetaria,12.May.22,4.5
tasa_referencia,PD12301MD,diaria,Tasas de interés - Tasa de Referencia de la Política Monetaria,13.May.22,5
tasa_referencia,PD12301MD,diaria,Tasas de interés - Tasa de Referencia de la Política Monetaria,16.May.22,5
tasa_referencia,PD12301MD,diaria,Tasas de interés - Tasa de Referencia de la Política Monetaria,17.May.22,5
tasa_referencia,PD12301MD,diaria,Tasas de interés - Tasa de Referencia de la Política Monetaria,18.May.22,5
tasa_referencia,PD12301MD,diaria,Tasas de interés - Tasa de Referencia de la Política Monetaria,19.May.22,5
tasa_referencia,PD12301MD,diaria,Tasas de interés - Tasa de Referencia de la Política Monetaria,20.May.22,5
tasa_referencia,PD12301MD,diaria,Tasas de interés - Tasa de Referencia de la Política Monetaria,23.May.22,5
tasa_referencia,PD12301MD,diaria,Tasas de interés - Tasa de Referencia de la Política Monetaria,24.May.22,5
tasa_referencia,PD12301MD,diaria,Tasas de interés - Tasa de Referencia de la Política Monetaria,25.May.22,5
tasa_referencia,PD12301MD,diaria,Tasas de interés - Tasa de Referencia de la Política Monetaria,26.May.22,5
tasa_referencia,PD12301MD,diaria,Tasas de interés - Tasa de Referencia de la Política Monetaria,27.May.22,5
tasa_referencia,PD12301MD,diaria,Tasas de interés - Tasa de Referencia de la Política Monetaria,30.May.22,5
tasa_referencia,PD12301MD,diaria,Tasas de interés - Tasa de Referencia de la Política Monetaria,31.May.22,5
tasa_referencia,PD12301MD,diaria,Tasas de interés - Tasa de Referencia de la Política Monetaria,01.Jun.22,5
tasa_referencia,PD12301MD,diaria,Tasas de interés - Tasa de Referencia de la Política Monetaria,02.Jun.22,5
tasa_referencia,PD12301MD,diaria,Tasas de interés - Tasa de Referencia de la Política Monetaria,03.Jun.22,5
tasa_referencia,PD12301MD,diaria,Tasas de interés - Tasa de Referencia de la Política Monetaria,06.Jun.22,5
tasa_referencia,PD12301MD,diaria,Tasas de interés - Tasa de Referencia de la Política Monetaria,07.Jun.22,5
tasa_referencia,PD12301MD,diaria,Tasas de interés - Tasa de Referencia de la Política Monetaria,08.Jun.22,5
tasa_referencia,PD12301MD,diaria,Tasas de interés - Tasa de Referencia de la Política Monetaria,09.Jun.22,5
tasa_referencia,PD12301MD,diaria,Tasas de interés - Tasa de Referencia de la Política Monetaria,10.Jun.22,5.5
tasa_referencia,PD12301MD,diaria,Tasas de interés - Tasa de Referencia de la Política Monetaria,13.Jun.22,5.5
tasa_referencia,PD12301MD,diaria,Tasas de interés - Tasa de Referencia de la Política Monetaria,14.Jun.22,5.5
tasa_referencia,PD12301MD,diaria,Tasas de interés - Tasa de Referencia de la Política Monetaria,15.Jun.22,5.5
tasa_referencia,PD12301MD,diaria,Tasas de interés - Tasa de Referencia de la Política Monetaria,16.Jun.22,5.5
tasa_referencia,PD12301MD,diaria,Tasas de interés - Tasa de Referencia de la Política Monetaria,17.Jun.22,5.5
tasa_referencia,PD12301MD,diaria,Tasas de interés - Tasa de Referencia de la Política Monetaria,20.Jun.22,5.5
tasa_referencia,PD12301MD,diaria,Tasas de interés - Tasa de Referencia de la Política Monetaria,21.Jun.22,5.5
tasa_referencia,PD12301MD,diaria,Tasas de interés - Tasa de Referencia de la Política Monetaria,22.Jun.22,5.5
tasa_referencia,PD12301MD,diaria,Tasas de interés - Tasa de Referencia de la Política Monetaria,23.Jun.22,5.5
tasa_referencia,PD12301MD,diaria,Tasas de interés - Tasa de Referencia de la Política Monetaria,24.Jun.22,5.5
tasa_referencia,PD12301MD,diaria,Tasas de interés - Tasa de Referencia de la Política Monetaria,27.Jun.22,5.5
tasa_referencia,PD12301MD,diaria,Tasas de interés - Tasa de Referencia de la Política Monetaria,28.Jun.22,5.5
tasa_referencia,PD12301MD,diaria,Tasas de interés - Tasa de Referencia de la Política Monetaria,29.Jun.22,n.d.
tasa_referencia,PD12301MD,diaria,Tasas de interés - Tasa de Referencia de la Política Monetaria,30.Jun.22,5.5
tasa_referencia,PD12301MD,diaria,Tasas de interés - Tasa de Referencia de la Política Monetaria,01.Jul.22,5.5
tasa_referencia,PD12301MD,diaria,Tasas de interés - Tasa de Referencia de la Política Monetaria,04.Jul.22,5.5
tasa_referencia,PD12301MD,diaria,Tasas de interés - Tasa de Referencia de la Política Monetaria,05.Jul.22,5.5
tasa_referencia,PD12301MD,diaria,Tasas de interés - Tasa de Referencia de la Política Monetaria,06.Jul.22,5.5
tasa_referencia,PD12301MD,diaria,Tasas de interés - Tasa de Referencia de la Política Monetaria,07.Jul.22,5.5
tasa_referencia,PD12301MD,diaria,Tasas de interés - Tasa de Referencia de la Política Monetaria,08.Jul.22,6
tasa_referencia,PD12301MD,diaria,Tasas de interés - Tasa de Referencia de la Política Monetaria,11.Jul.22,6
tasa_referencia,PD12301MD,diaria,Tasas de interés - Tasa de Referencia de la Política Monetaria,12.Jul.22,6
tasa_referencia,PD12301MD,diaria,Tasas de interés - Tasa de Referencia de la Política Monetaria,13.Jul.22,6
tasa_referencia,PD12301MD,diaria,Tasas de interés - Tasa de Referencia de la Política Monetaria,14.Jul.22,6
tasa_referencia,PD12301MD,diaria,Tasas de interés - Tasa de Referencia de la Política Monetaria,15.Jul.22,6
tasa_referencia,PD12301MD,diaria,Tasas de interés - Tasa de Referencia de la Política Monetaria,18.Jul.22,6
tasa_referencia,PD12301MD,diaria,Tasas de interés - Tasa de Referencia de la Política Monetaria,19.Jul.22,6
tasa_referencia,PD12301MD,diaria,Tasas de interés - Tasa de Referencia de la Política Monetaria,20.Jul.22,6
tasa_referencia,PD12301MD,diaria,Tasas de interés - Tasa de Referencia de la Política Monetaria,21.Jul.22,6
tasa_referencia,PD12301MD,diaria,Tasas de interés - Tasa de Referencia de la Política Monetaria,22.Jul.22,6
tasa_referencia,PD12301MD,diaria,Tasas de interés - Tasa de Referencia de la Política Monetaria,25.Jul.22,6
tasa_referencia,PD12301MD,diaria,Tasas de interés - Tasa de Referencia de la Política Monetaria,26.Jul.22,6
tasa_referencia,PD12301MD,diaria,Tasas de interés - Tasa de Referencia de la Política Monetaria,27.Jul.22,6
tasa_referencia,PD12301MD,diaria,Tasas de interés - Tasa de Referencia de la Política Monetaria,28.Jul.22,n.d.
tasa_referencia,PD12301MD,diaria,Tasas de interés - Tasa de Referencia de la Política Monetaria,29.Jul.22,n.d.
tasa_referencia,PD12301MD,diaria,Tasas de interés - Tasa de Referencia de la Política Monetaria,01.Ago.22,6
tasa_referencia,PD12301MD,diaria,Tasas de interés - Tasa de Referencia de la Política Monetaria,02.Ago.22,6
tasa_referencia,PD12301MD,diaria,Tasas de interés - Tasa de Referencia de la Política Monetaria,03.Ago.22,6
tasa_referencia,PD12301MD,diaria,Tasas de interés - Tasa de Referencia de la Política Monetaria,04.Ago.22,6
tasa_referencia,PD12301MD,diaria,Tasas de interés - Tasa de Referencia de la Política Monetaria,05.Ago.22,6
tasa_referencia,PD12301MD,diaria,Tasas de interés - Tasa de Referencia de la Política Monetaria,08.Ago.22,6
tasa_referencia,PD12301MD,diaria,Tasas de interés - Tasa de Referencia de la Política Monetaria,09.Ago.22,6
tasa_referencia,PD12301MD,diaria,Tasas de interés - Tasa de Referencia de la Política Monetaria,10.Ago.22,6
tasa_referencia,PD12301MD,diaria,Tasas de interés - Tasa de Referencia de la Política Monetaria,11.Ago.22,6
tasa_referencia,PD12301MD,diaria,Tasas de interés - Tasa de Referencia de la Política Monetaria,12.Ago.22,6.5
tasa_referencia,PD12301MD,diaria,Tasas de interés - Tasa de Referencia de la Política Monetaria,15.Ago.22,6.5
tasa_referencia,PD12301MD,diaria,Tasas de interés - Tasa de Referencia de la Política Monetaria,16.Ago.22,6.5
tasa_referencia,PD12301MD,diaria,Tasas de interés - Tasa de Referencia de la Política Monetaria,17.Ago.22,6.5
tasa_referencia,PD12301MD,diaria,Tasas de interés - Tasa de Referencia de la Política Monetaria,18.Ago.22,6.5
tasa_referencia,PD12301MD,diaria,Tasas de interés - Tasa de Referencia de la Política Monetaria,19.Ago.22,6.5
tasa_referencia,PD12301MD,diaria,Tasas de interés - Tasa de Referencia de la Política Monetaria,22.Ago.22,6.5
tasa_referencia,PD12301MD,diaria,Tasas de interés - Tasa de Referencia de la Política Monetaria,23.Ago.22,6.5
tasa_referencia,PD12301MD,diaria,Tasas de interés - Tasa de Referencia de la Política Monetaria,24.Ago.22,6.5
tasa_referencia,PD12301MD,diaria,Tasas de interés - Tasa de Referencia de la Política Monetaria,25.Ago.22,6.5
tasa_referencia,PD12301MD,diaria,Tasas de interés - Tasa de Referencia de la Política Monetaria,26.Ago.22,6.5
tasa_referencia,PD12301MD,diaria,Tasas de interés - Tasa de Referencia de la Política Monetaria,29.Ago.22,6.5
tasa_referencia,PD12301MD,diaria,Tasas de interés - Tasa de Referencia de la Política Monetaria,30.Ago.22,n.d.
tasa_referencia,PD12301MD,diaria,Tasas de interés - Tasa de Referencia de la Política Monetaria,31.Ago.22,6.5
tasa_referencia,PD12301MD,diaria,Tasas de interés - Tasa de Referencia de la Política Monetaria,01.Set.22,6.5
tasa_referencia,PD12301MD,diaria,Tasas de interés - Tasa de Referencia de la Política Monetaria,02.Set.22,6.5
tasa_referencia,PD12301MD,diaria,Tasas de interés - Tasa de Referencia de la Política Monetaria,05.Set.22,6.5
tasa_referencia,PD12301MD,diaria,Tasas de interés - Tasa de Referencia de la Política Monetaria,06.Set.22,6.5
tasa_referencia,PD12301MD,diaria,Tasas de interés - Tasa de Referencia de la Política Monetaria,07.Set.22,6.5
tasa_referencia,PD12301MD,diaria,Tasas de interés - Tasa de Referencia de la Política Monetaria,08.Set.22,6.5
tasa_referencia,PD12301MD,diaria,Tasas de interés - Tasa de Referencia de la Política Monetaria,09.Set.22,6.75
tasa_referencia,PD12301MD,diaria,Tasas de interés - Tasa de Referencia de la Política Monetaria,12.Set.22,6.75
tasa_referencia,PD12301MD,diaria,Tasas de interés - Tasa de Referencia de la Política Monetaria,13.Set.22,6.75
tasa_referencia,PD12301MD,diaria,Tasas de interés - Tasa de Referencia de la Política Monetaria,14.Set.22,6.75
tasa_referencia,PD12301MD,diaria,Tasas de interés - Tasa de Referencia de la Política Monetaria,15.Set.22,6.75
tasa_referencia,PD12301MD,diaria,Tasas de interés - Tasa de Referencia de la Política Monetaria,16.Set.22,6.75
tasa_referencia,PD12301MD,diaria,Tasas de interés - Tasa de Referencia de la Política Monetaria,19.Set.22,6.75
tasa_referencia,PD12301MD,diaria,Tasas de interés - Tasa de Referencia de la Política Monetaria,20.Set.22,6.75
tasa_referencia,PD12301MD,diaria,Tasas de interés - Tasa de Referencia de la Política Monetaria,21.Set.22,6.75
tasa_referencia,PD12301MD,diaria,Tasas de interés - Tasa de Referencia de la Política Monetaria,22.Set.22,6.75
tasa_referencia,PD12301MD,diaria,Tasas de interés - Tasa de Referencia de la Política Monetaria,23.Set.22,6.75
tasa_referencia,PD12301MD,diaria,Tasas de interés - Tasa de Referencia de la Política Monetaria,26.Set.22,6.75
tasa_referencia,PD12301MD,diaria,Tasas de interés - Tasa de Referencia de la Política Monetaria,27.Set.22,6.75
tasa_referencia,PD12301MD,diaria,Tasas de interés - Tasa de Referencia de la Política Monetaria,28.Set.22,6.75
tasa_referencia,PD12301MD,diaria,Tasas de interés - Tasa de Referencia de la Política Monetaria,29.Set.22,6.75
tasa_referencia,PD12301MD,diaria,Tasas de interés - Tasa de Referencia de la Política Monetaria,30.Set.22,6.75
tasa_referencia,PD12301MD,diaria,Tasas de interés - Tasa de Referencia de la Política Monetaria,03.Oct.22,6.75
tasa_referencia,PD12301MD,diaria,Tasas de interés - Tasa de Referencia de la Política Monetaria,04.Oct.22,6.75
tasa_referencia,PD12301MD,diaria,Tasas de interés - Tasa de Referencia de la Política Monetaria,05.Oct.22,6.75
tasa_referencia,PD12301MD,diaria,Tasas de interés - Tasa de Referencia de la Política Monetaria,06.Oct.22,6.75
tasa_referencia,PD12301MD,diaria,Tasas de interés - Tasa de Referencia de la Política Monetaria,07.Oct.22,7
tasa_referencia,PD12301MD,diaria,Tasas de interés - Tasa de Referencia de la Política Monetaria,10.Oct.22,7
tasa_referencia,PD12301MD,diaria,Tasas de interés - Tasa de Referencia de la Política Monetaria,11.Oct.22,7
tasa_referencia,PD12301MD,diaria,Tasas de interés - Tasa de Referencia de la Política Monetaria,12.Oct.22,7
tasa_referencia,PD12301MD,diaria,Tasas de interés - Tasa de Referencia de la Política Monetaria,13.Oct.22,7
tasa_referencia,PD12301MD,diaria,Tasas de interés - Tasa de Referencia de la Política Monetaria,14.Oct.22,7
tasa_referencia,PD12301MD,diaria,Tasas de interés - Tasa de Referencia de la Política Monetaria,17.Oct.22,7
tasa_referencia,PD12301MD,diaria,Tasas de interés - Tasa de Referencia de la Política Monetaria,18.Oct.22,7
tasa_referencia,PD12301MD,diaria,Tasas de interés - Tasa de Referencia de la Política Monetaria,19.Oct.22,7
tasa_referencia,PD12301MD,diaria,Tasas de interés - Tasa de Referencia de la Política Monetaria,20.Oct.22,7
tasa_referencia,PD12301MD,diaria,Tasas de interés - Tasa de Referencia de la Política Monetaria,21.Oct.22,7
tasa_referencia,PD12301MD,diaria,Tasas de interés - Tasa de Referencia de la Política Monetaria,24.Oct.22,7
tasa_referencia,PD12301MD,diaria,Tasas de interés - Tasa de Referencia de la Política Monetaria,25.Oct.22,7
tasa_referencia,PD12301MD,diaria,Tasas de interés - Tasa de Referencia de la Política Monetaria,26.Oct.22,7
tasa_referencia,PD12301MD,diaria,Tasas de interés - Tasa de Referencia de la Política Monetaria,27.Oct.22,7
tasa_referencia,PD12301MD,diaria,Tasas de interés - Tasa de Referencia de la Política Monetaria,28.Oct.22,7
tasa_referencia,PD12301MD,diaria,Tasas de interés - Tasa de Referencia de la Política Monetaria,31.Oct.22,7
tasa_referencia,PD12301MD,diaria,Tasas de interés - Tasa de Referencia de la Política Monetaria,01.Nov.22,7
tasa_referencia,PD12301MD,diaria,Tasas de interés - Tasa de Referencia de la Política Monetaria,02.Nov.22,7
tasa_referencia,PD12301MD,diaria,Tasas de interés - Tasa de Referencia de la Política Monetaria,03.Nov.22,7
tasa_referencia,PD12301MD,diaria,Tasas de interés - Tasa de Referencia de la Política Monetaria,04.Nov.22,7
tasa_referencia,PD12301MD,diaria,Tasas de interés - Tasa de Referencia de la Política Monetaria,07.Nov.22,7
tasa_referencia,PD12301MD,diaria,Tasas de interés - Tasa de Referencia de la Política Monetaria,08.Nov.22,7
tasa_referencia,PD12301MD,diaria,Tasas de interés - Tasa de Referencia de la Política Monetaria,09.Nov.22,7
tasa_referencia,PD12301MD,diaria,Tasas de interés - Tasa de Referencia de la Política Monetaria,10.Nov.22,7
tasa_referencia,PD12301MD,diaria,Tasas de interés - Tasa de Referencia de la Política Monetaria,11.Nov.22,7.25
tasa_referencia,PD12301MD,diaria,Tasas de interés - Tasa de Referencia de la Política Monetaria,14.Nov.22,7.25
tasa_referencia,PD12301MD,diaria,Tasas de interés - Tasa de Referencia de la Política Monetaria,15.Nov.22,7.25
tasa_referencia,PD12301MD,diaria,Tasas de interés - Tasa de Referencia de la Política Monetaria,16.Nov.22,7.25
tasa_referencia,PD12301MD,diaria,Tasas de interés - Tasa de Referencia de la Política Monetaria,17.Nov.22,7.25
tasa_referencia,PD12301MD,diaria,Tasas de interés - Tasa de Referencia de la Política Monetaria,18.Nov.22,7.25
tasa_referencia,PD12301MD,diaria,Tasas de interés - Tasa de Referencia de la Política Monetaria,21.Nov.22,7.25
tasa_referencia,PD12301MD,diaria,Tasas de interés - Tasa de Referencia de la Política Monetaria,22.Nov.22,7.25
tasa_referencia,PD12301MD,diaria,Tasas de interés - Tasa de Referencia de la Política Monetaria,23.Nov.22,7.25
tasa_referencia,PD12301MD,diaria,Tasas de interés - Tasa de Referencia de la Política Monetaria,24.Nov.22,7.25
tasa_referencia,PD12301MD,diaria,Tasas de interés - Tasa de Referencia de la Política Monetaria,25.Nov.22,7.25
tasa_referencia,PD12301MD,diaria,Tasas de interés - Tasa de Referencia de la Política Monetaria,28.Nov.22,7.25
tasa_referencia,PD12301MD,diaria,Tasas de interés - Tasa de Referencia de la Política Monetaria,29.Nov.22,7.25
tasa_referencia,PD12301MD,diaria,Tasas de interés - Tasa de Referencia de la Política Monetaria,30.Nov.22,7.25
tasa_referencia,PD12301MD,diaria,Tasas de interés - Tasa de Referencia de la Política Monetaria,01.Dic.22,7.25
tasa_referencia,PD12301MD,diaria,Tasas de interés - Tasa de Referencia de la Política Monetaria,02.Dic.22,7.25
tasa_referencia,PD12301MD,diaria,Tasas de interés - Tasa de Referencia de la Política Monetaria,05.Dic.22,7.25
tasa_referencia,PD12301MD,diaria,Tasas de interés - Tasa de Referencia de la Política Monetaria,06.Dic.22,7.25
tasa_referencia,PD12301MD,diaria,Tasas de interés - Tasa de Referencia de la Política Monetaria,07.Dic.22,7.25
tasa_referencia,PD12301MD,diaria,Tasas de interés - Tasa de Referencia de la Política Monetaria,08.Dic.22,n.d.
tasa_referencia,PD12301MD,diaria,Tasas de interés - Tasa de Referencia de la Política Monetaria,09.Dic.22,n.d.
tasa_referencia,PD12301MD,diaria,Tasas de interés - Tasa de Referencia de la Política Monetaria,12.Dic.22,7.5
tasa_referencia,PD12301MD,diaria,Tasas de interés - Tasa de Referencia de la Política Monetaria,13.Dic.22,7.5
tasa_referencia,PD12301MD,diaria,Tasas de interés - Tasa de Referencia de la Política Monetaria,14.Dic.22,7.5
tasa_referencia,PD12301MD,diaria,Tasas de interés - Tasa de Referencia de la Política Monetaria,15.Dic.22,7.5
tasa_referencia,PD12301MD,diaria,Tasas de interés - Tasa de Referencia de la Política Monetaria,16.Dic.22,7.5
tasa_referencia,PD12301MD,diaria,Tasas de interés - Tasa de Referencia de la Política Monetaria,19.Dic.22,7.5
tasa_referencia,PD12301MD,diaria,Tasas de interés - Tasa de Referencia de la Política Monetaria,20.Dic.22,7.5
tasa_referencia,PD12301MD,diaria,Tasas de interés - Tasa de Referencia de la Política Monetaria,21.Dic.22,7.5
tasa_referencia,PD12301MD,diaria,Tasas de interés - Tasa de Referencia de la Política Monetaria,22.Dic.22,7.5
tasa_referencia,PD12301MD,diaria,Tasas de interés - Tasa de Referencia de la Política Monetaria,23.Dic.22,7.5
tasa_referencia,PD12301MD,diaria,Tasas de interés - Tasa de Referencia de la Política Monetaria,26.Dic.22,7.5
tasa_referencia,PD12301MD,diaria,Tasas de interés - Tasa de Referencia de la Política Monetaria,27.Dic.22,7.5
tasa_referencia,PD12301MD,diaria,Tasas de interés - Tasa de Referencia de la Política Monetaria,28.Dic.22,7.5
tasa_referencia,PD12301MD,diaria,Tasas de interés - Tasa de Referencia de la Política Monetaria,29.Dic.22,7.5
tasa_referencia,PD12301MD,diaria,Tasas de interés - Tasa de Referencia de la Política Monetaria,30.Dic.22,7.5
tasa_referencia,PD12301MD,diaria,Tasas de interés - Tasa de Referencia de la Política Monetaria,02.Ene.23,n.d.
tasa_referencia,PD12301MD,diaria,Tasas de interés - Tasa de Referencia de la Política Monetaria,03.Ene.23,7.5
tasa_referencia,PD12301MD,diaria,Tasas de interés - Tasa de Referencia de la Política Monetaria,04.Ene.23,7.5
tasa_referencia,PD12301MD,diaria,Tasas de interés - Tasa de Referencia de la Política Monetaria,05.Ene.23,7.5
tasa_referencia,PD12301MD,diaria,Tasas de interés - Tasa de Referencia de la Política Monetaria,06.Ene.23,7.5
tasa_referencia,PD12301MD,diaria,Tasas de interés - Tasa de Referencia de la Política Monetaria,09.Ene.23,7.5
tasa_referencia,PD12301MD,diaria,Tasas de interés - Tasa de Referencia de la Política Monetaria,10.Ene.23,7.5
tasa_referencia,PD12301MD,diaria,Tasas de interés - Tasa de Referencia de la Política Monetaria,11.Ene.23,7.5
tasa_referencia,PD12301MD,diaria,Tasas de interés - Tasa de Referencia de la Política Monetaria,12.Ene.23,7.5
tasa_referencia,PD12301MD,diaria,Tasas de interés - Tasa de Referencia de la Política Monetaria,13.Ene.23,7.75
tasa_referencia,PD12301MD,diaria,Tasas de interés - Tasa de Referencia de la Política Monetaria,16.Ene.23,7.75
tasa_referencia,PD12301MD,diaria,Tasas de interés - Tasa de Referencia de la Política Monetaria,17.Ene.23,7.75
tasa_referencia,PD12301MD,diaria,Tasas de interés - Tasa de Referencia de la Política Monetaria,18.Ene.23,7.75
tasa_referencia,PD12301MD,diaria,Tasas de interés - Tasa de Referencia de la Política Monetaria,19.Ene.23,7.75
tasa_referencia,PD12301MD,diaria,Tasas de interés - Tasa de Referencia de la Política Monetaria,20.Ene.23,7.75
tasa_referencia,PD12301MD,diaria,Tasas de interés - Tasa de Referencia de la Política Monetaria,23.Ene.23,7.75
tasa_referencia,PD12301MD,diaria,Tasas de interés - Tasa de Referencia de la Política Monetaria,24.Ene.23,7.75
tasa_referencia,PD12301MD,diaria,Tasas de interés - Tasa de Referencia de la Política Monetaria,25.Ene.23,7.75
tasa_referencia,PD12301MD,diaria,Tasas de interés - Tasa de Referencia de la Política Monetaria,26.Ene.23,7.75
tasa_referencia,PD12301MD,diaria,Tasas de interés - Tasa de Referencia de la Política Monetaria,27.Ene.23,7.75
tasa_referencia,PD12301MD,diaria,Tasas de interés - Tasa de Referencia de la Política Monetaria,30.Ene.23,7.75
tasa_referencia,PD12301MD,diaria,Tasas de interés - Tasa de Referencia de la Política Monetaria,31.Ene.23,7.75
tasa_referencia,PD12301MD,diaria,Tasas de interés - Tasa de Referencia de la Política Monetaria,01.Feb.23,7.75
tasa_referencia,PD12301MD,diaria,Tasas de interés - Tasa de Referencia de la Política Monetaria,02.Feb.23,7.75
tasa_referencia,PD12301MD,diaria,Tasas de interés - Tasa de Referencia de la Política Monetaria,03.Feb.23,7.75
tasa_referencia,PD12301MD,diaria,Tasas de interés - Tasa de Referencia de la Política Monetaria,06.Feb.23,7.75
tasa_referencia,PD12301MD,diaria,Tasas de interés - Tasa de Referencia de la Política Monetaria,07.Feb.23,7.75
tasa_referencia,PD12301MD,diaria,Tasas de interés - Tasa de Referencia de la Política Monetaria,08.Feb.23,7.75
tasa_referencia,PD12301MD,diaria,Tasas de interés - Tasa de Referencia de la Política Monetaria,09.Feb.23,7.75
tasa_referencia,PD12301MD,diaria,Tasas de interés - Tasa de Referencia de la Política Monetaria,10.Feb.23,7.75
tasa_referencia,PD12301MD,diaria,Tasas de interés - Tasa de Referencia de la Política Monetaria,13.Feb.23,7.75
tasa_referencia,PD12301MD,diaria,Tasas de interés - Tasa de Referencia de la Política Monetaria,14.Feb.23,7.75
tasa_referencia,PD12301MD,diaria,Tasas de interés - Tasa de Referencia de la Política Monetaria,15.Feb.23,7.75
tasa_referencia,PD12301MD,diaria,Tasas de interés - Tasa de Referencia de la Política Monetaria,16.Feb.23,7.75
tasa_referencia,PD12301MD,diaria,Tasas de interés - Tasa de Referencia de la Política Monetaria,17.Feb.23,7.75
tasa_referencia,PD12301MD,diaria,Tasas de interés - Tasa de Referencia de la Política Monetaria,20.Feb.23,7.75
tasa_referencia,PD12301MD,diaria,Tasas de interés - Tasa de Referencia de la Política Monetaria,21.Feb.23,7.75
tasa_referencia,PD12301MD,diaria,Tasas de interés - Tasa de Referencia de la Política Monetaria,22.Feb.23,7.75
tasa_referencia,PD12301MD,diaria,Tasas de interés - Tasa de Referencia de la Política Monetaria,23.Feb.23,7.75
tasa_referencia,PD12301MD,diaria,Tasas de interés - Tasa de Referencia de la Política Monetaria,24.Feb.23,7.75
tasa_referencia,PD12301MD,diaria,Tasas de interés - Tasa de Referencia de la Política Monetaria,27.Feb.23,7.75
tasa_referencia,PD12301MD,diaria,Tasas de interés - Tasa de Referencia de la Política Monetaria,28.Feb.23,7.75
tasa_referencia,PD12301MD,diaria,Tasas de interés - Tasa de Referencia de la Política Monetaria,01.Mar.23,7.75
tasa_referencia,PD12301MD,diaria,Tasas de interés - Tasa de Referencia de la Política Monetaria,02.Mar.23,7.75
tasa_referencia,PD12301MD,diaria,Tasas de interés - Tasa de Referencia de la Política Monetaria,03.Mar.23,7.75
tasa_referencia,PD12301MD,diaria,Tasas de interés - Tasa de Referencia de la Política Monetaria,06.Mar.23,7.75
tasa_referencia,PD12301MD,diaria,Tasas de interés - Tasa de Referencia de la Política Monetaria,07.Mar.23,7.75
tasa_referencia,PD12301MD,diaria,Tasas de interés - Tasa de Referencia de la Política Monetaria,08.Mar.23,7.75
tasa_referencia,PD12301MD,diaria,Tasas de interés - Tasa de Referencia de la Política Monetaria,09.Mar.23,7.75
tasa_referencia,PD12301MD,diaria,Tasas de interés - Tasa de Referencia de la Política Monetaria,10.Mar.23,7.75
tasa_referencia,PD12301MD,diaria,Tasas de interés - Tasa de Referencia de la Política Monetaria,13.Mar.23,7.75
tasa_referencia,PD12301MD,diaria,Tasas de interés - Tasa de Referencia de la Política Monetaria,14.Mar.23,7.75
tasa_referencia,PD12301MD,diaria,Tasas de interés - Tasa de Referencia de la Política Monetaria,15.Mar.23,7.75
tasa_referencia,PD12301MD,diaria,Tasas de interés - Tasa de Referencia de la Política Monetaria,16.Mar.23,7.75
tasa_referencia,PD12301MD,diaria,Tasas de interés - Tasa de Referencia de la Política Monetaria,17.Mar.23,7.75
tasa_referencia,PD12301MD,diaria,Tasas de interés - Tasa de Referencia de la Política Monetaria,20.Mar.23,7.75
tasa_referencia,PD12301MD,diaria,Tasas de interés - Tasa de Referencia de la Política Monetaria,21.Mar.23,7.75
tasa_referencia,PD12301MD,diaria,Tasas de interés - Tasa de Referencia de la Política Monetaria,22.Mar.23,7.75
tasa_referencia,PD12301MD,diaria,Tasas de interés - Tasa de Referencia de la Política Monetaria,23.Mar.23,7.75
tasa_referencia,PD12301MD,diaria,Tasas de interés - Tasa de Referencia de la Política Monetaria,24.Mar.23,7.75
tasa_referencia,PD12301MD,diaria,Tasas de interés - Tasa de Referencia de la Política Monetaria,27.Mar.23,7.75
tasa_referencia,PD12301MD,diaria,Tasas de interés - Tasa de Referencia de la Política Monetaria,28.Mar.23,7.75
tasa_referencia,PD12301MD,diaria,Tasas de interés - Tasa de Referencia de la Política Monetaria,29.Mar.23,7.75
tasa_referencia,PD12301MD,diaria,Tasas de interés - Tasa de Referencia de la Política Monetaria,30.Mar.23,7.75
tasa_referencia,PD12301MD,diaria,Tasas de interés - Tasa de Referencia de la Política Monetaria,31.Mar.23,7.75
tasa_referencia,PD12301MD,diaria,Tasas de interés - Tasa de Referencia de la Política Monetaria,03.Abr.23,7.75
tasa_referencia,PD12301MD,diaria,Tasas de interés - Tasa de Referencia de la Política Monetaria,04.Abr.23,7.75
tasa_referencia,PD12301MD,diaria,Tasas de interés - Tasa de Referencia de la Política Monetaria,05.Abr.23,7.75
tasa_referencia,PD12301MD,diaria,Tasas de interés - Tasa de Referencia de la Política Monetaria,06.Abr.23,n.d.
tasa_referencia,PD12301MD,diaria,Tasas de interés - Tasa de Referencia de la Política Monetaria,07.Abr.23,n.d.
tasa_referencia,PD12301MD,diaria,Tasas de interés - Tasa de Referencia de la Política Monetaria,10.Abr.23,7.75
tasa_referencia,PD12301MD,diaria,Tasas de interés - Tasa de Referencia de la Política Monetaria,11.Abr.23,7.75
tasa_referencia,PD12301MD,diaria,Tasas de interés - Tasa de Referencia de la Política Monetaria,12.Abr.23,7.75
tasa_referencia,PD12301MD,diaria,Tasas de interés - Tasa de Referencia de la Política Monetaria,13.Abr.23,7.75
tasa_referencia,PD12301MD,diaria,Tasas de interés - Tasa de Referencia de la Política Monetaria,14.Abr.23,7.75
tasa_referencia,PD12301MD,diaria,Tasas de interés - Tasa de Referencia de la Política Monetaria,17.Abr.23,7.75
tasa_referencia,PD12301MD,diaria,Tasas de interés - Tasa de Referencia de la Política Monetaria,18.Abr.23,7.75
tasa_referencia,PD12301MD,diaria,Tasas de interés - Tasa de Referencia de la Política Monetaria,19.Abr.23,7.75
tasa_referencia,PD12301MD,diaria,Tasas de interés - Tasa de Referencia de la Política Monetaria,20.Abr.23,7.75
tasa_referencia,PD12301MD,diaria,Tasas de interés - Tasa de Referencia de la Política Monetaria,21.Abr.23,7.75
tasa_referencia,PD12301MD,diaria,Tasas de interés - Tasa de Referencia de la Política Monetaria,24.Abr.23,7.75
tasa_referencia,PD12301MD,diaria,Tasas de interés - Tasa de Referencia de la Política Monetaria,25.Abr.23,7.75
tasa_referencia,PD12301MD,diaria,Tasas de interés - Tasa de Referencia de la Política Monetaria,26.Abr.23,7.75
tasa_referencia,PD12301MD,diaria,Tasas de interés - Tasa de Referencia de la Política Monetaria,27.Abr.23,7.75
tasa_referencia,PD12301MD,diaria,Tasas de interés - Tasa de Referencia de la Política Monetaria,28.Abr.23,7.75
tasa_referencia,PD12301MD,diaria,Tasas de interés - Tasa de Referencia de la Política Monetaria,01.May.23,n.d.
tasa_referencia,PD12301MD,diaria,Tasas de interés - Tasa de Referencia de la Política Monetaria,02.May.23,7.75
tasa_referencia,PD12301MD,diaria,Tasas de interés - Tasa de Referencia de la Política Monetaria,03.May.23,7.75
tasa_referencia,PD12301MD,diaria,Tasas de interés - Tasa de Referencia de la Política Monetaria,04.May.23,7.75
tasa_referencia,PD12301MD,diaria,Tasas de interés - Tasa de Referencia de la Política Monetaria,05.May.23,7.75
tasa_referencia,PD12301MD,diaria,Tasas de interés - Tasa de Referencia de la Política Monetaria,08.May.23,7.75
tasa_referencia,PD12301MD,diaria,Tasas de interés - Tasa de Referencia de la Política Monetaria,09.May.23,7.75
tasa_referencia,PD12301MD,diaria,Tasas de interés - Tasa de Referencia de la Política Monetaria,10.May.23,7.75
tasa_referencia,PD12301MD,diaria,Tasas de interés - Tasa de Referencia de la Política Monetaria,11.May.23,7.75
tasa_referencia,PD12301MD,diaria,Tasas de interés - Tasa de Referencia de la Política Monetaria,12.May.23,7.75
tasa_referencia,PD12301MD,diaria,Tasas de interés - Tasa de Referencia de la Política Monetaria,15.May.23,7.75
tasa_referencia,PD12301MD,diaria,Tasas de interés - Tasa de Referencia de la Política Monetaria,16.May.23,7.75
tasa_referencia,PD12301MD,diaria,Tasas de interés - Tasa de Referencia de la Política Monetaria,17.May.23,7.75
tasa_referencia,PD12301MD,diaria,Tasas de interés - Tasa de Referencia de la Política Monetaria,18.May.23,7.75
tasa_referencia,PD12301MD,diaria,Tasas de interés - Tasa de Referencia de la Política Monetaria,19.May.23,7.75
tasa_referencia,PD12301MD,diaria,Tasas de interés - Tasa de Referencia de la Política Monetaria,22.May.23,7.75
tasa_referencia,PD12301MD,diaria,Tasas de interés - Tasa de Referencia de la Política Monetaria,23.May.23,7.75
tasa_referencia,PD12301MD,diaria,Tasas de interés - Tasa de Referencia de la Política Monetaria,24.May.23,7.75
tasa_referencia,PD12301MD,diaria,Tasas de interés - Tasa de Referencia de la Política Monetaria,25.May.23,7.75
tasa_referencia,PD12301MD,diaria,Tasas de interés - Tasa de Referencia de la Política Monetaria,26.May.23,7.75
tasa_referencia,PD12301MD,diaria,Tasas de interés - Tasa de Referencia de la Política Monetaria,29.May.23,7.75
tasa_referencia,PD12301MD,diaria,Tasas de interés - Tasa de Referencia de la Política Monetaria,30.May.23,7.75
tasa_referencia,PD12301MD,diaria,Tasas de interés - Tasa de Referencia de la Política Monetaria,31.May.23,7.75
tasa_referencia,PD12301MD,diaria,Tasas de interés - Tasa de Referencia de la Política Monetaria,01.Jun.23,7.75
tasa_referencia,PD12301MD,diaria,Tasas de interés - Tasa de Referencia de la Política Monetaria,02.Jun.23,7.75
tasa_referencia,PD12301MD,diaria,Tasas de interés - Tasa de Referencia de la Política Monetaria,05.Jun.23,7.75
tasa_referencia,PD12301MD,diaria,Tasas de interés - Tasa de Referencia de la Política Monetaria,06.Jun.23,7.75
tasa_referencia,PD12301MD,diaria,Tasas de interés - Tasa de Referencia de la Política Monetaria,07.Jun.23,7.75
tasa_referencia,PD12301MD,diaria,Tasas de interés - Tasa de Referencia de la Política Monetaria,08.Jun.23,7.75
tasa_referencia,PD12301MD,diaria,Tasas de interés - Tasa de Referencia de la Política Monetaria,09.Jun.23,7.75
tasa_referencia,PD12301MD,diaria,Tasas de interés - Tasa de Referencia de la Política Monetaria,12.Jun.23,7.75
tasa_referencia,PD12301MD,diaria,Tasas de interés - Tasa de Referencia de la Política Monetaria,13.Jun.23,7.75
tasa_referencia,PD12301MD,diaria,Tasas de interés - Tasa de Referencia de la Política Monetaria,14.Jun.23,7.75
tasa_referencia,PD12301MD,diaria,Tasas de interés - Tasa de Referencia de la Política Monetaria,15.Jun.23,7.75
tasa_referencia,PD12301MD,diaria,Tasas de interés - Tasa de Referencia de la Política Monetaria,16.Jun.23,7.75
tasa_referencia,PD12301MD,diaria,Tasas de interés - Tasa de Referencia de la Política Monetaria,19.Jun.23,7.75
tasa_referencia,PD12301MD,diaria,Tasas de interés - Tasa de Referencia de la Política Monetaria,20.Jun.23,7.75
tasa_referencia,PD12301MD,diaria,Tasas de interés - Tasa de Referencia de la Política Monetaria,21.Jun.23,7.75
tasa_referencia,PD12301MD,diaria,Tasas de interés - Tasa de Referencia de la Política Monetaria,22.Jun.23,7.75
tasa_referencia,PD12301MD,diaria,Tasas de interés - Tasa de Referencia de la Política Monetaria,23.Jun.23,7.75
tasa_referencia,PD12301MD,diaria,Tasas de interés - Tasa de Referencia de la Política Monetaria,26.Jun.23,7.75
tasa_referencia,PD12301MD,diaria,Tasas de interés - Tasa de Referencia de la Política Monetaria,27.Jun.23,7.75
tasa_referencia,PD12301MD,diaria,Tasas de interés - Tasa de Referencia de la Política Monetaria,28.Jun.23,7.75
tasa_referencia,PD12301MD,diaria,Tasas de interés - Tasa de Referencia de la Política Monetaria,29.Jun.23,n.d.
tasa_referencia,PD12301MD,diaria,Tasas de interés - Tasa de Referencia de la Política Monetaria,30.Jun.23,7.75
tasa_referencia,PD12301MD,diaria,Tasas de interés - Tasa de Referencia de la Política Monetaria,03.Jul.23,7.75
tasa_referencia,PD12301MD,diaria,Tasas de interés - Tasa de Referencia de la Política Monetaria,04.Jul.23,7.75
tasa_referencia,PD12301MD,diaria,Tasas de interés - Tasa de Referencia de la Política Monetaria,05.Jul.23,7.75
tasa_referencia,PD12301MD,diaria,Tasas de interés - Tasa de Referencia de la Política Monetaria,06.Jul.23,7.75
tasa_referencia,PD12301MD,diaria,Tasas de interés - Tasa de Referencia de la Política Monetaria,07.Jul.23,7.75
tasa_referencia,PD12301MD,diaria,Tasas de interés - Tasa de Referencia de la Política Monetaria,10.Jul.23,7.75
tasa_referencia,PD12301MD,diaria,Tasas de interés - Tasa de Referencia de la Política Monetaria,11.Jul.23,7.75
tasa_referencia,PD12301MD,diaria,Tasas de interés - Tasa de Referencia de la Política Monetaria,12.Jul.23,7.75
tasa_referencia,PD12301MD,diaria,Tasas de interés - Tasa de Referencia de la Política Monetaria,13.Jul.23,7.75
tasa_referencia,PD12301MD,diaria,Tasas de interés - Tasa de Referencia de la Política Monetaria,14.Jul.23,7.75
tasa_referencia,PD12301MD,diaria,Tasas de interés - Tasa de Referencia de la Política Monetaria,17.Jul.23,7.75
tasa_referencia,PD12301MD,diaria,Tasas de interés - Tasa de Referencia de la Política Monetaria,18.Jul.23,7.75
tasa_referencia,PD12301MD,diaria,Tasas de interés - Tasa de Referencia de la Política Monetaria,19.Jul.23,7.75
tasa_referencia,PD12301MD,diaria,Tasas de interés - Tasa de Referencia de la Política Monetaria,20.Jul.23,7.75
tasa_referencia,PD12301MD,diaria,Tasas de interés - Tasa de Referencia de la Política Monetaria,21.Jul.23,7.75
tasa_referencia,PD12301MD,diaria,Tasas de interés - Tasa de Referencia de la Política Monetaria,24.Jul.23,7.75
tasa_referencia,PD12301MD,diaria,Tasas de interés - Tasa de Referencia de la Política Monetaria,25.Jul.23,7.75
tasa_referencia,PD12301MD,diaria,Tasas de interés - Tasa de Referencia de la Política Monetaria,26.Jul.23,7.75
tasa_referencia,PD12301MD,diaria,Tasas de interés - Tasa de Referencia de la Política Monetaria,27.Jul.23,7.75
tasa_referencia,PD12301MD,diaria,Tasas de interés - Tasa de Referencia de la Política Monetaria,28.Jul.23,n.d.
tasa_referencia,PD12301MD,diaria,Tasas de interés - Tasa de Referencia de la Política Monetaria,31.Jul.23,7.75
tasa_referencia,PD12301MD,diaria,Tasas de interés - Tasa de Referencia de la Política Monetaria,01.Ago.23,7.75
tasa_referencia,PD12301MD,diaria,Tasas de interés - Tasa de Referencia de la Política Monetaria,02.Ago.23,7.75
tasa_referencia,PD12301MD,diaria,Tasas de interés - Tasa de Referencia de la Política Monetaria,03.Ago.23,7.75
tasa_referencia,PD12301MD,diaria,Tasas de interés - Tasa de Referencia de la Política Monetaria,04.Ago.23,7.75
tasa_referencia,PD12301MD,diaria,Tasas de interés - Tasa de Referencia de la Política Monetaria,07.Ago.23,7.75
tasa_referencia,PD12301MD,diaria,Tasas de interés - Tasa de Referencia de la Política Monetaria,08.Ago.23,7.75
tasa_referencia,PD12301MD,diaria,Tasas de interés - Tasa de Referencia de la Política Monetaria,09.Ago.23,7.75
tasa_referencia,PD12301MD,diaria,Tasas de interés - Tasa de Referencia de la Política Monetaria,10.Ago.23,7.75
tasa_referencia,PD12301MD,diaria,Tasas de interés - Tasa de Referencia de la Política Monetaria,11.Ago.23,7.75
tasa_referencia,PD12301MD,diaria,Tasas de interés - Tasa de Referencia de la Política Monetaria,14.Ago.23,7.75
tasa_referencia,PD12301MD,diaria,Tasas de interés - Tasa de Referencia de la Política Monetaria,15.Ago.23,7.75
tasa_referencia,PD12301MD,diaria,Tasas de interés - Tasa de Referencia de la Política Monetaria,16.Ago.23,7.75
tasa_referencia,PD12301MD,diaria,Tasas de interés - Tasa de Referencia de la Política Monetaria,17.Ago.23,7.75
tasa_referencia,PD12301MD,diaria,Tasas de interés - Tasa de Referencia de la Política Monetaria,18.Ago.23,7.75
tasa_referencia,PD12301MD,diaria,Tasas de interés - Tasa de Referencia de la Política Monetaria,21.Ago.23,7.75
tasa_referencia,PD12301MD,diaria,Tasas de interés - Tasa de Referencia de la Política Monetaria,22.Ago.23,7.75
tasa_referencia,PD12301MD,diaria,Tasas de interés - Tasa de Referencia de la Política Monetaria,23.Ago.23,7.75
tasa_referencia,PD12301MD,diaria,Tasas de interés - Tasa de Referencia de la Política Monetaria,24.Ago.23,7.75
tasa_referencia,PD12301MD,diaria,Tasas de interés - Tasa de Referencia de la Política Monetaria,25.Ago.23,7.75
tasa_referencia,PD12301MD,diaria,Tasas de interés - Tasa de Referencia de la Política Monetaria,28.Ago.23,7.75
tasa_referencia,PD12301MD,diaria,Tasas de interés - Tasa de Referencia de la Política Monetaria,29.Ago.23,7.75
tasa_referencia,PD12301MD,diaria,Tasas de interés - Tasa de Referencia de la Política Monetaria,30.Ago.23,n.d.
tasa_referencia,PD12301MD,diaria,Tasas de interés - Tasa de Referencia de la Política Monetaria,31.Ago.23,7.75
tasa_referencia,PD12301MD,diaria,Tasas de interés - Tasa de Referencia de la Política Monetaria,01.Set.23,7.75
tasa_referencia,PD12301MD,diaria,Tasas de interés - Tasa de Referencia de la Política Monetaria,04.Set.23,7.75
tasa_referencia,PD12301MD,diaria,Tasas de interés - Tasa de Referencia de la Política Monetaria,05.Set.23,7.75
tasa_referencia,PD12301MD,diaria,Tasas de interés - Tasa de Referencia de la Política Monetaria,06.Set.23,7.75
tasa_referencia,PD12301MD,diaria,Tasas de interés - Tasa de Referencia de la Política Monetaria,07.Set.23,7.75
tasa_referencia,PD12301MD,diaria,Tasas de interés - Tasa de Referencia de la Política Monetaria,08.Set.23,7.75
tasa_referencia,PD12301MD,diaria,Tasas de interés - Tasa de Referencia de la Política Monetaria,11.Set.23,7.75
tasa_referencia,PD12301MD,diaria,Tasas de interés - Tasa de Referencia de la Política Monetaria,12.Set.23,7.75
tasa_referencia,PD12301MD,diaria,Tasas de interés - Tasa de Referencia de la Política Monetaria,13.Set.23,7.75
tasa_referencia,PD12301MD,diaria,Tasas de interés - Tasa de Referencia de la Política Monetaria,14.Set.23,7.75
tasa_referencia,PD12301MD,diaria,Tasas de interés - Tasa de Referencia de la Política Monetaria,15.Set.23,7.5
tasa_referencia,PD12301MD,diaria,Tasas de interés - Tasa de Referencia de la Política Monetaria,18.Set.23,7.5
tasa_referencia,PD12301MD,diaria,Tasas de interés - Tasa de Referencia de la Política Monetaria,19.Set.23,7.5
tasa_referencia,PD12301MD,diaria,Tasas de interés - Tasa de Referencia de la Política Monetaria,20.Set.23,7.5
tasa_referencia,PD12301MD,diaria,Tasas de interés - Tasa de Referencia de la Política Monetaria,21.Set.23,7.5
tasa_referencia,PD12301MD,diaria,Tasas de interés - Tasa de Referencia de la Política Monetaria,22.Set.23,7.5
tasa_referencia,PD12301MD,diaria,Tasas de interés - Tasa de Referencia de la Política Monetaria,25.Set.23,7.5
tasa_referencia,PD12301MD,diaria,Tasas de interés - Tasa de Referencia de la Política Monetaria,26.Set.23,7.5
tasa_referencia,PD12301MD,diaria,Tasas de interés - Tasa de Referencia de la Política Monetaria,27.Set.23,7.5
tasa_referencia,PD12301MD,diaria,Tasas de interés - Tasa de Referencia de la Política Monetaria,28.Set.23,7.5
tasa_referencia,PD12301MD,diaria,Tasas de interés - Tasa de Referencia de la Política Monetaria,29.Set.23,7.5
tasa_referencia,PD12301MD,diaria,Tasas de interés - Tasa de Referencia de la Política Monetaria,02.Oct.23,7.5
tasa_referencia,PD12301MD,diaria,Tasas de interés - Tasa de Referencia de la Política Monetaria,03.Oct.23,7.5
tasa_referencia,PD12301MD,diaria,Tasas de interés - Tasa de Referencia de la Política Monetaria,04.Oct.23,7.5
tasa_referencia,PD12301MD,diaria,Tasas de interés - Tasa de Referencia de la Política Monetaria,05.Oct.23,7.5
tasa_referencia,PD12301MD,diaria,Tasas de interés - Tasa de Referencia de la Política Monetaria,06.Oct.23,7.25
tasa_referencia,PD12301MD,diaria,Tasas de interés - Tasa de Referencia de la Política Monetaria,09.Oct.23,7.25
tasa_referencia,PD12301MD,diaria,Tasas de interés - Tasa de Referencia de la Política Monetaria,10.Oct.23,7.25
tasa_referencia,PD12301MD,diaria,Tasas de interés - Tasa de Referencia de la Política Monetaria,11.Oct.23,7.25
tasa_referencia,PD12301MD,diaria,Tasas de interés - Tasa de Referencia de la Política Monetaria,12.Oct.23,7.25
tasa_referencia,PD12301MD,diaria,Tasas de interés - Tasa de Referencia de la Política Monetaria,13.Oct.23,7.25
tasa_referencia,PD12301MD,diaria,Tasas de interés - Tasa de Referencia de la Política Monetaria,16.Oct.23,7.25
tasa_referencia,PD12301MD,diaria,Tasas de interés - Tasa de Referencia de la Política Monetaria,17.Oct.23,7.25
tasa_referencia,PD12301MD,diaria,Tasas de interés - Tasa de Referencia de la Política Monetaria,18.Oct.23,7.25
tasa_referencia,PD12301MD,diaria,Tasas de interés - Tasa de Referencia de la Política Monetaria,19.Oct.23,7.25
tasa_referencia,PD12301MD,diaria,Tasas de interés - Tasa de Referencia de la Política Monetaria,20.Oct.23,7.25
tasa_referencia,PD12301MD,diaria,Tasas de interés - Tasa de Referencia de la Política Monetaria,23.Oct.23,7.25
tasa_referencia,PD12301MD,diaria,Tasas de interés - Tasa de Referencia de la Política Monetaria,24.Oct.23,7.25
tasa_referencia,PD12301MD,diaria,Tasas de interés - Tasa de Referencia de la Política Monetaria,25.Oct.23,7.25
tasa_referencia,PD12301MD,diaria,Tasas de interés - Tasa de Referencia de la Política Monetaria,26.Oct.23,7.25
tasa_referencia,PD12301MD,diaria,Tasas de interés - Tasa de Referencia de la Política Monetaria,27.Oct.23,7.25
tasa_referencia,PD12301MD,diaria,Tasas de interés - Tasa de Referencia de la Política Monetaria,30.Oct.23,7.25
tasa_referencia,PD12301MD,diaria,Tasas de interés - Tasa de Referencia de la Política Monetaria,31.Oct.23,7.25
tasa_referencia,PD12301MD,diaria,Tasas de interés - Tasa de Referencia de la Política Monetaria,01.Nov.23,n.d.
tasa_referencia,PD12301MD,diaria,Tasas de interés - Tasa de Referencia de la Política Monetaria,02.Nov.23,7.25
tasa_referencia,PD12301MD,diaria,Tasas de interés - Tasa de Referencia de la Política Monetaria,03.Nov.23,7.25
tasa_referencia,PD12301MD,diaria,Tasas de interés - Tasa de Referencia de la Política Monetaria,06.Nov.23,7.25
tasa_referencia,PD12301MD,diaria,Tasas de interés - Tasa de Referencia de la Política Monetaria,07.Nov.23,7.25
tasa_referencia,PD12301MD,diaria,Tasas de interés - Tasa de Referencia de la Política Monetaria,08.Nov.23,7.25
tasa_referencia,PD12301MD,diaria,Tasas de interés - Tasa de Referencia de la Política Monetaria,09.Nov.23,7.25
tasa_referencia,PD12301MD,diaria,Tasas de interés - Tasa de Referencia de la Política Monetaria,10.Nov.23,7
tasa_referencia,PD12301MD,diaria,Tasas de interés - Tasa de Referencia de la Política Monetaria,13.Nov.23,7
tasa_referencia,PD12301MD,diaria,Tasas de interés - Tasa de Referencia de la Política Monetaria,14.Nov.23,7
tasa_referencia,PD12301MD,diaria,Tasas de interés - Tasa de Referencia de la Política Monetaria,15.Nov.23,7
tasa_referencia,PD12301MD,diaria,Tasas de interés - Tasa de Referencia de la Política Monetaria,16.Nov.23,7
tasa_referencia,PD12301MD,diaria,Tasas de interés - Tasa de Referencia de la Política Monetaria,17.Nov.23,7
tasa_referencia,PD12301MD,diaria,Tasas de interés - Tasa de Referencia de la Política Monetaria,20.Nov.23,7
tasa_referencia,PD12301MD,diaria,Tasas de interés - Tasa de Referencia de la Política Monetaria,21.Nov.23,7
tasa_referencia,PD12301MD,diaria,Tasas de interés - Tasa de Referencia de la Política Monetaria,22.Nov.23,7
tasa_referencia,PD12301MD,diaria,Tasas de interés - Tasa de Referencia de la Política Monetaria,23.Nov.23,7
tasa_referencia,PD12301MD,diaria,Tasas de interés - Tasa de Referencia de la Política Monetaria,24.Nov.23,7
tasa_referencia,PD12301MD,diaria,Tasas de interés - Tasa de Referencia de la Política Monetaria,27.Nov.23,7
tasa_referencia,PD12301MD,diaria,Tasas de interés - Tasa de Referencia de la Política Monetaria,28.Nov.23,7
tasa_referencia,PD12301MD,diaria,Tasas de interés - Tasa de Referencia de la Política Monetaria,29.Nov.23,7
tasa_referencia,PD12301MD,diaria,Tasas de interés - Tasa de Referencia de la Política Monetaria,30.Nov.23,7
tasa_referencia,PD12301MD,diaria,Tasas de interés - Tasa de Referencia de la Política Monetaria,01.Dic.23,7
tasa_referencia,PD12301MD,diaria,Tasas de interés - Tasa de Referencia de la Política Monetaria,04.Dic.23,7
tasa_referencia,PD12301MD,diaria,Tasas de interés - Tasa de Referencia de la Política Monetaria,05.Dic.23,7
tasa_referencia,PD12301MD,diaria,Tasas de interés - Tasa de Referencia de la Política Monetaria,06.Dic.23,7
tasa_referencia,PD12301MD,diaria,Tasas de interés - Tasa de Referencia de la Política Monetaria,07.Dic.23,7
tasa_referencia,PD12301MD,diaria,Tasas de interés - Tasa de Referencia de la Política Monetaria,08.Dic.23,n.d.
tasa_referencia,PD12301MD,diaria,Tasas de interés - Tasa de Referencia de la Política Monetaria,11.Dic.23,7
tasa_referencia,PD12301MD,diaria,Tasas de interés - Tasa de Referencia de la Política Monetaria,12.Dic.23,7
tasa_referencia,PD12301MD,diaria,Tasas de interés - Tasa de Referencia de la Política Monetaria,13.Dic.23,7
tasa_referencia,PD12301MD,diaria,Tasas de interés - Tasa de Referencia de la Política Monetaria,14.Dic.23,7
tasa_referencia,PD12301MD,diaria,Tasas de interés - Tasa de Referencia de la Política Monetaria,15.Dic.23,6.75
tasa_referencia,PD12301MD,diaria,Tasas de interés - Tasa de Referencia de la Política Monetaria,18.Dic.23,6.75
tasa_referencia,PD12301MD,diaria,Tasas de interés - Tasa de Referencia de la Política Monetaria,19.Dic.23,6.75
tasa_referencia,PD12301MD,diaria,Tasas de interés - Tasa de Referencia de la Política Monetaria,20.Dic.23,6.75
tasa_referencia,PD12301MD,diaria,Tasas de interés - Tasa de Referencia de la Política Monetaria,21.Dic.23,6.75
tasa_referencia,PD12301MD,diaria,Tasas de interés - Tasa de Referencia de la Política Monetaria,22.Dic.23,6.75
tasa_referencia,PD12301MD,diaria,Tasas de interés - Tasa de Referencia de la Política Monetaria,25.Dic.23,n.d.
tasa_referencia,PD12301MD,diaria,Tasas de interés - Tasa de Referencia de la Política Monetaria,26.Dic.23,6.75
tasa_referencia,PD12301MD,diaria,Tasas de interés - Tasa de Referencia de la Política Monetaria,27.Dic.23,6.75
tasa_referencia,PD12301MD,diaria,Tasas de interés - Tasa de Referencia de la Política Monetaria,28.Dic.23,6.75
tasa_referencia,PD12301MD,diaria,Tasas de interés - Tasa de Referencia de la Política Monetaria,29.Dic.23,6.75
tasa_referencia,PD12301MD,diaria,Tasas de interés - Tasa de Referencia de la Política Monetaria,01.Ene.24,n.d.
tasa_referencia,PD12301MD,diaria,Tasas de interés - Tasa de Referencia de la Política Monetaria,02.Ene.24,n.d.
tasa_referencia,PD12301MD,diaria,Tasas de interés - Tasa de Referencia de la Política Monetaria,03.Ene.24,6.75
tasa_referencia,PD12301MD,diaria,Tasas de interés - Tasa de Referencia de la Política Monetaria,04.Ene.24,6.75
tasa_referencia,PD12301MD,diaria,Tasas de interés - Tasa de Referencia de la Política Monetaria,05.Ene.24,6.75
tasa_referencia,PD12301MD,diaria,Tasas de interés - Tasa de Referencia de la Política Monetaria,08.Ene.24,6.75
tasa_referencia,PD12301MD,diaria,Tasas de interés - Tasa de Referencia de la Política Monetaria,09.Ene.24,6.75
tasa_referencia,PD12301MD,diaria,Tasas de interés - Tasa de Referencia de la Política Monetaria,10.Ene.24,6.75
tasa_referencia,PD12301MD,diaria,Tasas de interés - Tasa de Referencia de la Política Monetaria,11.Ene.24,6.75
tasa_referencia,PD12301MD,diaria,Tasas de interés - Tasa de Referencia de la Política Monetaria,12.Ene.24,6.5
tasa_referencia,PD12301MD,diaria,Tasas de interés - Tasa de Referencia de la Política Monetaria,15.Ene.24,6.5
tasa_referencia,PD12301MD,diaria,Tasas de interés - Tasa de Referencia de la Política Monetaria,16.Ene.24,6.5
tasa_referencia,PD12301MD,diaria,Tasas de interés - Tasa de Referencia de la Política Monetaria,17.Ene.24,6.5
tasa_referencia,PD12301MD,diaria,Tasas de interés - Tasa de Referencia de la Política Monetaria,18.Ene.24,6.5
tasa_referencia,PD12301MD,diaria,Tasas de interés - Tasa de Referencia de la Política Monetaria,19.Ene.24,6.5
tasa_referencia,PD12301MD,diaria,Tasas de interés - Tasa de Referencia de la Política Monetaria,22.Ene.24,6.5
tasa_referencia,PD12301MD,diaria,Tasas de interés - Tasa de Referencia de la Política Monetaria,23.Ene.24,6.5
tasa_referencia,PD12301MD,diaria,Tasas de interés - Tasa de Referencia de la Política Monetaria,24.Ene.24,6.5
tasa_referencia,PD12301MD,diaria,Tasas de interés - Tasa de Referencia de la Política Monetaria,25.Ene.24,6.5
tasa_referencia,PD12301MD,diaria,Tasas de interés - Tasa de Referencia de la Política Monetaria,26.Ene.24,6.5
tasa_referencia,PD12301MD,diaria,Tasas de interés - Tasa de Referencia de la Política Monetaria,29.Ene.24,6.5
tasa_referencia,PD12301MD,diaria,Tasas de interés - Tasa de Referencia de la Política Monetaria,30.Ene.24,6.5
tasa_referencia,PD12301MD,diaria,Tasas de interés - Tasa de Referencia de la Política Monetaria,31.Ene.24,6.5
tasa_referencia,PD12301MD,diaria,Tasas de interés - Tasa de Referencia de la Política Monetaria,01.Feb.24,6.5
tasa_referencia,PD12301MD,diaria,Tasas de interés - Tasa de Referencia de la Política Monetaria,02.Feb.24,6.5
tasa_referencia,PD12301MD,diaria,Tasas de interés - Tasa de Referencia de la Política Monetaria,05.Feb.24,6.5
tasa_referencia,PD12301MD,diaria,Tasas de interés - Tasa de Referencia de la Política Monetaria,06.Feb.24,6.5
tasa_referencia,PD12301MD,diaria,Tasas de interés - Tasa de Referencia de la Política Monetaria,07.Feb.24,6.5
tasa_referencia,PD12301MD,diaria,Tasas de interés - Tasa de Referencia de la Política Monetaria,08.Feb.24,6.5
tasa_referencia,PD12301MD,diaria,Tasas de interés - Tasa de Referencia de la Política Monetaria,09.Feb.24,6.25
tasa_referencia,PD12301MD,diaria,Tasas de interés - Tasa de Referencia de la Política Monetaria,12.Feb.24,6.25
tasa_referencia,PD12301MD,diaria,Tasas de interés - Tasa de Referencia de la Política Monetaria,13.Feb.24,6.25
tasa_referencia,PD12301MD,diaria,Tasas de interés - Tasa de Referencia de la Política Monetaria,14.Feb.24,6.25
tasa_referencia,PD12301MD,diaria,Tasas de interés - Tasa de Referencia de la Política Monetaria,15.Feb.24,6.25
tasa_referencia,PD12301MD,diaria,Tasas de interés - Tasa de Referencia de la Política Monetaria,16.Feb.24,6.25
tasa_referencia,PD12301MD,diaria,Tasas de interés - Tasa de Referencia de la Política Monetaria,19.Feb.24,6.25
tasa_referencia,PD12301MD,diaria,Tasas de interés - Tasa de Referencia de la Política Monetaria,20.Feb.24,6.25
tasa_referencia,PD12301MD,diaria,Tasas de interés - Tasa de Referencia de la Política Monetaria,21.Feb.24,6.25
tasa_referencia,PD12301MD,diaria,Tasas de interés - Tasa de Referencia de la Política Monetaria,22.Feb.24,6.25
tasa_referencia,PD12301MD,diaria,Tasas de interés - Tasa de Referencia de la Política Monetaria,23.Feb.24,6.25
tasa_referencia,PD12301MD,diaria,Tasas de interés - Tasa de Referencia de la Política Monetaria,26.Feb.24,6.25
tasa_referencia,PD12301MD,diaria,Tasas de interés - Tasa de Referencia de la Política Monetaria,27.Feb.24,6.25
tasa_referencia,PD12301MD,diaria,Tasas de interés - Tasa de Referencia de la Política Monetaria,28.Feb.24,6.25
tasa_referencia,PD12301MD,diaria,Tasas de interés - Tasa de Referencia de la Política Monetaria,29.Feb.24,6.25
tasa_referencia,PD12301MD,diaria,Tasas de interés - Tasa de Referencia de la Política Monetaria,01.Mar.24,6.25
tasa_referencia,PD12301MD,diaria,Tasas de interés - Tasa de Referencia de la Política Monetaria,04.Mar.24,6.25
tasa_referencia,PD12301MD,diaria,Tasas de interés - Tasa de Referencia de la Política Monetaria,05.Mar.24,6.25
tasa_referencia,PD12301MD,diaria,Tasas de interés - Tasa de Referencia de la Política Monetaria,06.Mar.24,6.25
tasa_referencia,PD12301MD,diaria,Tasas de interés - Tasa de Referencia de la Política Monetaria,07.Mar.24,6.25
tasa_referencia,PD12301MD,diaria,Tasas de interés - Tasa de Referencia de la Política Monetaria,08.Mar.24,6.25
tasa_referencia,PD12301MD,diaria,Tasas de interés - Tasa de Referencia de la Política Monetaria,11.Mar.24,6.25
tasa_referencia,PD12301MD,diaria,Tasas de interés - Tasa de Referencia de la Política Monetaria,12.Mar.24,6.25
tasa_referencia,PD12301MD,diaria,Tasas de interés - Tasa de Referencia de la Política Monetaria,13.Mar.24,6.25
tasa_referencia,PD12301MD,diaria,Tasas de interés - Tasa de Referencia de la Política Monetaria,14.Mar.24,6.25
tasa_referencia,PD12301MD,diaria,Tasas de interés - Tasa de Referencia de la Política Monetaria,15.Mar.24,6.25
tasa_referencia,PD12301MD,diaria,Tasas de interés - Tasa de Referencia de la Política Monetaria,18.Mar.24,6.25
tasa_referencia,PD12301MD,diaria,Tasas de interés - Tasa de Referencia de la Política Monetaria,19.Mar.24,6.25
tasa_referencia,PD12301MD,diaria,Tasas de interés - Tasa de Referencia de la Política Monetaria,20.Mar.24,6.25
tasa_referencia,PD12301MD,diaria,Tasas de interés - Tasa de Referencia de la Política Monetaria,21.Mar.24,6.25
tasa_referencia,PD12301MD,diaria,Tasas de interés - Tasa de Referencia de la Política Monetaria,22.Mar.24,6.25
tasa_referencia,PD12301MD,diaria,Tasas de interés - Tasa de Referencia de la Política Monetaria,25.Mar.24,6.25
tasa_referencia,PD12301MD,diaria,Tasas de interés - Tasa de Referencia de la Política Monetaria,26.Mar.24,6.25
tasa_referencia,PD12301MD,diaria,Tasas de interés - Tasa de Referencia de la Política Monetaria,27.Mar.24,6.25
tasa_referencia,PD12301MD,diaria,Tasas de interés - Tasa de Referencia de la Política Monetaria,28.Mar.24,n.d.
tasa_referencia,PD12301MD,diaria,Tasas de interés - Tasa de Referencia de la Política Monetaria,29.Mar.24,n.d.
tasa_referencia,PD12301MD,diaria,Tasas de interés - Tasa de Referencia de la Política Monetaria,01.Abr.24,6.25
tasa_referencia,PD12301MD,diaria,Tasas de interés - Tasa de Referencia de la Política Monetaria,02.Abr.24,6.25
tasa_referencia,PD12301MD,diaria,Tasas de interés - Tasa de Referencia de la Política Monetaria,03.Abr.24,6.25
tasa_referencia,PD12301MD,diaria,Tasas de interés - Tasa de Referencia de la Política Monetaria,04.Abr.24,6.25
tasa_referencia,PD12301MD,diaria,Tasas de interés - Tasa de Referencia de la Política Monetaria,05.Abr.24,6.25
tasa_referencia,PD12301MD,diaria,Tasas de interés - Tasa de Referencia de la Política Monetaria,08.Abr.24,6.25
tasa_referencia,PD12301MD,diaria,Tasas de interés - Tasa de Referencia de la Política Monetaria,09.Abr.24,6.25
tasa_referencia,PD12301MD,diaria,Tasas de interés - Tasa de Referencia de la Política Monetaria,10.Abr.24,6.25
tasa_referencia,PD12301MD,diaria,Tasas de interés - Tasa de Referencia de la Política Monetaria,11.Abr.24,6.25
tasa_referencia,PD12301MD,diaria,Tasas de interés - Tasa de Referencia de la Política Monetaria,12.Abr.24,6
tasa_referencia,PD12301MD,diaria,Tasas de interés - Tasa de Referencia de la Política Monetaria,15.Abr.24,6
tasa_referencia,PD12301MD,diaria,Tasas de interés - Tasa de Referencia de la Política Monetaria,16.Abr.24,6
tasa_referencia,PD12301MD,diaria,Tasas de interés - Tasa de Referencia de la Política Monetaria,17.Abr.24,6
tasa_referencia,PD12301MD,diaria,Tasas de interés - Tasa de Referencia de la Política Monetaria,18.Abr.24,6
tasa_referencia,PD12301MD,diaria,Tasas de interés - Tasa de Referencia de la Política Monetaria,19.Abr.24,6
tasa_referencia,PD12301MD,diaria,Tasas de interés - Tasa de Referencia de la Política Monetaria,22.Abr.24,6
tasa_referencia,PD12301MD,diaria,Tasas de interés - Tasa de Referencia de la Política Monetaria,23.Abr.24,6
tasa_referencia,PD12301MD,diaria,Tasas de interés - Tasa de Referencia de la Política Monetaria,24.Abr.24,6
tasa_referencia,PD12301MD,diaria,Tasas de interés - Tasa de Referencia de la Política Monetaria,25.Abr.24,6
tasa_referencia,PD12301MD,diaria,Tasas de interés - Tasa de Referencia de la Política Monetaria,26.Abr.24,6
tasa_referencia,PD12301MD,diaria,Tasas de interés - Tasa de Referencia de la Política Monetaria,29.Abr.24,6
tasa_referencia,PD12301MD,diaria,Tasas de interés - Tasa de Referencia de la Política Monetaria,30.Abr.24,6
tasa_referencia,PD12301MD,diaria,Tasas de interés - Tasa de Referencia de la Política Monetaria,01.May.24,n.d.
tasa_referencia,PD12301MD,diaria,Tasas de interés - Tasa de Referencia de la Política Monetaria,02.May.24,6
tasa_referencia,PD12301MD,diaria,Tasas de interés - Tasa de Referencia de la Política Monetaria,03.May.24,6
tasa_referencia,PD12301MD,diaria,Tasas de interés - Tasa de Referencia de la Política Monetaria,06.May.24,6
tasa_referencia,PD12301MD,diaria,Tasas de interés - Tasa de Referencia de la Política Monetaria,07.May.24,6
tasa_referencia,PD12301MD,diaria,Tasas de interés - Tasa de Referencia de la Política Monetaria,08.May.24,6
tasa_referencia,PD12301MD,diaria,Tasas de interés - Tasa de Referencia de la Política Monetaria,09.May.24,6
tasa_referencia,PD12301MD,diaria,Tasas de interés - Tasa de Referencia de la Política Monetaria,10.May.24,5.75
tasa_referencia,PD12301MD,diaria,Tasas de interés - Tasa de Referencia de la Política Monetaria,13.May.24,5.75
tasa_referencia,PD12301MD,diaria,Tasas de interés - Tasa de Referencia de la Política Monetaria,14.May.24,5.75
tasa_referencia,PD12301MD,diaria,Tasas de interés - Tasa de Referencia de la Política Monetaria,15.May.24,5.75
tasa_referencia,PD12301MD,diaria,Tasas de interés - Tasa de Referencia de la Política Monetaria,16.May.24,5.75
tasa_referencia,PD12301MD,diaria,Tasas de interés - Tasa de Referencia de la Política Monetaria,17.May.24,5.75
tasa_referencia,PD12301MD,diaria,Tasas de interés - Tasa de Referencia de la Política Monetaria,20.May.24,5.75
tasa_referencia,PD12301MD,diaria,Tasas de interés - Tasa de Referencia de la Política Monetaria,21.May.24,5.75
tasa_referencia,PD12301MD,diaria,Tasas de interés - Tasa de Referencia de la Política Monetaria,22.May.24,5.75
tasa_referencia,PD12301MD,diaria,Tasas de interés - Tasa de Referencia de la Política Monetaria,23.May.24,5.75
tasa_referencia,PD12301MD,diaria,Tasas de interés - Tasa de Referencia de la Política Monetaria,24.May.24,5.75
tasa_referencia,PD12301MD,diaria,Tasas de interés - Tasa de Referencia de la Política Monetaria,27.May.24,5.75
tasa_referencia,PD12301MD,diaria,Tasas de interés - Tasa de Referencia de la Política Monetaria,28.May.24,5.75
tasa_referencia,PD12301MD,diaria,Tasas de interés - Tasa de Referencia de la Política Monetaria,29.May.24,5.75
tasa_referencia,PD12301MD,diaria,Tasas de interés - Tasa de Referencia de la Política Monetaria,30.May.24,5.75
tasa_referencia,PD12301MD,diaria,Tasas de interés - Tasa de Referencia de la Política Monetaria,31.May.24,5.75
tasa_referencia,PD12301MD,diaria,Tasas de interés - Tasa de Referencia de la Política Monetaria,03.Jun.24,5.75
tasa_referencia,PD12301MD,diaria,Tasas de interés - Tasa de Referencia de la Política Monetaria,04.Jun.24,5.75
tasa_referencia,PD12301MD,diaria,Tasas de interés - Tasa de Referencia de la Política Monetaria,05.Jun.24,5.75
tasa_referencia,PD12301MD,diaria,Tasas de interés - Tasa de Referencia de la Política Monetaria,06.Jun.24,5.75
tasa_referencia,PD12301MD,diaria,Tasas de interés - Tasa de Referencia de la Política Monetaria,07.Jun.24,n.d.
tasa_referencia,PD12301MD,diaria,Tasas de interés - Tasa de Referencia de la Política Monetaria,10.Jun.24,5.75
tasa_referencia,PD12301MD,diaria,Tasas de interés - Tasa de Referencia de la Política Monetaria,11.Jun.24,5.75
tasa_referencia,PD12301MD,diaria,Tasas de interés - Tasa de Referencia de la Política Monetaria,12.Jun.24,5.75
tasa_referencia,PD12301MD,diaria,Tasas de interés - Tasa de Referencia de la Política Monetaria,13.Jun.24,5.75
tasa_referencia,PD12301MD,diaria,Tasas de interés - Tasa de Referencia de la Política Monetaria,14.Jun.24,5.75
tasa_referencia,PD12301MD,diaria,Tasas de interés - Tasa de Referencia de la Política Monetaria,17.Jun.24,5.75
tasa_referencia,PD12301MD,diaria,Tasas de interés - Tasa de Referencia de la Política Monetaria,18.Jun.24,5.75
tasa_referencia,PD12301MD,diaria,Tasas de interés - Tasa de Referencia de la Política Monetaria,19.Jun.24,5.75
tasa_referencia,PD12301MD,diaria,Tasas de interés - Tasa de Referencia de la Política Monetaria,20.Jun.24,5.75
tasa_referencia,PD12301MD,diaria,Tasas de interés - Tasa de Referencia de la Política Monetaria,21.Jun.24,5.75
tasa_referencia,PD12301MD,diaria,Tasas de interés - Tasa de Referencia de la Política Monetaria,24.Jun.24,5.75
tasa_referencia,PD12301MD,diaria,Tasas de interés - Tasa de Referencia de la Política Monetaria,25.Jun.24,5.75
tasa_referencia,PD12301MD,diaria,Tasas de interés - Tasa de Referencia de la Política Monetaria,26.Jun.24,5.75
tasa_referencia,PD12301MD,diaria,Tasas de interés - Tasa de Referencia de la Política Monetaria,27.Jun.24,5.75
tasa_referencia,PD12301MD,diaria,Tasas de interés - Tasa de Referencia de la Política Monetaria,28.Jun.24,5.75
tasa_referencia,PD12301MD,diaria,Tasas de interés - Tasa de Referencia de la Política Monetaria,01.Jul.24,5.75
tasa_referencia,PD12301MD,diaria,Tasas de interés - Tasa de Referencia de la Política Monetaria,02.Jul.24,5.75
tasa_referencia,PD12301MD,diaria,Tasas de interés - Tasa de Referencia de la Política Monetaria,03.Jul.24,5.75
tasa_referencia,PD12301MD,diaria,Tasas de interés - Tasa de Referencia de la Política Monetaria,04.Jul.24,5.75
tasa_referencia,PD12301MD,diaria,Tasas de interés - Tasa de Referencia de la Política Monetaria,05.Jul.24,5.75
tasa_referencia,PD12301MD,diaria,Tasas de interés - Tasa de Referencia de la Política Monetaria,08.Jul.24,5.75
tasa_referencia,PD12301MD,diaria,Tasas de interés - Tasa de Referencia de la Política Monetaria,09.Jul.24,5.75
tasa_referencia,PD12301MD,diaria,Tasas de interés - Tasa de Referencia de la Política Monetaria,10.Jul.24,5.75
tasa_referencia,PD12301MD,diaria,Tasas de interés - Tasa de Referencia de la Política Monetaria,11.Jul.24,5.75
tasa_referencia,PD12301MD,diaria,Tasas de interés - Tasa de Referencia de la Política Monetaria,12.Jul.24,5.75
tasa_referencia,PD12301MD,diaria,Tasas de interés - Tasa de Referencia de la Política Monetaria,15.Jul.24,5.75
tasa_referencia,PD12301MD,diaria,Tasas de interés - Tasa de Referencia de la Política Monetaria,16.Jul.24,5.75
tasa_referencia,PD12301MD,diaria,Tasas de interés - Tasa de Referencia de la Política Monetaria,17.Jul.24,5.75
tasa_referencia,PD12301MD,diaria,Tasas de interés - Tasa de Referencia de la Política Monetaria,18.Jul.24,5.75
tasa_referencia,PD12301MD,diaria,Tasas de interés - Tasa de Referencia de la Política Monetaria,19.Jul.24,5.75
tasa_referencia,PD12301MD,diaria,Tasas de interés - Tasa de Referencia de la Política Monetaria,22.Jul.24,5.75
tasa_referencia,PD12301MD,diaria,Tasas de interés - Tasa de Referencia de la Política Monetaria,23.Jul.24,n.d.
tasa_referencia,PD12301MD,diaria,Tasas de interés - Tasa de Referencia de la Política Monetaria,24.Jul.24,5.75
tasa_referencia,PD12301MD,diaria,Tasas de interés - Tasa de Referencia de la Política Monetaria,25.Jul.24,5.75
tasa_referencia,PD12301MD,diaria,Tasas de interés - Tasa de Referencia de la Política Monetaria,26.Jul.24,n.d.
tasa_referencia,PD12301MD,diaria,Tasas de interés - Tasa de Referencia de la Política Monetaria,29.Jul.24,n.d.
tasa_referencia,PD12301MD,diaria,Tasas de interés - Tasa de Referencia de la Política Monetaria,30.Jul.24,5.75
tasa_referencia,PD12301MD,diaria,Tasas de interés - Tasa de Referencia de la Política Monetaria,31.Jul.24,5.75
tasa_referencia,PD12301MD,diaria,Tasas de interés - Tasa de Referencia de la Política Monetaria,01.Ago.24,5.75
tasa_referencia,PD12301MD,diaria,Tasas de interés - Tasa de Referencia de la Política Monetaria,02.Ago.24,5.75
tasa_referencia,PD12301MD,diaria,Tasas de interés - Tasa de Referencia de la Política Monetaria,05.Ago.24,5.75
tasa_referencia,PD12301MD,diaria,Tasas de interés - Tasa de Referencia de la Política Monetaria,06.Ago.24,n.d.
tasa_referencia,PD12301MD,diaria,Tasas de interés - Tasa de Referencia de la Política Monetaria,07.Ago.24,5.75
tasa_referencia,PD12301MD,diaria,Tasas de interés - Tasa de Referencia de la Política Monetaria,08.Ago.24,5.75
tasa_referencia,PD12301MD,diaria,Tasas de interés - Tasa de Referencia de la Política Monetaria,09.Ago.24,5.5
tasa_referencia,PD12301MD,diaria,Tasas de interés - Tasa de Referencia de la Política Monetaria,12.Ago.24,5.5
tasa_referencia,PD12301MD,diaria,Tasas de interés - Tasa de Referencia de la Política Monetaria,13.Ago.24,5.5
tasa_referencia,PD12301MD,diaria,Tasas de interés - Tasa de Referencia de la Política Monetaria,14.Ago.24,5.5
tasa_referencia,PD12301MD,diaria,Tasas de interés - Tasa de Referencia de la Política Monetaria,15.Ago.24,5.5
tasa_referencia,PD12301MD,diaria,Tasas de interés - Tasa de Referencia de la Política Monetaria,16.Ago.24,5.5
tasa_referencia,PD12301MD,diaria,Tasas de interés - Tasa de Referencia de la Política Monetaria,19.Ago.24,5.5
tasa_referencia,PD12301MD,diaria,Tasas de interés - Tasa de Referencia de la Política Monetaria,20.Ago.24,5.5
tasa_referencia,PD12301MD,diaria,Tasas de interés - Tasa de Referencia de la Política Monetaria,21.Ago.24,5.5
tasa_referencia,PD12301MD,diaria,Tasas de interés - Tasa de Referencia de la Política Monetaria,22.Ago.24,5.5
tasa_referencia,PD12301MD,diaria,Tasas de interés - Tasa de Referencia de la Política Monetaria,23.Ago.24,5.5
tasa_referencia,PD12301MD,diaria,Tasas de interés - Tasa de Referencia de la Política Monetaria,26.Ago.24,5.5
tasa_referencia,PD12301MD,diaria,Tasas de interés - Tasa de Referencia de la Política Monetaria,27.Ago.24,5.5
tasa_referencia,PD12301MD,diaria,Tasas de interés - Tasa de Referencia de la Política Monetaria,28.Ago.24,5.5
tasa_referencia,PD12301MD,diaria,Tasas de interés - Tasa de Referencia de la Política Monetaria,29.Ago.24,5.5
tasa_referencia,PD12301MD,diaria,Tasas de interés - Tasa de Referencia de la Política Monetaria,30.Ago.24,n.d.
tasa_referencia,PD12301MD,diaria,Tasas de interés - Tasa de Referencia de la Política Monetaria,02.Set.24,5.5
tasa_referencia,PD12301MD,diaria,Tasas de interés - Tasa de Referencia de la Política Monetaria,03.Set.24,5.5
tasa_referencia,PD12301MD,diaria,Tasas de interés - Tasa de Referencia de la Política Monetaria,04.Set.24,5.5
tasa_referencia,PD12301MD,diaria,Tasas de interés - Tasa de Referencia de la Política Monetaria,05.Set.24,5.5
tasa_referencia,PD12301MD,diaria,Tasas de interés - Tasa de Referencia de la Política Monetaria,06.Set.24,5.5
tasa_referencia,PD12301MD,diaria,Tasas de interés - Tasa de Referencia de la Política Monetaria,09.Set.24,5.5
tasa_referencia,PD12301MD,diaria,Tasas de interés - Tasa de Referencia de la Política Monetaria,10.Set.24,5.5
tasa_referencia,PD12301MD,diaria,Tasas de interés - Tasa de Referencia de la Política Monetaria,11.Set.24,5.5
tasa_referencia,PD12301MD,diaria,Tasas de interés - Tasa de Referencia de la Política Monetaria,12.Set.24,5.5
tasa_referencia,PD12301MD,diaria,Tasas de interés - Tasa de Referencia de la Política Monetaria,13.Set.24,5.25
tasa_referencia,PD12301MD,diaria,Tasas de interés - Tasa de Referencia de la Política Monetaria,16.Set.24,5.25
tasa_referencia,PD12301MD,diaria,Tasas de interés - Tasa de Referencia de la Política Monetaria,17.Set.24,5.25
tasa_referencia,PD12301MD,diaria,Tasas de interés - Tasa de Referencia de la Política Monetaria,18.Set.24,5.25
tasa_referencia,PD12301MD,diaria,Tasas de interés - Tasa de Referencia de la Política Monetaria,19.Set.24,5.25
tasa_referencia,PD12301MD,diaria,Tasas de interés - Tasa de Referencia de la Política Monetaria,20.Set.24,5.25
tasa_referencia,PD12301MD,diaria,Tasas de interés - Tasa de Referencia de la Política Monetaria,23.Set.24,5.25
tasa_referencia,PD12301MD,diaria,Tasas de interés - Tasa de Referencia de la Política Monetaria,24.Set.24,5.25
tasa_referencia,PD12301MD,diaria,Tasas de interés - Tasa de Referencia de la Política Monetaria,25.Set.24,5.25
tasa_referencia,PD12301MD,diaria,Tasas de interés - Tasa de Referencia de la Política Monetaria,26.Set.24,5.25
tasa_referencia,PD12301MD,diaria,Tasas de interés - Tasa de Referencia de la Política Monetaria,27.Set.24,5.25
tasa_referencia,PD12301MD,diaria,Tasas de interés - Tasa de Referencia de la Política Monetaria,30.Set.24,5.25
tasa_referencia,PD12301MD,diaria,Tasas de interés - Tasa de Referencia de la Política Monetaria,01.Oct.24,5.25
tasa_referencia,PD12301MD,diaria,Tasas de interés - Tasa de Referencia de la Política Monetaria,02.Oct.24,5.25
tasa_referencia,PD12301MD,diaria,Tasas de interés - Tasa de Referencia de la Política Monetaria,03.Oct.24,5.25
tasa_referencia,PD12301MD,diaria,Tasas de interés - Tasa de Referencia de la Política Monetaria,04.Oct.24,5.25
tasa_referencia,PD12301MD,diaria,Tasas de interés - Tasa de Referencia de la Política Monetaria,07.Oct.24,5.25
tasa_referencia,PD12301MD,diaria,Tasas de interés - Tasa de Referencia de la Política Monetaria,08.Oct.24,n.d.
tasa_referencia,PD12301MD,diaria,Tasas de interés - Tasa de Referencia de la Política Monetaria,09.Oct.24,5.25
tasa_referencia,PD12301MD,diaria,Tasas de interés - Tasa de Referencia de la Política Monetaria,10.Oct.24,5.25
tasa_referencia,PD12301MD,diaria,Tasas de interés - Tasa de Referencia de la Política Monetaria,11.Oct.24,5.25
tasa_referencia,PD12301MD,diaria,Tasas de interés - Tasa de Referencia de la Política Monetaria,14.Oct.24,5.25
tasa_referencia,PD12301MD,diaria,Tasas de interés - Tasa de Referencia de la Política Monetaria,15.Oct.24,5.25
tasa_referencia,PD12301MD,diaria,Tasas de interés - Tasa de Referencia de la Política Monetaria,16.Oct.24,5.25
tasa_referencia,PD12301MD,diaria,Tasas de interés - Tasa de Referencia de la Política Monetaria,17.Oct.24,5.25
tasa_referencia,PD12301MD,diaria,Tasas de interés - Tasa de Referencia de la Política Monetaria,18.Oct.24,5.25
tasa_referencia,PD12301MD,diaria,Tasas de interés - Tasa de Referencia de la Política Monetaria,21.Oct.24,5.25
tasa_referencia,PD12301MD,diaria,Tasas de interés - Tasa de Referencia de la Política Monetaria,22.Oct.24,5.25
tasa_referencia,PD12301MD,diaria,Tasas de interés - Tasa de Referencia de la Política Monetaria,23.Oct.24,5.25
tasa_referencia,PD12301MD,diaria,Tasas de interés - Tasa de Referencia de la Política Monetaria,24.Oct.24,5.25
tasa_referencia,PD12301MD,diaria,Tasas de interés - Tasa de Referencia de la Política Monetaria,25.Oct.24,5.25
tasa_referencia,PD12301MD,diaria,Tasas de interés - Tasa de Referencia de la Política Monetaria,28.Oct.24,5.25
tasa_referencia,PD12301MD,diaria,Tasas de interés - Tasa de Referencia de la Política Monetaria,29.Oct.24,5.25
tasa_referencia,PD12301MD,diaria,Tasas de interés - Tasa de Referencia de la Política Monetaria,30.Oct.24,5.25
tasa_referencia,PD12301MD,diaria,Tasas de interés - Tasa de Referencia de la Política Monetaria,31.Oct.24,5.25
tasa_referencia,PD12301MD,diaria,Tasas de interés - Tasa de Referencia de la Política Monetaria,01.Nov.24,n.d.
tasa_referencia,PD12301MD,diaria,Tasas de interés - Tasa de Referencia de la Política Monetaria,04.Nov.24,5.25
tasa_referencia,PD12301MD,diaria,Tasas de interés - Tasa de Referencia de la Política Monetaria,05.Nov.24,5.25
tasa_referencia,PD12301MD,diaria,Tasas de interés - Tasa de Referencia de la Política Monetaria,06.Nov.24,5.25
tasa_referencia,PD12301MD,diaria,Tasas de interés - Tasa de Referencia de la Política Monetaria,07.Nov.24,5.25
tasa_referencia,PD12301MD,diaria,Tasas de interés - Tasa de Referencia de la Política Monetaria,08.Nov.24,5
tasa_referencia,PD12301MD,diaria,Tasas de interés - Tasa de Referencia de la Política Monetaria,11.Nov.24,5
tasa_referencia,PD12301MD,diaria,Tasas de interés - Tasa de Referencia de la Política Monetaria,12.Nov.24,5
tasa_referencia,PD12301MD,diaria,Tasas de interés - Tasa de Referencia de la Política Monetaria,13.Nov.24,5
tasa_referencia,PD12301MD,diaria,Tasas de interés - Tasa de Referencia de la Política Monetaria,14.Nov.24,5
tasa_referencia,PD12301MD,diaria,Tasas de interés - Tasa de Referencia de la Política Monetaria,15.Nov.24,5
tasa_referencia,PD12301MD,diaria,Tasas de interés - Tasa de Referencia de la Política Monetaria,18.Nov.24,5
tasa_referencia,PD12301MD,diaria,Tasas de interés - Tasa de Referencia de la Política Monetaria,19.Nov.24,5
tasa_referencia,PD12301MD,diaria,Tasas de interés - Tasa de Referencia de la Política Monetaria,20.Nov.24,5
tasa_referencia,PD12301MD,diaria,Tasas de interés - Tasa de Referencia de la Política Monetaria,21.Nov.24,5
tasa_referencia,PD12301MD,diaria,Tasas de interés - Tasa de Referencia de la Política Monetaria,22.Nov.24,5
tasa_referencia,PD12301MD,diaria,Tasas de interés - Tasa de Referencia de la Política Monetaria,25.Nov.24,5
tasa_referencia,PD12301MD,diaria,Tasas de interés - Tasa de Referencia de la Política Monetaria,26.Nov.24,5
tasa_referencia,PD12301MD,diaria,Tasas de interés - Tasa de Referencia de la Política Monetaria,27.Nov.24,5
tasa_referencia,PD12301MD,diaria,Tasas de interés - Tasa de Referencia de la Política Monetaria,28.Nov.24,5
tasa_referencia,PD12301MD,diaria,Tasas de interés - Tasa de Referencia de la Política Monetaria,29.Nov.24,5
tasa_referencia,PD12301MD,diaria,Tasas de interés - Tasa de Referencia de la Política Monetaria,02.Dic.24,5
tasa_referencia,PD12301MD,diaria,Tasas de interés - Tasa de Referencia de la Política Monetaria,03.Dic.24,5
tasa_referencia,PD12301MD,diaria,Tasas de interés - Tasa de Referencia de la Política Monetaria,04.Dic.24,5
tasa_referencia,PD12301MD,diaria,Tasas de interés - Tasa de Referencia de la Política Monetaria,05.Dic.24,5
tasa_referencia,PD12301MD,diaria,Tasas de interés - Tasa de Referencia de la Política Monetaria,06.Dic.24,5
tasa_referencia,PD12301MD,diaria,Tasas de interés - Tasa de Referencia de la Política Monetaria,09.Dic.24,n.d.
tasa_referencia,PD12301MD,diaria,Tasas de interés - Tasa de Referencia de la Política Monetaria,10.Dic.24,5
tasa_referencia,PD12301MD,diaria,Tasas de interés - Tasa de Referencia de la Política Monetaria,11.Dic.24,5
tasa_referencia,PD12301MD,diaria,Tasas de interés - Tasa de Referencia de la Política Monetaria,12.Dic.24,5
tasa_referencia,PD12301MD,diaria,Tasas de interés - Tasa de Referencia de la Política Monetaria,13.Dic.24,5
tasa_referencia,PD12301MD,diaria,Tasas de interés - Tasa de Referencia de la Política Monetaria,16.Dic.24,5
tasa_referencia,PD12301MD,diaria,Tasas de interés - Tasa de Referencia de la Política Monetaria,17.Dic.24,5
tasa_referencia,PD12301MD,diaria,Tasas de interés - Tasa de Referencia de la Política Monetaria,18.Dic.24,5
tasa_referencia,PD12301MD,diaria,Tasas de interés - Tasa de Referencia de la Política Monetaria,19.Dic.24,5
tasa_referencia,PD12301MD,diaria,Tasas de interés - Tasa de Referencia de la Política Monetaria,20.Dic.24,5
tasa_referencia,PD12301MD,diaria,Tasas de interés - Tasa de Referencia de la Política Monetaria,23.Dic.24,5
tasa_referencia,PD12301MD,diaria,Tasas de interés - Tasa de Referencia de la Política Monetaria,24.Dic.24,5
tasa_referencia,PD12301MD,diaria,Tasas de interés - Tasa de Referencia de la Política Monetaria,25.Dic.24,n.d.
tasa_referencia,PD12301MD,diaria,Tasas de interés - Tasa de Referencia de la Política Monetaria,26.Dic.24,5
tasa_referencia,PD12301MD,diaria,Tasas de interés - Tasa de Referencia de la Política Monetaria,27.Dic.24,5
tasa_referencia,PD12301MD,diaria,Tasas de interés - Tasa de Referencia de la Política Monetaria,30.Dic.24,5
tasa_referencia,PD12301MD,diaria,Tasas de interés - Tasa de Referencia de la Política Monetaria,31.Dic.24,n.d.
tasa_referencia,PD12301MD,diaria,Tasas de interés - Tasa de Referencia de la Política Monetaria,01.Ene.25,n.d.
tasa_referencia,PD12301MD,diaria,Tasas de interés - Tasa de Referencia de la Política Monetaria,02.Ene.25,5
tasa_referencia,PD12301MD,diaria,Tasas de interés - Tasa de Referencia de la Política Monetaria,03.Ene.25,5
tasa_referencia,PD12301MD,diaria,Tasas de interés - Tasa de Referencia de la Política Monetaria,06.Ene.25,5
tasa_referencia,PD12301MD,diaria,Tasas de interés - Tasa de Referencia de la Política Monetaria,07.Ene.25,5
tasa_referencia,PD12301MD,diaria,Tasas de interés - Tasa de Referencia de la Política Monetaria,08.Ene.25,5
tasa_referencia,PD12301MD,diaria,Tasas de interés - Tasa de Referencia de la Política Monetaria,09.Ene.25,5
tasa_referencia,PD12301MD,diaria,Tasas de interés - Tasa de Referencia de la Política Monetaria,10.Ene.25,4.75
tasa_referencia,PD12301MD,diaria,Tasas de interés - Tasa de Referencia de la Política Monetaria,13.Ene.25,4.75
tasa_referencia,PD12301MD,diaria,Tasas de interés - Tasa de Referencia de la Política Monetaria,14.Ene.25,4.75
tasa_referencia,PD12301MD,diaria,Tasas de interés - Tasa de Referencia de la Política Monetaria,15.Ene.25,4.75
tasa_referencia,PD12301MD,diaria,Tasas de interés - Tasa de Referencia de la Política Monetaria,16.Ene.25,4.75
tasa_referencia,PD12301MD,diaria,Tasas de interés - Tasa de Referencia de la Política Monetaria,17.Ene.25,4.75
tasa_referencia,PD12301MD,diaria,Tasas de interés - Tasa de Referencia de la Política Monetaria,20.Ene.25,4.75
tasa_referencia,PD12301MD,diaria,Tasas de interés - Tasa de Referencia de la Política Monetaria,21.Ene.25,4.75
tasa_referencia,PD12301MD,diaria,Tasas de interés - Tasa de Referencia de la Política Monetaria,22.Ene.25,4.75
tasa_referencia,PD12301MD,diaria,Tasas de interés - Tasa de Referencia de la Política Monetaria,23.Ene.25,4.75
tasa_referencia,PD12301MD,diaria,Tasas de interés - Tasa de Referencia de la Política Monetaria,24.Ene.25,4.75
tasa_referencia,PD12301MD,diaria,Tasas de interés - Tasa de Referencia de la Política Monetaria,27.Ene.25,4.75
tasa_referencia,PD12301MD,diaria,Tasas de interés - Tasa de Referencia de la Política Monetaria,28.Ene.25,4.75
tasa_referencia,PD12301MD,diaria,Tasas de interés - Tasa de Referencia de la Política Monetaria,29.Ene.25,4.75
tasa_referencia,PD12301MD,diaria,Tasas de interés - Tasa de Referencia de la Política Monetaria,30.Ene.25,4.75
tasa_referencia,PD12301MD,diaria,Tasas de interés - Tasa de Referencia de la Política Monetaria,31.Ene.25,4.75
tasa_referencia,PD12301MD,diaria,Tasas de interés - Tasa de Referencia de la Política Monetaria,03.Feb.25,4.75
tasa_referencia,PD12301MD,diaria,Tasas de interés - Tasa de Referencia de la Política Monetaria,04.Feb.25,4.75
tasa_referencia,PD12301MD,diaria,Tasas de interés - Tasa de Referencia de la Política Monetaria,05.Feb.25,4.75
tasa_referencia,PD12301MD,diaria,Tasas de interés - Tasa de Referencia de la Política Monetaria,06.Feb.25,4.75
tasa_referencia,PD12301MD,diaria,Tasas de interés - Tasa de Referencia de la Política Monetaria,07.Feb.25,4.75
tasa_referencia,PD12301MD,diaria,Tasas de interés - Tasa de Referencia de la Política Monetaria,10.Feb.25,4.75
tasa_referencia,PD12301MD,diaria,Tasas de interés - Tasa de Referencia de la Política Monetaria,11.Feb.25,4.75
tasa_referencia,PD12301MD,diaria,Tasas de interés - Tasa de Referencia de la Política Monetaria,12.Feb.25,4.75
tasa_referencia,PD12301MD,diaria,Tasas de interés - Tasa de Referencia de la Política Monetaria,13.Feb.25,4.75
tasa_referencia,PD12301MD,diaria,Tasas de interés - Tasa de Referencia de la Política Monetaria,14.Feb.25,4.75
tasa_referencia,PD12301MD,diaria,Tasas de interés - Tasa de Referencia de la Política Monetaria,17.Feb.25,4.75
tasa_referencia,PD12301MD,diaria,Tasas de interés - Tasa de Referencia de la Política Monetaria,18.Feb.25,4.75
tasa_referencia,PD12301MD,diaria,Tasas de interés - Tasa de Referencia de la Política Monetaria,19.Feb.25,4.75
tasa_referencia,PD12301MD,diaria,Tasas de interés - Tasa de Referencia de la Política Monetaria,20.Feb.25,4.75
tasa_referencia,PD12301MD,diaria,Tasas de interés - Tasa de Referencia de la Política Monetaria,21.Feb.25,4.75
tasa_referencia,PD12301MD,diaria,Tasas de interés - Tasa de Referencia de la Política Monetaria,24.Feb.25,4.75
tasa_referencia,PD12301MD,diaria,Tasas de interés - Tasa de Referencia de la Política Monetaria,25.Feb.25,4.75
tasa_referencia,PD12301MD,diaria,Tasas de interés - Tasa de Referencia de la Política Monetaria,26.Feb.25,4.75
tasa_referencia,PD12301MD,diaria,Tasas de interés - Tasa de Referencia de la Política Monetaria,27.Feb.25,4.75
tasa_referencia,PD12301MD,diaria,Tasas de interés - Tasa de Referencia de la Política Monetaria,28.Feb.25,4.75
tasa_referencia,PD12301MD,diaria,Tasas de interés - Tasa de Referencia de la Política Monetaria,03.Mar.25,4.75
tasa_referencia,PD12301MD,diaria,Tasas de interés - Tasa de Referencia de la Política Monetaria,04.Mar.25,4.75
tasa_referencia,PD12301MD,diaria,Tasas de interés - Tasa de Referencia de la Política Monetaria,05.Mar.25,4.75
tasa_referencia,PD12301MD,diaria,Tasas de interés - Tasa de Referencia de la Política Monetaria,06.Mar.25,4.75
tasa_referencia,PD12301MD,diaria,Tasas de interés - Tasa de Referencia de la Política Monetaria,07.Mar.25,4.75
tasa_referencia,PD12301MD,diaria,Tasas de interés - Tasa de Referencia de la Política Monetaria,10.Mar.25,4.75
tasa_referencia,PD12301MD,diaria,Tasas de interés - Tasa de Referencia de la Política Monetaria,11.Mar.25,4.75
tasa_referencia,PD12301MD,diaria,Tasas de interés - Tasa de Referencia de la Política Monetaria,12.Mar.25,4.75
tasa_referencia,PD12301MD,diaria,Tasas de interés - Tasa de Referencia de la Política Monetaria,13.Mar.25,4.75
tasa_referencia,PD12301MD,diaria,Tasas de interés - Tasa de Referencia de la Política Monetaria,14.Mar.25,4.75
tasa_referencia,PD12301MD,diaria,Tasas de interés - Tasa de Referencia de la Política Monetaria,17.Mar.25,4.75
tasa_referencia,PD12301MD,diaria,Tasas de interés - Tasa de Referencia de la Política Monetaria,18.Mar.25,4.75
tasa_referencia,PD12301MD,diaria,Tasas de interés - Tasa de Referencia de la Política Monetaria,19.Mar.25,4.75
tasa_referencia,PD12301MD,diaria,Tasas de interés - Tasa de Referencia de la Política Monetaria,20.Mar.25,4.75
tasa_referencia,PD12301MD,diaria,Tasas de interés - Tasa de Referencia de la Política Monetaria,21.Mar.25,4.75
tasa_referencia,PD12301MD,diaria,Tasas de interés - Tasa de Referencia de la Política Monetaria,24.Mar.25,4.75
tasa_referencia,PD12301MD,diaria,Tasas de interés - Tasa de Referencia de la Política Monetaria,25.Mar.25,4.75
tasa_referencia,PD12301MD,diaria,Tasas de interés - Tasa de Referencia de la Política Monetaria,26.Mar.25,4.75
tasa_referencia,PD12301MD,diaria,Tasas de interés - Tasa de Referencia de la Política Monetaria,27.Mar.25,4.75
tasa_referencia,PD12301MD,diaria,Tasas de interés - Tasa de Referencia de la Política Monetaria,28.Mar.25,4.75
tasa_referencia,PD12301MD,diaria,Tasas de interés - Tasa de Referencia de la Política Monetaria,31.Mar.25,4.75
tasa_referencia,PD12301MD,diaria,Tasas de interés - Tasa de Referencia de la Política Monetaria,01.Abr.25,4.75
tasa_referencia,PD12301MD,diaria,Tasas de interés - Tasa de Referencia de la Política Monetaria,02.Abr.25,4.75
tasa_referencia,PD12301MD,diaria,Tasas de interés - Tasa de Referencia de la Política Monetaria,03.Abr.25,4.75
tasa_referencia,PD12301MD,diaria,Tasas de interés - Tasa de Referencia de la Política Monetaria,04.Abr.25,4.75
tasa_referencia,PD12301MD,diaria,Tasas de interés - Tasa de Referencia de la Política Monetaria,07.Abr.25,4.75
tasa_referencia,PD12301MD,diaria,Tasas de interés - Tasa de Referencia de la Política Monetaria,08.Abr.25,4.75
tasa_referencia,PD12301MD,diaria,Tasas de interés - Tasa de Referencia de la Política Monetaria,09.Abr.25,4.75
tasa_referencia,PD12301MD,diaria,Tasas de interés - Tasa de Referencia de la Política Monetaria,10.Abr.25,4.75
tasa_referencia,PD12301MD,diaria,Tasas de interés - Tasa de Referencia de la Política Monetaria,11.Abr.25,4.75
tasa_referencia,PD12301MD,diaria,Tasas de interés - Tasa de Referencia de la Política Monetaria,14.Abr.25,4.75
tasa_referencia,PD12301MD,diaria,Tasas de interés - Tasa de Referencia de la Política Monetaria,15.Abr.25,4.75
tasa_referencia,PD12301MD,diaria,Tasas de interés - Tasa de Referencia de la Política Monetaria,16.Abr.25,4.75
tasa_referencia,PD12301MD,diaria,Tasas de interés - Tasa de Referencia de la Política Monetaria,17.Abr.25,n.d.
tasa_referencia,PD12301MD,diaria,Tasas de interés - Tasa de Referencia de la Política Monetaria,18.Abr.25,n.d.
tasa_referencia,PD12301MD,diaria,Tasas de interés - Tasa de Referencia de la Política Monetaria,21.Abr.25,4.75
tasa_referencia,PD12301MD,diaria,Tasas de interés - Tasa de Referencia de la Política Monetaria,22.Abr.25,4.75
tasa_referencia,PD12301MD,diaria,Tasas de interés - Tasa de Referencia de la Política Monetaria,23.Abr.25,4.75
tasa_referencia,PD12301MD,diaria,Tasas de interés - Tasa de Referencia de la Política Monetaria,24.Abr.25,4.75
tasa_referencia,PD12301MD,diaria,Tasas de interés - Tasa de Referencia de la Política Monetaria,25.Abr.25,4.75
tasa_referencia,PD12301MD,diaria,Tasas de interés - Tasa de Referencia de la Política Monetaria,28.Abr.25,4.75
tasa_referencia,PD12301MD,diaria,Tasas de interés - Tasa de Referencia de la Política Monetaria,29.Abr.25,4.75
tasa_referencia,PD12301MD,diaria,Tasas de interés - Tasa de Referencia de la Política Monetaria,30.Abr.25,4.75
tasa_referencia,PD12301MD,diaria,Tasas de interés - Tasa de Referencia de la Política Monetaria,01.May.25,n.d.
tasa_referencia,PD12301MD,diaria,Tasas de interés - Tasa de Referencia de la Política Monetaria,02.May.25,4.75
tasa_referencia,PD12301MD,diaria,Tasas de interés - Tasa de Referencia de la Política Monetaria,05.May.25,4.75
tasa_referencia,PD12301MD,diaria,Tasas de interés - Tasa de Referencia de la Política Monetaria,06.May.25,4.75
tasa_referencia,PD12301MD,diaria,Tasas de interés - Tasa de Referencia de la Política Monetaria,07.May.25,4.75
tasa_referencia,PD12301MD,diaria,Tasas de interés - Tasa de Referencia de la Política Monetaria,08.May.25,4.75
tasa_referencia,PD12301MD,diaria,Tasas de interés - Tasa de Referencia de la Política Monetaria,09.May.25,4.5
tasa_referencia,PD12301MD,diaria,Tasas de interés - Tasa de Referencia de la Política Monetaria,12.May.25,4.5
tasa_referencia,PD12301MD,diaria,Tasas de interés - Tasa de Referencia de la Política Monetaria,13.May.25,4.5
tasa_referencia,PD12301MD,diaria,Tasas de interés - Tasa de Referencia de la Política Monetaria,14.May.25,4.5
tasa_referencia,PD12301MD,diaria,Tasas de interés - Tasa de Referencia de la Política Monetaria,15.May.25,4.5
tasa_referencia,PD12301MD,diaria,Tasas de interés - Tasa de Referencia de la Política Monetaria,16.May.25,4.5
tasa_referencia,PD12301MD,diaria,Tasas de interés - Tasa de Referencia de la Política Monetaria,19.May.25,4.5
tasa_referencia,PD12301MD,diaria,Tasas de interés - Tasa de Referencia de la Política Monetaria,20.May.25,4.5
tasa_referencia,PD12301MD,diaria,Tasas de interés - Tasa de Referencia de la Política Monetaria,21.May.25,4.5
tasa_referencia,PD12301MD,diaria,Tasas de interés - Tasa de Referencia de la Política Monetaria,22.May.25,4.5
tasa_referencia,PD12301MD,diaria,Tasas de interés - Tasa de Referencia de la Política Monetaria,23.May.25,4.5
tasa_referencia,PD12301MD,diaria,Tasas de interés - Tasa de Referencia de la Política Monetaria,26.May.25,4.5
tasa_referencia,PD12301MD,diaria,Tasas de interés - Tasa de Referencia de la Política Monetaria,27.May.25,4.5
tasa_referencia,PD12301MD,diaria,Tasas de interés - Tasa de Referencia de la Política Monetaria,28.May.25,4.5
tasa_referencia,PD12301MD,diaria,Tasas de interés - Tasa de Referencia de la Política Monetaria,29.May.25,4.5
tasa_referencia,PD12301MD,diaria,Tasas de interés - Tasa de Referencia de la Política Monetaria,30.May.25,4.5
tasa_referencia,PD12301MD,diaria,Tasas de interés - Tasa de Referencia de la Política Monetaria,02.Jun.25,4.5
tasa_referencia,PD12301MD,diaria,Tasas de interés - Tasa de Referencia de la Política Monetaria,03.Jun.25,4.5
tasa_referencia,PD12301MD,diaria,Tasas de interés - Tasa de Referencia de la Política Monetaria,04.Jun.25,4.5
tasa_referencia,PD12301MD,diaria,Tasas de interés - Tasa de Referencia de la Política Monetaria,05.Jun.25,4.5
tasa_referencia,PD12301MD,diaria,Tasas de interés - Tasa de Referencia de la Política Monetaria,06.Jun.25,4.5
tasa_referencia,PD12301MD,diaria,Tasas de interés - Tasa de Referencia de la Política Monetaria,09.Jun.25,4.5
tasa_referencia,PD12301MD,diaria,Tasas de interés - Tasa de Referencia de la Política Monetaria,10.Jun.25,4.5
tasa_referencia,PD12301MD,diaria,Tasas de interés - Tasa de Referencia de la Política Monetaria,11.Jun.25,4.5
tasa_referencia,PD12301MD,diaria,Tasas de interés - Tasa de Referencia de la Política Monetaria,12.Jun.25,4.5
tasa_referencia,PD12301MD,diaria,Tasas de interés - Tasa de Referencia de la Política Monetaria,13.Jun.25,4.5
tasa_referencia,PD12301MD,diaria,Tasas de interés - Tasa de Referencia de la Política Monetaria,16.Jun.25,4.5
tasa_referencia,PD12301MD,diaria,Tasas de interés - Tasa de Referencia de la Política Monetaria,17.Jun.25,4.5
tasa_referencia,PD12301MD,diaria,Tasas de interés - Tasa de Referencia de la Política Monetaria,18.Jun.25,4.5
tasa_referencia,PD12301MD,diaria,Tasas de interés - Tasa de Referencia de la Política Monetaria,19.Jun.25,4.5
tasa_referencia,PD12301MD,diaria,Tasas de interés - Tasa de Referencia de la Política Monetaria,20.Jun.25,4.5
tasa_referencia,PD12301MD,diaria,Tasas de interés - Tasa de Referencia de la Política Monetaria,23.Jun.25,4.5
tasa_referencia,PD12301MD,diaria,Tasas de interés - Tasa de Referencia de la Política Monetaria,24.Jun.25,4.5
tasa_referencia,PD12301MD,diaria,Tasas de interés - Tasa de Referencia de la Política Monetaria,25.Jun.25,4.5
tasa_referencia,PD12301MD,diaria,Tasas de interés - Tasa de Referencia de la Política Monetaria,26.Jun.25,4.5
tasa_referencia,PD12301MD,diaria,Tasas de interés - Tasa de Referencia de la Política Monetaria,27.Jun.25,4.5
tasa_referencia,PD12301MD,diaria,Tasas de interés - Tasa de Referencia de la Política Monetaria,30.Jun.25,4.5
tasa_referencia,PD12301MD,diaria,Tasas de interés - Tasa de Referencia de la Política Monetaria,01.Jul.25,4.5
tasa_referencia,PD12301MD,diaria,Tasas de interés - Tasa de Referencia de la Política Monetaria,02.Jul.25,4.5
tasa_referencia,PD12301MD,diaria,Tasas de interés - Tasa de Referencia de la Política Monetaria,03.Jul.25,4.5
tasa_referencia,PD12301MD,diaria,Tasas de interés - Tasa de Referencia de la Política Monetaria,04.Jul.25,4.5
tasa_referencia,PD12301MD,diaria,Tasas de interés - Tasa de Referencia de la Política Monetaria,07.Jul.25,4.5
tasa_referencia,PD12301MD,diaria,Tasas de interés - Tasa de Referencia de la Política Monetaria,08.Jul.25,4.5
tasa_referencia,PD12301MD,diaria,Tasas de interés - Tasa de Referencia de la Política Monetaria,09.Jul.25,4.5
tasa_referencia,PD12301MD,diaria,Tasas de interés - Tasa de Referencia de la Política Monetaria,10.Jul.25,4.5
tasa_referencia,PD12301MD,diaria,Tasas de interés - Tasa de Referencia de la Política Monetaria,11.Jul.25,4.5
tasa_referencia,PD12301MD,diaria,Tasas de interés - Tasa de Referencia de la Política Monetaria,14.Jul.25,4.5
tasa_referencia,PD12301MD,diaria,Tasas de interés - Tasa de Referencia de la Política Monetaria,15.Jul.25,4.5
tasa_referencia,PD12301MD,diaria,Tasas de interés - Tasa de Referencia de la Política Monetaria,16.Jul.25,4.5
tasa_referencia,PD12301MD,diaria,Tasas de interés - Tasa de Referencia de la Política Monetaria,17.Jul.25,4.5
tasa_referencia,PD12301MD,diaria,Tasas de interés - Tasa de Referencia de la Política Monetaria,18.Jul.25,4.5
tasa_referencia,PD12301MD,diaria,Tasas de interés - Tasa de Referencia de la Política Monetaria,21.Jul.25,4.5
tasa_referencia,PD12301MD,diaria,Tasas de interés - Tasa de Referencia de la Política Monetaria,22.Jul.25,4.5
tasa_referencia,PD12301MD,diaria,Tasas de interés - Tasa de Referencia de la Política Monetaria,23.Jul.25,n.d.
tasa_referencia,PD12301MD,diaria,Tasas de interés - Tasa de Referencia de la Política Monetaria,24.Jul.25,4.5
tasa_referencia,PD12301MD,diaria,Tasas de interés - Tasa de Referencia de la Política Monetaria,25.Jul.25,4.5
tasa_referencia,PD12301MD,diaria,Tasas de interés - Tasa de Referencia de la Política Monetaria,28.Jul.25,n.d.
tasa_referencia,PD12301MD,diaria,Tasas de interés - Tasa de Referencia de la Política Monetaria,29.Jul.25,n.d.
tasa_referencia,PD12301MD,diaria,Tasas de interés - Tasa de Referencia de la Política Monetaria,30.Jul.25,4.5
tasa_referencia,PD12301MD,diaria,Tasas de interés - Tasa de Referencia de la Política Monetaria,31.Jul.25,4.5
tasa_referencia,PD12301MD,diaria,Tasas de interés - Tasa de Referencia de la Política Monetaria,01.Ago.25,4.5
tasa_referencia,PD12301MD,diaria,Tasas de interés - Tasa de Referencia de la Política Monetaria,04.Ago.25,4.5
tasa_referencia,PD12301MD,diaria,Tasas de interés - Tasa de Referencia de la Política Monetaria,05.Ago.25,4.5
tasa_referencia,PD12301MD,diaria,Tasas de interés - Tasa de Referencia de la Política Monetaria,06.Ago.25,n.d.
tasa_referencia,PD12301MD,diaria,Tasas de interés - Tasa de Referencia de la Política Monetaria,07.Ago.25,4.5
tasa_referencia,PD12301MD,diaria,Tasas de interés - Tasa de Referencia de la Política Monetaria,08.Ago.25,4.5
tasa_referencia,PD12301MD,diaria,Tasas de interés - Tasa de Referencia de la Política Monetaria,11.Ago.25,4.5
tasa_referencia,PD12301MD,diaria,Tasas de interés - Tasa de Referencia de la Política Monetaria,12.Ago.25,4.5
tasa_referencia,PD12301MD,diaria,Tasas de interés - Tasa de Referencia de la Política Monetaria,13.Ago.25,4.5
tasa_referencia,PD12301MD,diaria,Tasas de interés - Tasa de Referencia de la Política Monetaria,14.Ago.25,4.5
tasa_referencia,PD12301MD,diaria,Tasas de interés - Tasa de Referencia de la Política Monetaria,15.Ago.25,4.5
tasa_referencia,PD12301MD,diaria,Tasas de interés - Tasa de Referencia de la Política Monetaria,18.Ago.25,4.5
tasa_referencia,PD12301MD,diaria,Tasas de interés - Tasa de Referencia de la Política Monetaria,19.Ago.25,4.5
tasa_referencia,PD12301MD,diaria,Tasas de interés - Tasa de Referencia de la Política Monetaria,20.Ago.25,4.5
tasa_referencia,PD12301MD,diaria,Tasas de interés - Tasa de Referencia de la Política Monetaria,21.Ago.25,4.5
tasa_referencia,PD12301MD,diaria,Tasas de interés - Tasa de Referencia de la Política Monetaria,22.Ago.25,4.5
tasa_referencia,PD12301MD,diaria,Tasas de interés - Tasa de Referencia de la Política Monetaria,25.Ago.25,4.5
tasa_referencia,PD12301MD,diaria,Tasas de interés - Tasa de Referencia de la Política Monetaria,26.Ago.25,4.5
tasa_referencia,PD12301MD,diaria,Tasas de interés - Tasa de Referencia de la Política Monetaria,27.Ago.25,4.5
tasa_referencia,PD12301MD,diaria,Tasas de interés - Tasa de Referencia de la Política Monetaria,28.Ago.25,4.5
tasa_referencia,PD12301MD,diaria,Tasas de interés - Tasa de Referencia de la Política Monetaria,29.Ago.25,4.5
tasa_referencia,PD12301MD,diaria,Tasas de interés - Tasa de Referencia de la Política Monetaria,01.Set.25,4.5
tasa_referencia,PD12301MD,diaria,Tasas de interés - Tasa de Referencia de la Política Monetaria,02.Set.25,4.5
tasa_referencia,PD12301MD,diaria,Tasas de interés - Tasa de Referencia de la Política Monetaria,03.Set.25,4.5
tasa_referencia,PD12301MD,diaria,Tasas de interés - Tasa de Referencia de la Política Monetaria,04.Set.25,4.5
tasa_referencia,PD12301MD,diaria,Tasas de interés - Tasa de Referencia de la Política Monetaria,05.Set.25,4.5
tasa_referencia,PD12301MD,diaria,Tasas de interés - Tasa de Referencia de la Política Monetaria,08.Set.25,4.5
tasa_referencia,PD12301MD,diaria,Tasas de interés - Tasa de Referencia de la Política Monetaria,09.Set.25,4.5
tasa_referencia,PD12301MD,diaria,Tasas de interés - Tasa de Referencia de la Política Monetaria,10.Set.25,4.5
tasa_referencia,PD12301MD,diaria,Tasas de interés - Tasa de Referencia de la Política Monetaria,11.Set.25,4.5
tasa_referencia,PD12301MD,diaria,Tasas de interés - Tasa de Referencia de la Política Monetaria,12.Set.25,4.25
tasa_referencia,PD12301MD,diaria,Tasas de interés - Tasa de Referencia de la Política Monetaria,15.Set.25,4.25
tasa_referencia,PD12301MD,diaria,Tasas de interés - Tasa de Referencia de la Política Monetaria,16.Set.25,4.25
tasa_referencia,PD12301MD,diaria,Tasas de interés - Tasa de Referencia de la Política Monetaria,17.Set.25,4.25
tasa_referencia,PD12301MD,diaria,Tasas de interés - Tasa de Referencia de la Política Monetaria,18.Set.25,4.25
tasa_referencia,PD12301MD,diaria,Tasas de interés - Tasa de Referencia de la Política Monetaria,19.Set.25,4.25
tasa_referencia,PD12301MD,diaria,Tasas de interés - Tasa de Referencia de la Política Monetaria,22.Set.25,4.25
tasa_referencia,PD12301MD,diaria,Tasas de interés - Tasa de Referencia de la Política Monetaria,23.Set.25,4.25
tasa_referencia,PD12301MD,diaria,Tasas de interés - Tasa de Referencia de la Política Monetaria,24.Set.25,4.25
tasa_referencia,PD12301MD,diaria,Tasas de interés - Tasa de Referencia de la Política Monetaria,25.Set.25,4.25
tasa_referencia,PD12301MD,diaria,Tasas de interés - Tasa de Referencia de la Política Monetaria,26.Set.25,4.25
tasa_referencia,PD12301MD,diaria,Tasas de interés - Tasa de Referencia de la Política Monetaria,29.Set.25,4.25
tasa_referencia,PD12301MD,diaria,Tasas de interés - Tasa de Referencia de la Política Monetaria,30.Set.25,4.25
tasa_referencia,PD12301MD,diaria,Tasas de interés - Tasa de Referencia de la Política Monetaria,01.Oct.25,4.25
tasa_referencia,PD12301MD,diaria,Tasas de interés - Tasa de Referencia de la Política Monetaria,02.Oct.25,4.25
tasa_referencia,PD12301MD,diaria,Tasas de interés - Tasa de Referencia de la Política Monetaria,03.Oct.25,4.25
tasa_referencia,PD12301MD,diaria,Tasas de interés - Tasa de Referencia de la Política Monetaria,06.Oct.25,4.25
tasa_referencia,PD12301MD,diaria,Tasas de interés - Tasa de Referencia de la Política Monetaria,07.Oct.25,4.25
tasa_referencia,PD12301MD,diaria,Tasas de interés - Tasa de Referencia de la Política Monetaria,08.Oct.25,n.d.
tasa_referencia,PD12301MD,diaria,Tasas de interés - Tasa de Referencia de la Política Monetaria,09.Oct.25,4.25
tasa_referencia,PD12301MD,diaria,Tasas de interés - Tasa de Referencia de la Política Monetaria,10.Oct.25,4.25
tasa_referencia,PD12301MD,diaria,Tasas de interés - Tasa de Referencia de la Política Monetaria,13.Oct.25,4.25
tasa_referencia,PD12301MD,diaria,Tasas de interés - Tasa de Referencia de la Política Monetaria,14.Oct.25,4.25
tasa_referencia,PD12301MD,diaria,Tasas de interés - Tasa de Referencia de la Política Monetaria,15.Oct.25,4.25
tasa_referencia,PD12301MD,diaria,Tasas de interés - Tasa de Referencia de la Política Monetaria,16.Oct.25,4.25
tasa_referencia,PD12301MD,diaria,Tasas de interés - Tasa de Referencia de la Política Monetaria,17.Oct.25,4.25
tasa_referencia,PD12301MD,diaria,Tasas de interés - Tasa de Referencia de la Política Monetaria,20.Oct.25,4.25
tasa_referencia,PD12301MD,diaria,Tasas de interés - Tasa de Referencia de la Política Monetaria,21.Oct.25,4.25
tasa_referencia,PD12301MD,diaria,Tasas de interés - Tasa de Referencia de la Política Monetaria,22.Oct.25,4.25
tasa_referencia,PD12301MD,diaria,Tasas de interés - Tasa de Referencia de la Política Monetaria,23.Oct.25,4.25
tasa_referencia,PD12301MD,diaria,Tasas de interés - Tasa de Referencia de la Política Monetaria,24.Oct.25,4.25
tasa_referencia,PD12301MD,diaria,Tasas de interés - Tasa de Referencia de la Política Monetaria,27.Oct.25,4.25
tasa_referencia,PD12301MD,diaria,Tasas de interés - Tasa de Referencia de la Política Monetaria,28.Oct.25,4.25
tasa_referencia,PD12301MD,diaria,Tasas de interés - Tasa de Referencia de la Política Monetaria,29.Oct.25,4.25
tasa_referencia,PD12301MD,diaria,Tasas de interés - Tasa de Referencia de la Política Monetaria,30.Oct.25,4.25
tasa_referencia,PD12301MD,diaria,Tasas de interés - Tasa de Referencia de la Política Monetaria,31.Oct.25,4.25
tasa_referencia,PD12301MD,diaria,Tasas de interés - Tasa de Referencia de la Política Monetaria,03.Nov.25,4.25
tasa_referencia,PD12301MD,diaria,Tasas de interés - Tasa de Referencia de la Política Monetaria,04.Nov.25,4.25
tasa_referencia,PD12301MD,diaria,Tasas de interés - Tasa de Referencia de la Política Monetaria,05.Nov.25,4.25
tasa_referencia,PD12301MD,diaria,Tasas de interés - Tasa de Referencia de la Política Monetaria,06.Nov.25,4.25
tasa_referencia,PD12301MD,diaria,Tasas de interés - Tasa de Referencia de la Política Monetaria,07.Nov.25,4.25
tasa_referencia,PD12301MD,diaria,Tasas de interés - Tasa de Referencia de la Política Monetaria,10.Nov.25,4.25
tasa_referencia,PD12301MD,diaria,Tasas de interés - Tasa de Referencia de la Política Monetaria,11.Nov.25,4.25
tasa_referencia,PD12301MD,diaria,Tasas de interés - Tasa de Referencia de la Política Monetaria,12.Nov.25,4.25
tasa_referencia,PD12301MD,diaria,Tasas de interés - Tasa de Referencia de la Política Monetaria,13.Nov.25,4.25
tasa_referencia,PD12301MD,diaria,Tasas de interés - Tasa de Referencia de la Política Monetaria,14.Nov.25,4.25
tasa_referencia,PD12301MD,diaria,Tasas de interés - Tasa de Referencia de la Política Monetaria,17.Nov.25,4.25
tasa_referencia,PD12301MD,diaria,Tasas de interés - Tasa de Referencia de la Política Monetaria,18.Nov.25,4.25
tasa_referencia,PD12301MD,diaria,Tasas de interés - Tasa de Referencia de la Política Monetaria,19.Nov.25,4.25
tasa_referencia,PD12301MD,diaria,Tasas de interés - Tasa de Referencia de la Política Monetaria,20.Nov.25,4.25
tasa_referencia,PD12301MD,diaria,Tasas de interés - Tasa de Referencia de la Política Monetaria,21.Nov.25,4.25
tasa_referencia,PD12301MD,diaria,Tasas de interés - Tasa de Referencia de la Política Monetaria,24.Nov.25,4.25
tasa_referencia,PD12301MD,diaria,Tasas de interés - Tasa de Referencia de la Política Monetaria,25.Nov.25,4.25
tasa_referencia,PD12301MD,diaria,Tasas de interés - Tasa de Referencia de la Política Monetaria,26.Nov.25,4.25
tasa_referencia,PD12301MD,diaria,Tasas de interés - Tasa de Referencia de la Política Monetaria,27.Nov.25,4.25
tasa_referencia,PD12301MD,diaria,Tasas de interés - Tasa de Referencia de la Política Monetaria,28.Nov.25,4.25
tasa_referencia,PD12301MD,diaria,Tasas de interés - Tasa de Referencia de la Política Monetaria,01.Dic.25,4.25
tasa_referencia,PD12301MD,diaria,Tasas de interés - Tasa de Referencia de la Política Monetaria,02.Dic.25,4.25
tasa_referencia,PD12301MD,diaria,Tasas de interés - Tasa de Referencia de la Política Monetaria,03.Dic.25,4.25
tasa_referencia,PD12301MD,diaria,Tasas de interés - Tasa de Referencia de la Política Monetaria,04.Dic.25,4.25
tasa_referencia,PD12301MD,diaria,Tasas de interés - Tasa de Referencia de la Política Monetaria,05.Dic.25,4.25
tasa_referencia,PD12301MD,diaria,Tasas de interés - Tasa de Referencia de la Política Monetaria,08.Dic.25,n.d.
tasa_referencia,PD12301MD,diaria,Tasas de interés - Tasa de Referencia de la Política Monetaria,09.Dic.25,n.d.
tasa_referencia,PD12301MD,diaria,Tasas de interés - Tasa de Referencia de la Política Monetaria,10.Dic.25,4.25
tasa_referencia,PD12301MD,diaria,Tasas de interés - Tasa de Referencia de la Política Monetaria,11.Dic.25,4.25
tasa_referencia,PD12301MD,diaria,Tasas de interés - Tasa de Referencia de la Política Monetaria,12.Dic.25,4.25
tasa_referencia,PD12301MD,diaria,Tasas de interés - Tasa de Referencia de la Política Monetaria,15.Dic.25,4.25
tasa_referencia,PD12301MD,diaria,Tasas de interés - Tasa de Referencia de la Política Monetaria,16.Dic.25,4.25
tasa_referencia,PD12301MD,diaria,Tasas de interés - Tasa de Referencia de la Política Monetaria,17.Dic.25,4.25
tasa_referencia,PD12301MD,diaria,Tasas de interés - Tasa de Referencia de la Política Monetaria,18.Dic.25,4.25
tasa_referencia,PD12301MD,diaria,Tasas de interés - Tasa de Referencia de la Política Monetaria,19.Dic.25,4.25
tasa_referencia,PD12301MD,diaria,Tasas de interés - Tasa de Referencia de la Política Monetaria,22.Dic.25,4.25
tasa_referencia,PD12301MD,diaria,Tasas de interés - Tasa de Referencia de la Política Monetaria,23.Dic.25,4.25
tasa_referencia,PD12301MD,diaria,Tasas de interés - Tasa de Referencia de la Política Monetaria,24.Dic.25,4.25
tasa_referencia,PD12301MD,diaria,Tasas de interés - Tasa de Referencia de la Política Monetaria,25.Dic.25,n.d.
tasa_referencia,PD12301MD,diaria,Tasas de interés - Tasa de Referencia de la Política Monetaria,26.Dic.25,n.d.
tasa_referencia,PD12301MD,diaria,Tasas de interés - Tasa de Referencia de la Política Monetaria,29.Dic.25,4.25
tasa_referencia,PD12301MD,diaria,Tasas de interés - Tasa de Referencia de la Política Monetaria,30.Dic.25,4.25
tasa_referencia,PD12301MD,diaria,Tasas de interés - Tasa de Referencia de la Política Monetaria,31.Dic.25,4.25
tasa_referencia,PD12301MD,diaria,Tasas de interés - Tasa de Referencia de la Política Monetaria,01.Ene.26,n.d.
tasa_referencia,PD12301MD,diaria,Tasas de interés - Tasa de Referencia de la Política Monetaria,02.Ene.26,n.d.
tasa_referencia,PD12301MD,diaria,Tasas de interés - Tasa de Referencia de la Política Monetaria,05.Ene.26,4.25
tasa_referencia,PD12301MD,diaria,Tasas de interés - Tasa de Referencia de la Política Monetaria,06.Ene.26,4.25
tasa_referencia,PD12301MD,diaria,Tasas de interés - Tasa de Referencia de la Política Monetaria,07.Ene.26,4.25
tasa_referencia,PD12301MD,diaria,Tasas de interés - Tasa de Referencia de la Política Monetaria,08.Ene.26,4.25
tasa_referencia,PD12301MD,diaria,Tasas de interés - Tasa de Referencia de la Política Monetaria,09.Ene.26,4.25
tasa_referencia,PD12301MD,diaria,Tasas de interés - Tasa de Referencia de la Política Monetaria,12.Ene.26,4.25
tasa_referencia,PD12301MD,diaria,Tasas de interés - Tasa de Referencia de la Política Monetaria,13.Ene.26,4.25
tasa_referencia,PD12301MD,diaria,Tasas de interés - Tasa de Referencia de la Política Monetaria,14.Ene.26,4.25
tasa_referencia,PD12301MD,diaria,Tasas de interés - Tasa de Referencia de la Política Monetaria,15.Ene.26,4.25
tasa_referencia,PD12301MD,diaria,Tasas de interés - Tasa de Referencia de la Política Monetaria,16.Ene.26,4.25
tasa_referencia,PD12301MD,diaria,Tasas de interés - Tasa de Referencia de la Política Monetaria,19.Ene.26,4.25
tasa_referencia,PD12301MD,diaria,Tasas de interés - Tasa de Referencia de la Política Monetaria,20.Ene.26,4.25
tasa_referencia,PD12301MD,diaria,Tasas de interés - Tasa de Referencia de la Política Monetaria,21.Ene.26,4.25
tasa_referencia,PD12301MD,diaria,Tasas de interés - Tasa de Referencia de la Política Monetaria,22.Ene.26,4.25
tasa_referencia,PD12301MD,diaria,Tasas de interés - Tasa de Referencia de la Política Monetaria,23.Ene.26,4.25
tasa_referencia,PD12301MD,diaria,Tasas de interés - Tasa de Referencia de la Política Monetaria,26.Ene.26,4.25
tasa_referencia,PD12301MD,diaria,Tasas de interés - Tasa de Referencia de la Política Monetaria,27.Ene.26,4.25
tasa_referencia,PD12301MD,diaria,Tasas de interés - Tasa de Referencia de la Política Monetaria,28.Ene.26,4.25
tasa_referencia,PD12301MD,diaria,Tasas de interés - Tasa de Referencia de la Política Monetaria,29.Ene.26,4.25
tasa_referencia,PD12301MD,diaria,Tasas de interés - Tasa de Referencia de la Política Monetaria,30.Ene.26,4.25
tasa_referencia,PD12301MD,diaria,Tasas de interés - Tasa de Referencia de la Política Monetaria,02.Feb.26,4.25
tasa_referencia,PD12301MD,diaria,Tasas de interés - Tasa de Referencia de la Política Monetaria,03.Feb.26,4.25
tasa_referencia,PD12301MD,diaria,Tasas de interés - Tasa de Referencia de la Política Monetaria,04.Feb.26,4.25
tasa_referencia,PD12301MD,diaria,Tasas de interés - Tasa de Referencia de la Política Monetaria,05.Feb.26,4.25
tasa_referencia,PD12301MD,diaria,Tasas de interés - Tasa de Referencia de la Política Monetaria,06.Feb.26,4.25
tasa_referencia,PD12301MD,diaria,Tasas de interés - Tasa de Referencia de la Política Monetaria,09.Feb.26,4.25
tasa_referencia,PD12301MD,diaria,Tasas de interés - Tasa de Referencia de la Política Monetaria,10.Feb.26,4.25
tasa_referencia,PD12301MD,diaria,Tasas de interés - Tasa de Referencia de la Política Monetaria,11.Feb.26,4.25
tasa_referencia,PD12301MD,diaria,Tasas de interés - Tasa de Referencia de la Política Monetaria,12.Feb.26,4.25
tasa_referencia,PD12301MD,diaria,Tasas de interés - Tasa de Referencia de la Política Monetaria,13.Feb.26,4.25
tasa_referencia,PD12301MD,diaria,Tasas de interés - Tasa de Referencia de la Política Monetaria,16.Feb.26,4.25
tasa_referencia,PD12301MD,diaria,Tasas de interés - Tasa de Referencia de la Política Monetaria,17.Feb.26,4.25
tasa_referencia,PD12301MD,diaria,Tasas de interés - Tasa de Referencia de la Política Monetaria,18.Feb.26,4.25
tasa_referencia,PD12301MD,diaria,Tasas de interés - Tasa de Referencia de la Política Monetaria,19.Feb.26,4.25
tasa_referencia,PD12301MD,diaria,Tasas de interés - Tasa de Referencia de la Política Monetaria,20.Feb.26,4.25
tasa_referencia,PD12301MD,diaria,Tasas de interés - Tasa de Referencia de la Política Monetaria,23.Feb.26,4.25
tasa_referencia,PD12301MD,diaria,Tasas de interés - Tasa de Referencia de la Política Monetaria,24.Feb.26,4.25
tasa_referencia,PD12301MD,diaria,Tasas de interés - Tasa de Referencia de la Política Monetaria,25.Feb.26,4.25
tasa_referencia,PD12301MD,diaria,Tasas de interés - Tasa de Referencia de la Política Monetaria,26.Feb.26,4.25
tasa_referencia,PD12301MD,diaria,Tasas de interés - Tasa de Referencia de la Política Monetaria,27.Feb.26,4.25
tasa_referencia,PD12301MD,diaria,Tasas de interés - Tasa de Referencia de la Política Monetaria,02.Mar.26,4.25
tasa_referencia,PD12301MD,diaria,Tasas de interés - Tasa de Referencia de la Política Monetaria,03.Mar.26,4.25
tasa_referencia,PD12301MD,diaria,Tasas de interés - Tasa de Referencia de la Política Monetaria,04.Mar.26,4.25
tasa_referencia,PD12301MD,diaria,Tasas de interés - Tasa de Referencia de la Política Monetaria,05.Mar.26,4.25
tasa_referencia,PD12301MD,diaria,Tasas de interés - Tasa de Referencia de la Política Monetaria,06.Mar.26,4.25
tasa_referencia,PD12301MD,diaria,Tasas de interés - Tasa de Referencia de la Política Monetaria,09.Mar.26,4.25
tasa_referencia,PD12301MD,diaria,Tasas de interés - Tasa de Referencia de la Política Monetaria,10.Mar.26,4.25
tasa_referencia,PD12301MD,diaria,Tasas de interés - Tasa de Referencia de la Política Monetaria,11.Mar.26,4.25
tasa_referencia,PD12301MD,diaria,Tasas de interés - Tasa de Referencia de la Política Monetaria,12.Mar.26,4.25
tasa_referencia,PD12301MD,diaria,Tasas de interés - Tasa de Referencia de la Política Monetaria,13.Mar.26,4.25
tasa_referencia,PD12301MD,diaria,Tasas de interés - Tasa de Referencia de la Política Monetaria,16.Mar.26,4.25
tasa_referencia,PD12301MD,diaria,Tasas de interés - Tasa de Referencia de la Política Monetaria,17.Mar.26,4.25
tasa_referencia,PD12301MD,diaria,Tasas de interés - Tasa de Referencia de la Política Monetaria,18.Mar.26,4.25
tasa_referencia,PD12301MD,diaria,Tasas de interés - Tasa de Referencia de la Política Monetaria,19.Mar.26,4.25
tasa_referencia,PD12301MD,diaria,Tasas de interés - Tasa de Referencia de la Política Monetaria,20.Mar.26,4.25
tasa_referencia,PD12301MD,diaria,Tasas de interés - Tasa de Referencia de la Política Monetaria,23.Mar.26,4.25
tasa_referencia,PD12301MD,diaria,Tasas de interés - Tasa de Referencia de la Política Monetaria,24.Mar.26,4.25
tasa_referencia,PD12301MD,diaria,Tasas de interés - Tasa de Referencia de la Política Monetaria,25.Mar.26,4.25
tasa_referencia,PD12301MD,diaria,Tasas de interés - Tasa de Referencia de la Política Monetaria,26.Mar.26,4.25
tasa_referencia,PD12301MD,diaria,Tasas de interés - Tasa de Referencia de la Política Monetaria,27.Mar.26,4.25
tasa_referencia,PD12301MD,diaria,Tasas de interés - Tasa de Referencia de la Política Monetaria,30.Mar.26,4.25
tasa_referencia,PD12301MD,diaria,Tasas de interés - Tasa de Referencia de la Política Monetaria,31.Mar.26,4.25
tasa_referencia,PD12301MD,diaria,Tasas de interés - Tasa de Referencia de la Política Monetaria,01.Abr.26,4.25
tasa_referencia,PD12301MD,diaria,Tasas de interés - Tasa de Referencia de la Política Monetaria,02.Abr.26,n.d.
tasa_referencia,PD12301MD,diaria,Tasas de interés - Tasa de Referencia de la Política Monetaria,03.Abr.26,n.d.
tasa_referencia,PD12301MD,diaria,Tasas de interés - Tasa de Referencia de la Política Monetaria,06.Abr.26,4.25
tasa_referencia,PD12301MD,diaria,Tasas de interés - Tasa de Referencia de la Política Monetaria,07.Abr.26,4.25
tasa_referencia,PD12301MD,diaria,Tasas de interés - Tasa de Referencia de la Política Monetaria,08.Abr.26,4.25
tasa_referencia,PD12301MD,diaria,Tasas de interés - Tasa de Referencia de la Política Monetaria,09.Abr.26,4.25
tasa_referencia,PD12301MD,diaria,Tasas de interés - Tasa de Referencia de la Política Monetaria,10.Abr.26,4.25
tasa_referencia,PD12301MD,diaria,Tasas de interés - Tasa de Referencia de la Política Monetaria,13.Abr.26,4.25
tasa_referencia,PD12301MD,diaria,Tasas de interés - Tasa de Referencia de la Política Monetaria,14.Abr.26,4.25
tasa_referencia,PD12301MD,diaria,Tasas de interés - Tasa de Referencia de la Política Monetaria,15.Abr.26,4.25
tasa_referencia,PD12301MD,diaria,Tasas de interés - Tasa de Referencia de la Política Monetaria,16.Abr.26,4.25
tasa_referencia,PD12301MD,diaria,Tasas de interés - Tasa de Referencia de la Política Monetaria,17.Abr.26,4.25
tasa_referencia,PD12301MD,diaria,Tasas de interés - Tasa de Referencia de la Política Monetaria,20.Abr.26,4.25
tasa_referencia,PD12301MD,diaria,Tasas de interés - Tasa de Referencia de la Política Monetaria,21.Abr.26,4.25
tasa_referencia,PD12301MD,diaria,Tasas de interés - Tasa de Referencia de la Política Monetaria,22.Abr.26,4.25
tasa_referencia,PD12301MD,diaria,Tasas de interés - Tasa de Referencia de la Política Monetaria,23.Abr.26,4.25
tasa_referencia,PD12301MD,diaria,Tasas de interés - Tasa de Referencia de la Política Monetaria,24.Abr.26,4.25
tasa_referencia,PD12301MD,diaria,Tasas de interés - Tasa de Referencia de la Política Monetaria,27.Abr.26,4.25
tasa_referencia,PD12301MD,diaria,Tasas de interés - Tasa de Referencia de la Política Monetaria,28.Abr.26,4.25
tasa_referencia,PD12301MD,diaria,Tasas de interés - Tasa de Referencia de la Política Monetaria,29.Abr.26,4.25
tasa_referencia,PD12301MD,diaria,Tasas de interés - Tasa de Referencia de la Política Monetaria,30.Abr.26,4.25
tasa_referencia,PD12301MD,diaria,Tasas de interés - Tasa de Referencia de la Política Monetaria,01.May.26,n.d.
tasa_referencia,PD12301MD,diaria,Tasas de interés - Tasa de Referencia de la Política Monetaria,04.May.26,4.25
tasa_referencia,PD12301MD,diaria,Tasas de interés - Tasa de Referencia de la Política Monetaria,05.May.26,4.25
tasa_referencia,PD12301MD,diaria,Tasas de interés - Tasa de Referencia de la Política Monetaria,06.May.26,4.25
tasa_referencia,PD12301MD,diaria,Tasas de interés - Tasa de Referencia de la Política Monetaria,07.May.26,4.25
tasa_referencia,PD12301MD,diaria,Tasas de interés - Tasa de Referencia de la Política Monetaria,08.May.26,4.25
tasa_referencia,PD12301MD,diaria,Tasas de interés - Tasa de Referencia de la Política Monetaria,11.May.26,4.25
tasa_referencia,PD12301MD,diaria,Tasas de interés - Tasa de Referencia de la Política Monetaria,12.May.26,4.25
tasa_referencia,PD12301MD,diaria,Tasas de interés - Tasa de Referencia de la Política Monetaria,13.May.26,4.25
tasa_referencia,PD12301MD,diaria,Tasas de interés - Tasa de Referencia de la Política Monetaria,14.May.26,4.25
tasa_referencia,PD12301MD,diaria,Tasas de interés - Tasa de Referencia de la Política Monetaria,15.May.26,4.25
tasa_referencia,PD12301MD,diaria,Tasas de interés - Tasa de Referencia de la Política Monetaria,18.May.26,4.25
tasa_referencia,PD12301MD,diaria,Tasas de interés - Tasa de Referencia de la Política Monetaria,19.May.26,4.25
tasa_referencia,PD12301MD,diaria,Tasas de interés - Tasa de Referencia de la Política Monetaria,20.May.26,4.25
tasa_referencia,PD12301MD,diaria,Tasas de interés - Tasa de Referencia de la Política Monetaria,21.May.26,4.25
tasa_referencia,PD12301MD,diaria,Tasas de interés - Tasa de Referencia de la Política Monetaria,22.May.26,4.25
tasa_referencia,PD12301MD,diaria,Tasas de interés - Tasa de Referencia de la Política Monetaria,25.May.26,4.25
tasa_referencia,PD12301MD,diaria,Tasas de interés - Tasa de Referencia de la Política Monetaria,26.May.26,4.25
tasa_referencia,PD12301MD,diaria,Tasas de interés - Tasa de Referencia de la Política Monetaria,27.May.26,4.25
tasa_referencia,PD12301MD,diaria,Tasas de interés - Tasa de Referencia de la Política Monetaria,28.May.26,4.25
tasa_referencia,PD12301MD,diaria,Tasas de interés - Tasa de Referencia de la Política Monetaria,29.May.26,4.25
tasa_referencia,PD12301MD,diaria,Tasas de interés - Tasa de Referencia de la Política Monetaria,01.Jun.26,4.25
tasa_referencia,PD12301MD,diaria,Tasas de interés - Tasa de Referencia de la Política Monetaria,02.Jun.26,4.25
tasa_referencia,PD12301MD,diaria,Tasas de interés - Tasa de Referencia de la Política Monetaria,03.Jun.26,4.25
tasa_referencia,PD12301MD,diaria,Tasas de interés - Tasa de Referencia de la Política Monetaria,04.Jun.26,4.25
tasa_referencia,PD12301MD,diaria,Tasas de interés - Tasa de Referencia de la Política Monetaria,05.Jun.26,4.25
tasa_referencia,PD12301MD,diaria,Tasas de interés - Tasa de Referencia de la Política Monetaria,08.Jun.26,4.25
tasa_referencia,PD12301MD,diaria,Tasas de interés - Tasa de Referencia de la Política Monetaria,09.Jun.26,4.25
tasa_referencia,PD12301MD,diaria,Tasas de interés - Tasa de Referencia de la Política Monetaria,10.Jun.26,4.25
tasa_referencia,PD12301MD,diaria,Tasas de interés - Tasa de Referencia de la Política Monetaria,11.Jun.26,4.25
tasa_referencia,PD12301MD,diaria,Tasas de interés - Tasa de Referencia de la Política Monetaria,12.Jun.26,4.25
tasa_referencia,PD12301MD,diaria,Tasas de interés - Tasa de Referencia de la Política Monetaria,15.Jun.26,4.25
tasa_referencia,PD12301MD,diaria,Tasas de interés - Tasa de Referencia de la Política Monetaria,16.Jun.26,4.25
tasa_referencia,PD12301MD,diaria,Tasas de interés - Tasa de Referencia de la Política Monetaria,17.Jun.26,4.25
tasa_referencia,PD12301MD,diaria,Tasas de interés - Tasa de Referencia de la Política Monetaria,18.Jun.26,4.25
tasa_referencia,PD12301MD,diaria,Tasas de interés - Tasa de Referencia de la Política Monetaria,19.Jun.26,4.25
tasa_referencia,PD12301MD,diaria,Tasas de interés - Tasa de Referencia de la Política Monetaria,22.Jun.26,4.25
tasa_referencia,PD12301MD,diaria,Tasas de interés - Tasa de Referencia de la Política Monetaria,23.Jun.26,4.25
tasa_referencia,PD12301MD,diaria,Tasas de interés - Tasa de Referencia de la Política Monetaria,24.Jun.26,4.25
tasa_referencia,PD12301MD,diaria,Tasas de interés - Tasa de Referencia de la Política Monetaria,25.Jun.26,4.25
tasa_referencia,PD12301MD,diaria,Tasas de interés - Tasa de Referencia de la Política Monetaria,26.Jun.26,4.25
tasa_referencia,PD12301MD,diaria,Tasas de interés - Tasa de Referencia de la Política Monetaria,29.Jun.26,n.d.
tasa_referencia,PD12301MD,diaria,Tasas de interés - Tasa de Referencia de la Política Monetaria,30.Jun.26,4.25
tasa_referencia,PD12301MD,diaria,Tasas de interés - Tasa de Referencia de la Política Monetaria,01.Jul.26,4.25
tasa_referencia,PD12301MD,diaria,Tasas de interés - Tasa de Referencia de la Política Monetaria,02.Jul.26,4.25
tasa_referencia,PD12301MD,diaria,Tasas de interés - Tasa de Referencia de la Política Monetaria,03.Jul.26,4.25
tasa_referencia,PD12301MD,diaria,Tasas de interés - Tasa de Referencia de la Política Monetaria,06.Jul.26,4.25
tasa_referencia,PD12301MD,diaria,Tasas de interés - Tasa de Referencia de la Política Monetaria,07.Jul.26,4.25
tasa_referencia,PD12301MD,diaria,Tasas de interés - Tasa de Referencia de la Política Monetaria,08.Jul.26,4.25
tasa_referencia,PD12301MD,diaria,Tasas de interés - Tasa de Referencia de la Política Monetaria,09.Jul.26,4.25
tasa_referencia,PD12301MD,diaria,Tasas de interés - Tasa de Referencia de la Política Monetaria,10.Jul.26,4.25
tasa_referencia,PD12301MD,diaria,Tasas de interés - Tasa de Referencia de la Política Monetaria,13.Jul.26,4.25
tasa_referencia,PD12301MD,diaria,Tasas de interés - Tasa de Referencia de la Política Monetaria,14.Jul.26,4.25
tasa_referencia,PD12301MD,diaria,Tasas de interés - Tasa de Referencia de la Política Monetaria,15.Jul.26,4.25
tasa_referencia,PD12301MD,diaria,Tasas de interés - Tasa de Referencia de la Política Monetaria,16.Jul.26,4.25
tasa_referencia,PD12301MD,diaria,Tasas de interés - Tasa de Referencia de la Política Monetaria,17.Jul.26,4.25
tasa_referencia,PD12301MD,diaria,Tasas de interés - Tasa de Referencia de la Política Monetaria,20.Jul.26,4.25
tasa_referencia,PD12301MD,diaria,Tasas de interés - Tasa de Referencia de la Política Monetaria,21.Jul.26,4.25
tasa_referencia,PD12301MD,diaria,Tasas de interés - Tasa de Referencia de la Política Monetaria,22.Jul.26,4.25
tasa_referencia,PD12301MD,diaria,Tasas de interés - Tasa de Referencia de la Política Monetaria,23.Jul.26,n.d.
tasa_referencia,PD12301MD,diaria,Tasas de interés - Tasa de Referencia de la Política Monetaria,24.Jul.26,4.25
tasa_referencia,PD12301MD,diaria,Tasas de interés - Tasa de Referencia de la Política Monetaria,27.Jul.26,n.d.
tasa_referencia,PD12301MD,diaria,Tasas de interés - Tasa de Referencia de la Política Monetaria,28.Jul.26,n.d.
tasa_referencia,PD12301MD,diaria,Tasas de interés - Tasa de Referencia de la Política Monetaria,29.Jul.26,n.d.
tasa_referencia,PD12301MD,diaria,Tasas de interés - Tasa de Referencia de la Política Monetaria,30.Jul.26,4.25
tasa_referencia,PD12301MD,diaria,Tasas de interés - Tasa de Referencia de la Política Monetaria,31.Jul.26,4.25
tasa_referencia,PD12301MD,diaria,Tasas de interés - Tasa de Referencia de la Política Monetaria,03.Ago.26,4.25
tasa_referencia,PD12301MD,diaria,Tasas de interés - Tasa de Referencia de la Política Monetaria,04.Ago.26,4.25
tasa_referencia,PD12301MD,diaria,Tasas de interés - Tasa de Referencia de la Política Monetaria,05.Ago.26,4.25
tasa_referencia,PD12301MD,diaria,Tasas de interés - Tasa de Referencia de la Política Monetaria,06.Ago.26,n.d.
tasa_referencia,PD12301MD,diaria,Tasas de interés - Tasa de Referencia de la Política Monetaria,07.Ago.26,4.25
tasa_referencia,PD12301MD,diaria,Tasas de interés - Tasa de Referencia de la Política Monetaria,10.Ago.26,4.25
tasa_referencia,PD12301MD,diaria,Tasas de interés - Tasa de Referencia de la Política Monetaria,11.Ago.26,4.25
tasa_referencia,PD12301MD,diaria,Tasas de interés - Tasa de Referencia de la Política Monetaria,12.Ago.26,4.25
tasa_referencia,PD12301MD,diaria,Tasas de interés - Tasa de Referencia de la Política Monetaria,13.Ago.26,4.25
tasa_referencia,PD12301MD,diaria,Tasas de interés - Tasa de Referencia de la Política Monetaria,14.Ago.26,4.25
tasa_referencia,PD12301MD,diaria,Tasas de interés - Tasa de Referencia de la Política Monetaria,17.Ago.26,4.25
tasa_referencia,PD12301MD,diaria,Tasas de interés - Tasa de Referencia de la Política Monetaria,18.Ago.26,4.25
tasa_referencia,PD12301MD,diaria,Tasas de interés - Tasa de Referencia de la Política Monetaria,19.Ago.26,4.25
tasa_referencia,PD12301MD,diaria,Tasas de interés - Tasa de Referencia de la Política Monetaria,20.Ago.26,4.25
tasa_referencia,PD12301MD,diaria,Tasas de interés - Tasa de Referencia de la Política Monetaria,21.Ago.26,4.25
tasa_referencia,PD12301MD,diaria,Tasas de interés - Tasa de Referencia de la Política Monetaria,24.Ago.26,4.25
tasa_referencia,PD12301MD,diaria,Tasas de interés - Tasa de Referencia de la Política Monetaria,25.Ago.26,4.25
tasa_referencia,PD12301MD,diaria,Tasas de interés - Tasa de Referencia de la Política Monetaria,26.Ago.26,4.25
tasa_referencia,PD12301MD,diaria,Tasas de interés - Tasa de Referencia de la Política Monetaria,27.Ago.26,4.25
tasa_referencia,PD12301MD,diaria,Tasas de interés - Tasa de Referencia de la Política Monetaria,28.Ago.26,4.25
tasa_referencia,PD12301MD,diaria,Tasas de interés - Tasa de Referencia de la Política Monetaria,31.Ago.26,4.25
rend_bono10_usa,PD04719XD,diaria,Tasas de interés internacionales - Bonos del Tesoro EE.UU. - 10 años (%),04.Ene.21,0.918
rend_bono10_usa,PD04719XD,diaria,Tasas de interés internacionales - Bonos del Tesoro EE.UU. - 10 años (%),05.Ene.21,0.955
rend_bono10_usa,PD04719XD,diaria,Tasas de interés internacionales - Bonos del Tesoro EE.UU. - 10 años (%),06.Ene.21,1.039
rend_bono10_usa,PD04719XD,diaria,Tasas de interés internacionales - Bonos del Tesoro EE.UU. - 10 años (%),07.Ene.21,1.081
rend_bono10_usa,PD04719XD,diaria,Tasas de interés internacionales - Bonos del Tesoro EE.UU. - 10 años (%),08.Ene.21,1.119
rend_bono10_usa,PD04719XD,diaria,Tasas de interés internacionales - Bonos del Tesoro EE.UU. - 10 años (%),11.Ene.21,1.144
rend_bono10_usa,PD04719XD,diaria,Tasas de interés internacionales - Bonos del Tesoro EE.UU. - 10 años (%),12.Ene.21,1.129
rend_bono10_usa,PD04719XD,diaria,Tasas de interés internacionales - Bonos del Tesoro EE.UU. - 10 años (%),13.Ene.21,1.092
rend_bono10_usa,PD04719XD,diaria,Tasas de interés internacionales - Bonos del Tesoro EE.UU. - 10 años (%),14.Ene.21,1.129
rend_bono10_usa,PD04719XD,diaria,Tasas de interés internacionales - Bonos del Tesoro EE.UU. - 10 años (%),15.Ene.21,1.087
rend_bono10_usa,PD04719XD,diaria,Tasas de interés internacionales - Bonos del Tesoro EE.UU. - 10 años (%),18.Ene.21,1.1
rend_bono10_usa,PD04719XD,diaria,Tasas de interés internacionales - Bonos del Tesoro EE.UU. - 10 años (%),19.Ene.21,1.092
rend_bono10_usa,PD04719XD,diaria,Tasas de interés internacionales - Bonos del Tesoro EE.UU. - 10 años (%),20.Ene.21,1.077
rend_bono10_usa,PD04719XD,diaria,Tasas de interés internacionales - Bonos del Tesoro EE.UU. - 10 años (%),21.Ene.21,1.109
rend_bono10_usa,PD04719XD,diaria,Tasas de interés internacionales - Bonos del Tesoro EE.UU. - 10 años (%),22.Ene.21,1.086
rend_bono10_usa,PD04719XD,diaria,Tasas de interés internacionales - Bonos del Tesoro EE.UU. - 10 años (%),25.Ene.21,1.033
rend_bono10_usa,PD04719XD,diaria,Tasas de interés internacionales - Bonos del Tesoro EE.UU. - 10 años (%),26.Ene.21,1.033
rend_bono10_usa,PD04719XD,diaria,Tasas de interés internacionales - Bonos del Tesoro EE.UU. - 10 años (%),27.Ene.21,1.013
rend_bono10_usa,PD04719XD,diaria,Tasas de interés internacionales - Bonos del Tesoro EE.UU. - 10 años (%),28.Ene.21,1.052
rend_bono10_usa,PD04719XD,diaria,Tasas de interés internacionales - Bonos del Tesoro EE.UU. - 10 años (%),29.Ene.21,1.071
rend_bono10_usa,PD04719XD,diaria,Tasas de interés internacionales - Bonos del Tesoro EE.UU. - 10 años (%),01.Feb.21,1.079
rend_bono10_usa,PD04719XD,diaria,Tasas de interés internacionales - Bonos del Tesoro EE.UU. - 10 años (%),02.Feb.21,1.095
rend_bono10_usa,PD04719XD,diaria,Tasas de interés internacionales - Bonos del Tesoro EE.UU. - 10 años (%),03.Feb.21,1.139
rend_bono10_usa,PD04719XD,diaria,Tasas de interés internacionales - Bonos del Tesoro EE.UU. - 10 años (%),04.Feb.21,1.136
rend_bono10_usa,PD04719XD,diaria,Tasas de interés internacionales - Bonos del Tesoro EE.UU. - 10 años (%),05.Feb.21,1.169
rend_bono10_usa,PD04719XD,diaria,Tasas de interés internacionales - Bonos del Tesoro EE.UU. - 10 años (%),08.Feb.21,1.176
rend_bono10_usa,PD04719XD,diaria,Tasas de interés internacionales - Bonos del Tesoro EE.UU. - 10 años (%),09.Feb.21,1.16
rend_bono10_usa,PD04719XD,diaria,Tasas de interés internacionales - Bonos del Tesoro EE.UU. - 10 años (%),10.Feb.21,1.124
rend_bono10_usa,PD04719XD,diaria,Tasas de interés internacionales - Bonos del Tesoro EE.UU. - 10 años (%),11.Feb.21,1.165
rend_bono10_usa,PD04719XD,diaria,Tasas de interés internacionales - Bonos del Tesoro EE.UU. - 10 años (%),12.Feb.21,1.21
rend_bono10_usa,PD04719XD,diaria,Tasas de interés internacionales - Bonos del Tesoro EE.UU. - 10 años (%),15.Feb.21,1.25
rend_bono10_usa,PD04719XD,diaria,Tasas de interés internacionales - Bonos del Tesoro EE.UU. - 10 años (%),16.Feb.21,1.311
rend_bono10_usa,PD04719XD,diaria,Tasas de interés internacionales - Bonos del Tesoro EE.UU. - 10 años (%),17.Feb.21,1.282
rend_bono10_usa,PD04719XD,diaria,Tasas de interés internacionales - Bonos del Tesoro EE.UU. - 10 años (%),18.Feb.21,1.297
rend_bono10_usa,PD04719XD,diaria,Tasas de interés internacionales - Bonos del Tesoro EE.UU. - 10 años (%),19.Feb.21,1.34
rend_bono10_usa,PD04719XD,diaria,Tasas de interés internacionales - Bonos del Tesoro EE.UU. - 10 años (%),22.Feb.21,1.369
rend_bono10_usa,PD04719XD,diaria,Tasas de interés internacionales - Bonos del Tesoro EE.UU. - 10 años (%),23.Feb.21,1.343
rend_bono10_usa,PD04719XD,diaria,Tasas de interés internacionales - Bonos del Tesoro EE.UU. - 10 años (%),24.Feb.21,1.372
rend_bono10_usa,PD04719XD,diaria,Tasas de interés internacionales - Bonos del Tesoro EE.UU. - 10 años (%),25.Feb.21,1.53
rend_bono10_usa,PD04719XD,diaria,Tasas de interés internacionales - Bonos del Tesoro EE.UU. - 10 años (%),26.Feb.21,1.407
rend_bono10_usa,PD04719XD,diaria,Tasas de interés internacionales - Bonos del Tesoro EE.UU. - 10 años (%),01.Mar.21,1.426
rend_bono10_usa,PD04719XD,diaria,Tasas de interés internacionales - Bonos del Tesoro EE.UU. - 10 años (%),02.Mar.21,1.398
rend_bono10_usa,PD04719XD,diaria,Tasas de interés internacionales - Bonos del Tesoro EE.UU. - 10 años (%),03.Mar.21,1.484
rend_bono10_usa,PD04719XD,diaria,Tasas de interés internacionales - Bonos del Tesoro EE.UU. - 10 años (%),04.Mar.21,1.557
rend_bono10_usa,PD04719XD,diaria,Tasas de interés internacionales - Bonos del Tesoro EE.UU. - 10 años (%),05.Mar.21,1.577
rend_bono10_usa,PD04719XD,diaria,Tasas de interés internacionales - Bonos del Tesoro EE.UU. - 10 años (%),08.Mar.21,1.603
rend_bono10_usa,PD04719XD,diaria,Tasas de interés internacionales - Bonos del Tesoro EE.UU. - 10 años (%),09.Mar.21,1.528
rend_bono10_usa,PD04719XD,diaria,Tasas de interés internacionales - Bonos del Tesoro EE.UU. - 10 años (%),10.Mar.21,1.521
rend_bono10_usa,PD04719XD,diaria,Tasas de interés internacionales - Bonos del Tesoro EE.UU. - 10 años (%),11.Mar.21,1.535
rend_bono10_usa,PD04719XD,diaria,Tasas de interés internacionales - Bonos del Tesoro EE.UU. - 10 años (%),12.Mar.21,1.625
rend_bono10_usa,PD04719XD,diaria,Tasas de interés internacionales - Bonos del Tesoro EE.UU. - 10 años (%),15.Mar.21,1.607
rend_bono10_usa,PD04719XD,diaria,Tasas de interés internacionales - Bonos del Tesoro EE.UU. - 10 años (%),16.Mar.21,1.621
rend_bono10_usa,PD04719XD,diaria,Tasas de interés internacionales - Bonos del Tesoro EE.UU. - 10 años (%),17.Mar.21,1.646
rend_bono10_usa,PD04719XD,diaria,Tasas de interés internacionales - Bonos del Tesoro EE.UU. - 10 años (%),18.Mar.21,1.706
rend_bono10_usa,PD04719XD,diaria,Tasas de interés internacionales - Bonos del Tesoro EE.UU. - 10 años (%),19.Mar.21,1.73
rend_bono10_usa,PD04719XD,diaria,Tasas de interés internacionales - Bonos del Tesoro EE.UU. - 10 años (%),22.Mar.21,1.695
rend_bono10_usa,PD04719XD,diaria,Tasas de interés internacionales - Bonos del Tesoro EE.UU. - 10 años (%),23.Mar.21,1.622
rend_bono10_usa,PD04719XD,diaria,Tasas de interés internacionales - Bonos del Tesoro EE.UU. - 10 años (%),24.Mar.21,1.614
rend_bono10_usa,PD04719XD,diaria,Tasas de interés internacionales - Bonos del Tesoro EE.UU. - 10 años (%),25.Mar.21,1.633
rend_bono10_usa,PD04719XD,diaria,Tasas de interés internacionales - Bonos del Tesoro EE.UU. - 10 años (%),26.Mar.21,1.674
rend_bono10_usa,PD04719XD,diaria,Tasas de interés internacionales - Bonos del Tesoro EE.UU. - 10 años (%),29.Mar.21,1.717
rend_bono10_usa,PD04719XD,diaria,Tasas de interés internacionales - Bonos del Tesoro EE.UU. - 10 años (%),30.Mar.21,1.71
rend_bono10_usa,PD04719XD,diaria,Tasas de interés internacionales - Bonos del Tesoro EE.UU. - 10 años (%),31.Mar.21,1.744
rend_bono10_usa,PD04719XD,diaria,Tasas de interés internacionales - Bonos del Tesoro EE.UU. - 10 años (%),01.Abr.21,1.673
rend_bono10_usa,PD04719XD,diaria,Tasas de interés internacionales - Bonos del Tesoro EE.UU. - 10 años (%),02.Abr.21,1.714
rend_bono10_usa,PD04719XD,diaria,Tasas de interés internacionales - Bonos del Tesoro EE.UU. - 10 años (%),05.Abr.21,1.707
rend_bono10_usa,PD04719XD,diaria,Tasas de interés internacionales - Bonos del Tesoro EE.UU. - 10 años (%),06.Abr.21,1.658
rend_bono10_usa,PD04719XD,diaria,Tasas de interés internacionales - Bonos del Tesoro EE.UU. - 10 años (%),07.Abr.21,1.679
rend_bono10_usa,PD04719XD,diaria,Tasas de interés internacionales - Bonos del Tesoro EE.UU. - 10 años (%),08.Abr.21,1.626
rend_bono10_usa,PD04719XD,diaria,Tasas de interés internacionales - Bonos del Tesoro EE.UU. - 10 años (%),09.Abr.21,1.662
rend_bono10_usa,PD04719XD,diaria,Tasas de interés internacionales - Bonos del Tesoro EE.UU. - 10 años (%),12.Abr.21,1.669
rend_bono10_usa,PD04719XD,diaria,Tasas de interés internacionales - Bonos del Tesoro EE.UU. - 10 años (%),13.Abr.21,1.62
rend_bono10_usa,PD04719XD,diaria,Tasas de interés internacionales - Bonos del Tesoro EE.UU. - 10 años (%),14.Abr.21,1.634
rend_bono10_usa,PD04719XD,diaria,Tasas de interés internacionales - Bonos del Tesoro EE.UU. - 10 años (%),15.Abr.21,1.574
rend_bono10_usa,PD04719XD,diaria,Tasas de interés internacionales - Bonos del Tesoro EE.UU. - 10 años (%),16.Abr.21,1.5904
rend_bono10_usa,PD04719XD,diaria,Tasas de interés internacionales - Bonos del Tesoro EE.UU. - 10 años (%),19.Abr.21,1.61
rend_bono10_usa,PD04719XD,diaria,Tasas de interés internacionales - Bonos del Tesoro EE.UU. - 10 años (%),20.Abr.21,1.566
rend_bono10_usa,PD04719XD,diaria,Tasas de interés internacionales - Bonos del Tesoro EE.UU. - 10 años (%),21.Abr.21,1.559
rend_bono10_usa,PD04719XD,diaria,Tasas de interés internacionales - Bonos del Tesoro EE.UU. - 10 años (%),22.Abr.21,1.5416
rend_bono10_usa,PD04719XD,diaria,Tasas de interés internacionales - Bonos del Tesoro EE.UU. - 10 años (%),23.Abr.21,1.5595
rend_bono10_usa,PD04719XD,diaria,Tasas de interés internacionales - Bonos del Tesoro EE.UU. - 10 años (%),26.Abr.21,1.572
rend_bono10_usa,PD04719XD,diaria,Tasas de interés internacionales - Bonos del Tesoro EE.UU. - 10 años (%),27.Abr.21,1.622
rend_bono10_usa,PD04719XD,diaria,Tasas de interés internacionales - Bonos del Tesoro EE.UU. - 10 años (%),28.Abr.21,1.613
rend_bono10_usa,PD04719XD,diaria,Tasas de interés internacionales - Bonos del Tesoro EE.UU. - 10 años (%),29.Abr.21,1.643
rend_bono10_usa,PD04719XD,diaria,Tasas de interés internacionales - Bonos del Tesoro EE.UU. - 10 años (%),30.Abr.21,1.626
rend_bono10_usa,PD04719XD,diaria,Tasas de interés internacionales - Bonos del Tesoro EE.UU. - 10 años (%),03.May.21,1.599
rend_bono10_usa,PD04719XD,diaria,Tasas de interés internacionales - Bonos del Tesoro EE.UU. - 10 años (%),04.May.21,1.594
rend_bono10_usa,PD04719XD,diaria,Tasas de interés internacionales - Bonos del Tesoro EE.UU. - 10 años (%),05.May.21,1.578
rend_bono10_usa,PD04719XD,diaria,Tasas de interés internacionales - Bonos del Tesoro EE.UU. - 10 años (%),06.May.21,1.57
rend_bono10_usa,PD04719XD,diaria,Tasas de interés internacionales - Bonos del Tesoro EE.UU. - 10 años (%),07.May.21,1.579
rend_bono10_usa,PD04719XD,diaria,Tasas de interés internacionales - Bonos del Tesoro EE.UU. - 10 años (%),10.May.21,1.604
rend_bono10_usa,PD04719XD,diaria,Tasas de interés internacionales - Bonos del Tesoro EE.UU. - 10 años (%),11.May.21,1.622
rend_bono10_usa,PD04719XD,diaria,Tasas de interés internacionales - Bonos del Tesoro EE.UU. - 10 años (%),12.May.21,1.693
rend_bono10_usa,PD04719XD,diaria,Tasas de interés internacionales - Bonos del Tesoro EE.UU. - 10 años (%),13.May.21,1.659
rend_bono10_usa,PD04719XD,diaria,Tasas de interés internacionales - Bonos del Tesoro EE.UU. - 10 años (%),14.May.21,1.635
rend_bono10_usa,PD04719XD,diaria,Tasas de interés internacionales - Bonos del Tesoro EE.UU. - 10 años (%),17.May.21,1.652
rend_bono10_usa,PD04719XD,diaria,Tasas de interés internacionales - Bonos del Tesoro EE.UU. - 10 años (%),18.May.21,1.64
rend_bono10_usa,PD04719XD,diaria,Tasas de interés internacionales - Bonos del Tesoro EE.UU. - 10 años (%),19.May.21,1.676
rend_bono10_usa,PD04719XD,diaria,Tasas de interés internacionales - Bonos del Tesoro EE.UU. - 10 años (%),20.May.21,1.628
rend_bono10_usa,PD04719XD,diaria,Tasas de interés internacionales - Bonos del Tesoro EE.UU. - 10 años (%),21.May.21,1.623
rend_bono10_usa,PD04719XD,diaria,Tasas de interés internacionales - Bonos del Tesoro EE.UU. - 10 años (%),24.May.21,1.603
rend_bono10_usa,PD04719XD,diaria,Tasas de interés internacionales - Bonos del Tesoro EE.UU. - 10 años (%),25.May.21,1.56
rend_bono10_usa,PD04719XD,diaria,Tasas de interés internacionales - Bonos del Tesoro EE.UU. - 10 años (%),26.May.21,1.581
rend_bono10_usa,PD04719XD,diaria,Tasas de interés internacionales - Bonos del Tesoro EE.UU. - 10 años (%),27.May.21,1.606
rend_bono10_usa,PD04719XD,diaria,Tasas de interés internacionales - Bonos del Tesoro EE.UU. - 10 años (%),28.May.21,1.581
rend_bono10_usa,PD04719XD,diaria,Tasas de interés internacionales - Bonos del Tesoro EE.UU. - 10 años (%),31.May.21,1.61
rend_bono10_usa,PD04719XD,diaria,Tasas de interés internacionales - Bonos del Tesoro EE.UU. - 10 años (%),01.Jun.21,1.606
rend_bono10_usa,PD04719XD,diaria,Tasas de interés internacionales - Bonos del Tesoro EE.UU. - 10 años (%),02.Jun.21,1.589
rend_bono10_usa,PD04719XD,diaria,Tasas de interés internacionales - Bonos del Tesoro EE.UU. - 10 años (%),03.Jun.21,1.625
rend_bono10_usa,PD04719XD,diaria,Tasas de interés internacionales - Bonos del Tesoro EE.UU. - 10 años (%),04.Jun.21,1.557
rend_bono10_usa,PD04719XD,diaria,Tasas de interés internacionales - Bonos del Tesoro EE.UU. - 10 años (%),07.Jun.21,1.569
rend_bono10_usa,PD04719XD,diaria,Tasas de interés internacionales - Bonos del Tesoro EE.UU. - 10 años (%),08.Jun.21,1.538
rend_bono10_usa,PD04719XD,diaria,Tasas de interés internacionales - Bonos del Tesoro EE.UU. - 10 años (%),09.Jun.21,1.492
rend_bono10_usa,PD04719XD,diaria,Tasas de interés internacionales - Bonos del Tesoro EE.UU. - 10 años (%),10.Jun.21,1.437
rend_bono10_usa,PD04719XD,diaria,Tasas de interés internacionales - Bonos del Tesoro EE.UU. - 10 años (%),11.Jun.21,1.454
rend_bono10_usa,PD04719XD,diaria,Tasas de interés internacionales - Bonos del Tesoro EE.UU. - 10 años (%),14.Jun.21,1.497
rend_bono10_usa,PD04719XD,diaria,Tasas de interés internacionales - Bonos del Tesoro EE.UU. - 10 años (%),15.Jun.21,1.489
rend_bono10_usa,PD04719XD,diaria,Tasas de interés internacionales - Bonos del Tesoro EE.UU. - 10 años (%),16.Jun.21,1.581
rend_bono10_usa,PD04719XD,diaria,Tasas de interés internacionales - Bonos del Tesoro EE.UU. - 10 años (%),17.Jun.21,1.511
rend_bono10_usa,PD04719XD,diaria,Tasas de interés internacionales - Bonos del Tesoro EE.UU. - 10 años (%),18.Jun.21,1.443
rend_bono10_usa,PD04719XD,diaria,Tasas de interés internacionales - Bonos del Tesoro EE.UU. - 10 años (%),21.Jun.21,1.495
rend_bono10_usa,PD04719XD,diaria,Tasas de interés internacionales - Bonos del Tesoro EE.UU. - 10 años (%),22.Jun.21,1.467
rend_bono10_usa,PD04719XD,diaria,Tasas de interés internacionales - Bonos del Tesoro EE.UU. - 10 años (%),23.Jun.21,1.485
rend_bono10_usa,PD04719XD,diaria,Tasas de interés internacionales - Bonos del Tesoro EE.UU. - 10 años (%),24.Jun.21,1.499
rend_bono10_usa,PD04719XD,diaria,Tasas de interés internacionales - Bonos del Tesoro EE.UU. - 10 años (%),25.Jun.21,1.524
rend_bono10_usa,PD04719XD,diaria,Tasas de interés internacionales - Bonos del Tesoro EE.UU. - 10 años (%),28.Jun.21,1.482
rend_bono10_usa,PD04719XD,diaria,Tasas de interés internacionales - Bonos del Tesoro EE.UU. - 10 años (%),29.Jun.21,1.475
rend_bono10_usa,PD04719XD,diaria,Tasas de interés internacionales - Bonos del Tesoro EE.UU. - 10 años (%),30.Jun.21,1.468
rend_bono10_usa,PD04719XD,diaria,Tasas de interés internacionales - Bonos del Tesoro EE.UU. - 10 años (%),01.Jul.21,1.459
rend_bono10_usa,PD04719XD,diaria,Tasas de interés internacionales - Bonos del Tesoro EE.UU. - 10 años (%),02.Jul.21,1.431
rend_bono10_usa,PD04719XD,diaria,Tasas de interés internacionales - Bonos del Tesoro EE.UU. - 10 años (%),05.Jul.21,1.436
rend_bono10_usa,PD04719XD,diaria,Tasas de interés internacionales - Bonos del Tesoro EE.UU. - 10 años (%),06.Jul.21,1.352
rend_bono10_usa,PD04719XD,diaria,Tasas de interés internacionales - Bonos del Tesoro EE.UU. - 10 años (%),07.Jul.21,1.323
rend_bono10_usa,PD04719XD,diaria,Tasas de interés internacionales - Bonos del Tesoro EE.UU. - 10 años (%),08.Jul.21,1.294
rend_bono10_usa,PD04719XD,diaria,Tasas de interés internacionales - Bonos del Tesoro EE.UU. - 10 años (%),09.Jul.21,1.361
rend_bono10_usa,PD04719XD,diaria,Tasas de interés internacionales - Bonos del Tesoro EE.UU. - 10 años (%),12.Jul.21,1.368
rend_bono10_usa,PD04719XD,diaria,Tasas de interés internacionales - Bonos del Tesoro EE.UU. - 10 años (%),13.Jul.21,1.418
rend_bono10_usa,PD04719XD,diaria,Tasas de interés internacionales - Bonos del Tesoro EE.UU. - 10 años (%),14.Jul.21,1.349
rend_bono10_usa,PD04719XD,diaria,Tasas de interés internacionales - Bonos del Tesoro EE.UU. - 10 años (%),15.Jul.21,1.301
rend_bono10_usa,PD04719XD,diaria,Tasas de interés internacionales - Bonos del Tesoro EE.UU. - 10 años (%),16.Jul.21,1.3
rend_bono10_usa,PD04719XD,diaria,Tasas de interés internacionales - Bonos del Tesoro EE.UU. - 10 años (%),19.Jul.21,1.199
rend_bono10_usa,PD04719XD,diaria,Tasas de interés internacionales - Bonos del Tesoro EE.UU. - 10 años (%),20.Jul.21,1.222
rend_bono10_usa,PD04719XD,diaria,Tasas de interés internacionales - Bonos del Tesoro EE.UU. - 10 años (%),21.Jul.21,1.292
rend_bono10_usa,PD04719XD,diaria,Tasas de interés internacionales - Bonos del Tesoro EE.UU. - 10 años (%),22.Jul.21,1.277
rend_bono10_usa,PD04719XD,diaria,Tasas de interés internacionales - Bonos del Tesoro EE.UU. - 10 años (%),23.Jul.21,1.281
rend_bono10_usa,PD04719XD,diaria,Tasas de interés internacionales - Bonos del Tesoro EE.UU. - 10 años (%),26.Jul.21,1.295
rend_bono10_usa,PD04719XD,diaria,Tasas de interés internacionales - Bonos del Tesoro EE.UU. - 10 años (%),27.Jul.21,1.239
rend_bono10_usa,PD04719XD,diaria,Tasas de interés internacionales - Bonos del Tesoro EE.UU. - 10 años (%),28.Jul.21,1.238
rend_bono10_usa,PD04719XD,diaria,Tasas de interés internacionales - Bonos del Tesoro EE.UU. - 10 años (%),29.Jul.21,1.266
rend_bono10_usa,PD04719XD,diaria,Tasas de interés internacionales - Bonos del Tesoro EE.UU. - 10 años (%),30.Jul.21,1.226
rend_bono10_usa,PD04719XD,diaria,Tasas de interés internacionales - Bonos del Tesoro EE.UU. - 10 años (%),02.Ago.21,1.179
rend_bono10_usa,PD04719XD,diaria,Tasas de interés internacionales - Bonos del Tesoro EE.UU. - 10 años (%),03.Ago.21,1.174
rend_bono10_usa,PD04719XD,diaria,Tasas de interés internacionales - Bonos del Tesoro EE.UU. - 10 años (%),04.Ago.21,1.18
rend_bono10_usa,PD04719XD,diaria,Tasas de interés internacionales - Bonos del Tesoro EE.UU. - 10 años (%),05.Ago.21,1.225
rend_bono10_usa,PD04719XD,diaria,Tasas de interés internacionales - Bonos del Tesoro EE.UU. - 10 años (%),06.Ago.21,1.305
rend_bono10_usa,PD04719XD,diaria,Tasas de interés internacionales - Bonos del Tesoro EE.UU. - 10 años (%),09.Ago.21,1.325
rend_bono10_usa,PD04719XD,diaria,Tasas de interés internacionales - Bonos del Tesoro EE.UU. - 10 años (%),10.Ago.21,1.354
rend_bono10_usa,PD04719XD,diaria,Tasas de interés internacionales - Bonos del Tesoro EE.UU. - 10 años (%),11.Ago.21,1.335
rend_bono10_usa,PD04719XD,diaria,Tasas de interés internacionales - Bonos del Tesoro EE.UU. - 10 años (%),12.Ago.21,1.361
rend_bono10_usa,PD04719XD,diaria,Tasas de interés internacionales - Bonos del Tesoro EE.UU. - 10 años (%),13.Ago.21,1.283
rend_bono10_usa,PD04719XD,diaria,Tasas de interés internacionales - Bonos del Tesoro EE.UU. - 10 años (%),16.Ago.21,1.268
rend_bono10_usa,PD04719XD,diaria,Tasas de interés internacionales - Bonos del Tesoro EE.UU. - 10 años (%),17.Ago.21,1.267
rend_bono10_usa,PD04719XD,diaria,Tasas de interés internacionales - Bonos del Tesoro EE.UU. - 10 años (%),18.Ago.21,1.26
rend_bono10_usa,PD04719XD,diaria,Tasas de interés internacionales - Bonos del Tesoro EE.UU. - 10 años (%),19.Ago.21,1.243
rend_bono10_usa,PD04719XD,diaria,Tasas de interés internacionales - Bonos del Tesoro EE.UU. - 10 años (%),20.Ago.21,1.255
rend_bono10_usa,PD04719XD,diaria,Tasas de interés internacionales - Bonos del Tesoro EE.UU. - 10 años (%),23.Ago.21,1.253
rend_bono10_usa,PD04719XD,diaria,Tasas de interés internacionales - Bonos del Tesoro EE.UU. - 10 años (%),24.Ago.21,1.297
rend_bono10_usa,PD04719XD,diaria,Tasas de interés internacionales - Bonos del Tesoro EE.UU. - 10 años (%),25.Ago.21,1.349
rend_bono10_usa,PD04719XD,diaria,Tasas de interés internacionales - Bonos del Tesoro EE.UU. - 10 años (%),26.Ago.21,1.354
rend_bono10_usa,PD04719XD,diaria,Tasas de interés internacionales - Bonos del Tesoro EE.UU. - 10 años (%),27.Ago.21,1.31
rend_bono10_usa,PD04719XD,diaria,Tasas de interés internacionales - Bonos del Tesoro EE.UU. - 10 años (%),30.Ago.21,1.28
rend_bono10_usa,PD04719XD,diaria,Tasas de interés internacionales - Bonos del Tesoro EE.UU. - 10 años (%),31.Ago.21,1.307
rend_bono10_usa,PD04719XD,diaria,Tasas de interés internacionales - Bonos del Tesoro EE.UU. - 10 años (%),01.Set.21,1.299
rend_bono10_usa,PD04719XD,diaria,Tasas de interés internacionales - Bonos del Tesoro EE.UU. - 10 años (%),02.Set.21,1.285
rend_bono10_usa,PD04719XD,diaria,Tasas de interés internacionales - Bonos del Tesoro EE.UU. - 10 años (%),03.Set.21,1.326
rend_bono10_usa,PD04719XD,diaria,Tasas de interés internacionales - Bonos del Tesoro EE.UU. - 10 años (%),06.Set.21,1.336
rend_bono10_usa,PD04719XD,diaria,Tasas de interés internacionales - Bonos del Tesoro EE.UU. - 10 años (%),07.Set.21,1.377
rend_bono10_usa,PD04719XD,diaria,Tasas de interés internacionales - Bonos del Tesoro EE.UU. - 10 años (%),08.Set.21,1.336
rend_bono10_usa,PD04719XD,diaria,Tasas de interés internacionales - Bonos del Tesoro EE.UU. - 10 años (%),09.Set.21,1.297
rend_bono10_usa,PD04719XD,diaria,Tasas de interés internacionales - Bonos del Tesoro EE.UU. - 10 años (%),10.Set.21,1.343
rend_bono10_usa,PD04719XD,diaria,Tasas de interés internacionales - Bonos del Tesoro EE.UU. - 10 años (%),13.Set.21,1.326
rend_bono10_usa,PD04719XD,diaria,Tasas de interés internacionales - Bonos del Tesoro EE.UU. - 10 años (%),14.Set.21,1.284
rend_bono10_usa,PD04719XD,diaria,Tasas de interés internacionales - Bonos del Tesoro EE.UU. - 10 años (%),15.Set.21,1.304
rend_bono10_usa,PD04719XD,diaria,Tasas de interés internacionales - Bonos del Tesoro EE.UU. - 10 años (%),16.Set.21,1.336
rend_bono10_usa,PD04719XD,diaria,Tasas de interés internacionales - Bonos del Tesoro EE.UU. - 10 años (%),17.Set.21,1.363
rend_bono10_usa,PD04719XD,diaria,Tasas de interés internacionales - Bonos del Tesoro EE.UU. - 10 años (%),20.Set.21,1.312
rend_bono10_usa,PD04719XD,diaria,Tasas de interés internacionales - Bonos del Tesoro EE.UU. - 10 años (%),21.Set.21,1.328
rend_bono10_usa,PD04719XD,diaria,Tasas de interés internacionales - Bonos del Tesoro EE.UU. - 10 años (%),22.Set.21,1.304
rend_bono10_usa,PD04719XD,diaria,Tasas de interés internacionales - Bonos del Tesoro EE.UU. - 10 años (%),23.Set.21,1.435
rend_bono10_usa,PD04719XD,diaria,Tasas de interés internacionales - Bonos del Tesoro EE.UU. - 10 años (%),24.Set.21,1.453
rend_bono10_usa,PD04719XD,diaria,Tasas de interés internacionales - Bonos del Tesoro EE.UU. - 10 años (%),27.Set.21,1.491
rend_bono10_usa,PD04719XD,diaria,Tasas de interés internacionales - Bonos del Tesoro EE.UU. - 10 años (%),28.Set.21,1.546
rend_bono10_usa,PD04719XD,diaria,Tasas de interés internacionales - Bonos del Tesoro EE.UU. - 10 años (%),29.Set.21,1.524
rend_bono10_usa,PD04719XD,diaria,Tasas de interés internacionales - Bonos del Tesoro EE.UU. - 10 años (%),30.Set.21,1.492
rend_bono10_usa,PD04719XD,diaria,Tasas de interés internacionales - Bonos del Tesoro EE.UU. - 10 años (%),01.Oct.21,1.465
rend_bono10_usa,PD04719XD,diaria,Tasas de interés internacionales - Bonos del Tesoro EE.UU. - 10 años (%),04.Oct.21,1.481
rend_bono10_usa,PD04719XD,diaria,Tasas de interés internacionales - Bonos del Tesoro EE.UU. - 10 años (%),05.Oct.21,1.536
rend_bono10_usa,PD04719XD,diaria,Tasas de interés internacionales - Bonos del Tesoro EE.UU. - 10 años (%),06.Oct.21,1.528
rend_bono10_usa,PD04719XD,diaria,Tasas de interés internacionales - Bonos del Tesoro EE.UU. - 10 años (%),07.Oct.21,1.576
rend_bono10_usa,PD04719XD,diaria,Tasas de interés internacionales - Bonos del Tesoro EE.UU. - 10 años (%),08.Oct.21,1.612
rend_bono10_usa,PD04719XD,diaria,Tasas de interés internacionales - Bonos del Tesoro EE.UU. - 10 años (%),11.Oct.21,1.628
rend_bono10_usa,PD04719XD,diaria,Tasas de interés internacionales - Bonos del Tesoro EE.UU. - 10 años (%),12.Oct.21,1.572
rend_bono10_usa,PD04719XD,diaria,Tasas de interés internacionales - Bonos del Tesoro EE.UU. - 10 años (%),13.Oct.21,1.542
rend_bono10_usa,PD04719XD,diaria,Tasas de interés internacionales - Bonos del Tesoro EE.UU. - 10 años (%),14.Oct.21,1.516
rend_bono10_usa,PD04719XD,diaria,Tasas de interés internacionales - Bonos del Tesoro EE.UU. - 10 años (%),15.Oct.21,1.574
rend_bono10_usa,PD04719XD,diaria,Tasas de interés internacionales - Bonos del Tesoro EE.UU. - 10 años (%),18.Oct.21,1.591
rend_bono10_usa,PD04719XD,diaria,Tasas de interés internacionales - Bonos del Tesoro EE.UU. - 10 años (%),19.Oct.21,1.641
rend_bono10_usa,PD04719XD,diaria,Tasas de interés internacionales - Bonos del Tesoro EE.UU. - 10 años (%),20.Oct.21,1.66
rend_bono10_usa,PD04719XD,diaria,Tasas de interés internacionales - Bonos del Tesoro EE.UU. - 10 años (%),21.Oct.21,1.696
rend_bono10_usa,PD04719XD,diaria,Tasas de interés internacionales - Bonos del Tesoro EE.UU. - 10 años (%),22.Oct.21,1.638
rend_bono10_usa,PD04719XD,diaria,Tasas de interés internacionales - Bonos del Tesoro EE.UU. - 10 años (%),25.Oct.21,1.633
rend_bono10_usa,PD04719XD,diaria,Tasas de interés internacionales - Bonos del Tesoro EE.UU. - 10 años (%),26.Oct.21,1.61
rend_bono10_usa,PD04719XD,diaria,Tasas de interés internacionales - Bonos del Tesoro EE.UU. - 10 años (%),27.Oct.21,1.55
rend_bono10_usa,PD04719XD,diaria,Tasas de interés internacionales - Bonos del Tesoro EE.UU. - 10 años (%),28.Oct.21,1.578
rend_bono10_usa,PD04719XD,diaria,Tasas de interés internacionales - Bonos del Tesoro EE.UU. - 10 años (%),29.Oct.21,1.561
rend_bono10_usa,PD04719XD,diaria,Tasas de interés internacionales - Bonos del Tesoro EE.UU. - 10 años (%),01.Nov.21,1.561
rend_bono10_usa,PD04719XD,diaria,Tasas de interés internacionales - Bonos del Tesoro EE.UU. - 10 años (%),02.Nov.21,1.547
rend_bono10_usa,PD04719XD,diaria,Tasas de interés internacionales - Bonos del Tesoro EE.UU. - 10 años (%),03.Nov.21,1.603
rend_bono10_usa,PD04719XD,diaria,Tasas de interés internacionales - Bonos del Tesoro EE.UU. - 10 años (%),04.Nov.21,1.53
rend_bono10_usa,PD04719XD,diaria,Tasas de interés internacionales - Bonos del Tesoro EE.UU. - 10 años (%),05.Nov.21,1.455
rend_bono10_usa,PD04719XD,diaria,Tasas de interés internacionales - Bonos del Tesoro EE.UU. - 10 años (%),08.Nov.21,1.493
rend_bono10_usa,PD04719XD,diaria,Tasas de interés internacionales - Bonos del Tesoro EE.UU. - 10 años (%),09.Nov.21,1.439
rend_bono10_usa,PD04719XD,diaria,Tasas de interés internacionales - Bonos del Tesoro EE.UU. - 10 años (%),10.Nov.21,1.57
rend_bono10_usa,PD04719XD,diaria,Tasas de interés internacionales - Bonos del Tesoro EE.UU. - 10 años (%),11.Nov.21,1.578
rend_bono10_usa,PD04719XD,diaria,Tasas de interés internacionales - Bonos del Tesoro EE.UU. - 10 años (%),12.Nov.21,1.57
rend_bono10_usa,PD04719XD,diaria,Tasas de interés internacionales - Bonos del Tesoro EE.UU. - 10 años (%),15.Nov.21,1.618
rend_bono10_usa,PD04719XD,diaria,Tasas de interés internacionales - Bonos del Tesoro EE.UU. - 10 años (%),16.Nov.21,1.64
rend_bono10_usa,PD04719XD,diaria,Tasas de interés internacionales - Bonos del Tesoro EE.UU. - 10 años (%),17.Nov.21,1.585
rend_bono10_usa,PD04719XD,diaria,Tasas de interés internacionales - Bonos del Tesoro EE.UU. - 10 años (%),18.Nov.21,1.587
rend_bono10_usa,PD04719XD,diaria,Tasas de interés internacionales - Bonos del Tesoro EE.UU. - 10 años (%),19.Nov.21,1.548
rend_bono10_usa,PD04719XD,diaria,Tasas de interés internacionales - Bonos del Tesoro EE.UU. - 10 años (%),22.Nov.21,1.632
rend_bono10_usa,PD04719XD,diaria,Tasas de interés internacionales - Bonos del Tesoro EE.UU. - 10 años (%),23.Nov.21,1.676
rend_bono10_usa,PD04719XD,diaria,Tasas de interés internacionales - Bonos del Tesoro EE.UU. - 10 años (%),24.Nov.21,1.643
rend_bono10_usa,PD04719XD,diaria,Tasas de interés internacionales - Bonos del Tesoro EE.UU. - 10 años (%),25.Nov.21,1.596
rend_bono10_usa,PD04719XD,diaria,Tasas de interés internacionales - Bonos del Tesoro EE.UU. - 10 años (%),26.Nov.21,1.482
rend_bono10_usa,PD04719XD,diaria,Tasas de interés internacionales - Bonos del Tesoro EE.UU. - 10 años (%),29.Nov.21,1.502
rend_bono10_usa,PD04719XD,diaria,Tasas de interés internacionales - Bonos del Tesoro EE.UU. - 10 años (%),30.Nov.21,1.456
rend_bono10_usa,PD04719XD,diaria,Tasas de interés internacionales - Bonos del Tesoro EE.UU. - 10 años (%),01.Dic.21,1.404
rend_bono10_usa,PD04719XD,diaria,Tasas de interés internacionales - Bonos del Tesoro EE.UU. - 10 años (%),02.Dic.21,1.444
rend_bono10_usa,PD04719XD,diaria,Tasas de interés internacionales - Bonos del Tesoro EE.UU. - 10 años (%),03.Dic.21,1.356
rend_bono10_usa,PD04719XD,diaria,Tasas de interés internacionales - Bonos del Tesoro EE.UU. - 10 años (%),06.Dic.21,1.433
rend_bono10_usa,PD04719XD,diaria,Tasas de interés internacionales - Bonos del Tesoro EE.UU. - 10 años (%),07.Dic.21,1.482
rend_bono10_usa,PD04719XD,diaria,Tasas de interés internacionales - Bonos del Tesoro EE.UU. - 10 años (%),08.Dic.21,1.528
rend_bono10_usa,PD04719XD,diaria,Tasas de interés internacionales - Bonos del Tesoro EE.UU. - 10 años (%),09.Dic.21,1.497
rend_bono10_usa,PD04719XD,diaria,Tasas de interés internacionales - Bonos del Tesoro EE.UU. - 10 años (%),10.Dic.21,1.482
rend_bono10_usa,PD04719XD,diaria,Tasas de interés internacionales - Bonos del Tesoro EE.UU. - 10 años (%),13.Dic.21,1.414
rend_bono10_usa,PD04719XD,diaria,Tasas de interés internacionales - Bonos del Tesoro EE.UU. - 10 años (%),14.Dic.21,1.441
rend_bono10_usa,PD04719XD,diaria,Tasas de interés internacionales - Bonos del Tesoro EE.UU. - 10 años (%),15.Dic.21,1.458
rend_bono10_usa,PD04719XD,diaria,Tasas de interés internacionales - Bonos del Tesoro EE.UU. - 10 años (%),16.Dic.21,1.424
rend_bono10_usa,PD04719XD,diaria,Tasas de interés internacionales - Bonos del Tesoro EE.UU. - 10 años (%),17.Dic.21,1.407
rend_bono10_usa,PD04719XD,diaria,Tasas de interés internacionales - Bonos del Tesoro EE.UU. - 10 años (%),20.Dic.21,1.428
rend_bono10_usa,PD04719XD,diaria,Tasas de interés internacionales - Bonos del Tesoro EE.UU. - 10 años (%),21.Dic.21,1.467
rend_bono10_usa,PD04719XD,diaria,Tasas de interés internacionales - Bonos del Tesoro EE.UU. - 10 años (%),22.Dic.21,1.453
rend_bono10_usa,PD04719XD,diaria,Tasas de interés internacionales - Bonos del Tesoro EE.UU. - 10 años (%),23.Dic.21,1.493
rend_bono10_usa,PD04719XD,diaria,Tasas de interés internacionales - Bonos del Tesoro EE.UU. - 10 años (%),24.Dic.21,1.493
rend_bono10_usa,PD04719XD,diaria,Tasas de interés internacionales - Bonos del Tesoro EE.UU. - 10 años (%),27.Dic.21,1.477
rend_bono10_usa,PD04719XD,diaria,Tasas de interés internacionales - Bonos del Tesoro EE.UU. - 10 años (%),28.Dic.21,1.484
rend_bono10_usa,PD04719XD,diaria,Tasas de interés internacionales - Bonos del Tesoro EE.UU. - 10 años (%),29.Dic.21,1.556
rend_bono10_usa,PD04719XD,diaria,Tasas de interés internacionales - Bonos del Tesoro EE.UU. - 10 años (%),30.Dic.21,1.507
rend_bono10_usa,PD04719XD,diaria,Tasas de interés internacionales - Bonos del Tesoro EE.UU. - 10 años (%),31.Dic.21,1.512
rend_bono10_usa,PD04719XD,diaria,Tasas de interés internacionales - Bonos del Tesoro EE.UU. - 10 años (%),03.Ene.22,1.637
rend_bono10_usa,PD04719XD,diaria,Tasas de interés internacionales - Bonos del Tesoro EE.UU. - 10 años (%),04.Ene.22,1.649
rend_bono10_usa,PD04719XD,diaria,Tasas de interés internacionales - Bonos del Tesoro EE.UU. - 10 años (%),05.Ene.22,1.7
rend_bono10_usa,PD04719XD,diaria,Tasas de interés internacionales - Bonos del Tesoro EE.UU. - 10 años (%),06.Ene.22,1.728
rend_bono10_usa,PD04719XD,diaria,Tasas de interés internacionales - Bonos del Tesoro EE.UU. - 10 años (%),07.Ene.22,1.765
rend_bono10_usa,PD04719XD,diaria,Tasas de interés internacionales - Bonos del Tesoro EE.UU. - 10 años (%),10.Ene.22,1.755
rend_bono10_usa,PD04719XD,diaria,Tasas de interés internacionales - Bonos del Tesoro EE.UU. - 10 años (%),11.Ene.22,1.746
rend_bono10_usa,PD04719XD,diaria,Tasas de interés internacionales - Bonos del Tesoro EE.UU. - 10 años (%),12.Ene.22,1.752
rend_bono10_usa,PD04719XD,diaria,Tasas de interés internacionales - Bonos del Tesoro EE.UU. - 10 años (%),13.Ene.22,1.701
rend_bono10_usa,PD04719XD,diaria,Tasas de interés internacionales - Bonos del Tesoro EE.UU. - 10 años (%),14.Ene.22,1.793
rend_bono10_usa,PD04719XD,diaria,Tasas de interés internacionales - Bonos del Tesoro EE.UU. - 10 años (%),17.Ene.22,1.809
rend_bono10_usa,PD04719XD,diaria,Tasas de interés internacionales - Bonos del Tesoro EE.UU. - 10 años (%),18.Ene.22,1.875
rend_bono10_usa,PD04719XD,diaria,Tasas de interés internacionales - Bonos del Tesoro EE.UU. - 10 años (%),19.Ene.22,1.854
rend_bono10_usa,PD04719XD,diaria,Tasas de interés internacionales - Bonos del Tesoro EE.UU. - 10 años (%),20.Ene.22,1.811
rend_bono10_usa,PD04719XD,diaria,Tasas de interés internacionales - Bonos del Tesoro EE.UU. - 10 años (%),21.Ene.22,1.77
rend_bono10_usa,PD04719XD,diaria,Tasas de interés internacionales - Bonos del Tesoro EE.UU. - 10 años (%),24.Ene.22,1.776
rend_bono10_usa,PD04719XD,diaria,Tasas de interés internacionales - Bonos del Tesoro EE.UU. - 10 años (%),25.Ene.22,1.776
rend_bono10_usa,PD04719XD,diaria,Tasas de interés internacionales - Bonos del Tesoro EE.UU. - 10 años (%),26.Ene.22,1.873
rend_bono10_usa,PD04719XD,diaria,Tasas de interés internacionales - Bonos del Tesoro EE.UU. - 10 años (%),27.Ene.22,1.803
rend_bono10_usa,PD04719XD,diaria,Tasas de interés internacionales - Bonos del Tesoro EE.UU. - 10 años (%),28.Ene.22,1.778
rend_bono10_usa,PD04719XD,diaria,Tasas de interés internacionales - Bonos del Tesoro EE.UU. - 10 años (%),31.Ene.22,1.784
rend_bono10_usa,PD04719XD,diaria,Tasas de interés internacionales - Bonos del Tesoro EE.UU. - 10 años (%),01.Feb.22,1.795
rend_bono10_usa,PD04719XD,diaria,Tasas de interés internacionales - Bonos del Tesoro EE.UU. - 10 años (%),02.Feb.22,1.771
rend_bono10_usa,PD04719XD,diaria,Tasas de interés internacionales - Bonos del Tesoro EE.UU. - 10 años (%),03.Feb.22,1.836
rend_bono10_usa,PD04719XD,diaria,Tasas de interés internacionales - Bonos del Tesoro EE.UU. - 10 años (%),04.Feb.22,1.916
rend_bono10_usa,PD04719XD,diaria,Tasas de interés internacionales - Bonos del Tesoro EE.UU. - 10 años (%),07.Feb.22,1.919
rend_bono10_usa,PD04719XD,diaria,Tasas de interés internacionales - Bonos del Tesoro EE.UU. - 10 años (%),08.Feb.22,1.965
rend_bono10_usa,PD04719XD,diaria,Tasas de interés internacionales - Bonos del Tesoro EE.UU. - 10 años (%),09.Feb.22,1.945
rend_bono10_usa,PD04719XD,diaria,Tasas de interés internacionales - Bonos del Tesoro EE.UU. - 10 años (%),10.Feb.22,2.043
rend_bono10_usa,PD04719XD,diaria,Tasas de interés internacionales - Bonos del Tesoro EE.UU. - 10 años (%),11.Feb.22,1.918
rend_bono10_usa,PD04719XD,diaria,Tasas de interés internacionales - Bonos del Tesoro EE.UU. - 10 años (%),14.Feb.22,1.986
rend_bono10_usa,PD04719XD,diaria,Tasas de interés internacionales - Bonos del Tesoro EE.UU. - 10 años (%),15.Feb.22,2.043
rend_bono10_usa,PD04719XD,diaria,Tasas de interés internacionales - Bonos del Tesoro EE.UU. - 10 años (%),16.Feb.22,2.04
rend_bono10_usa,PD04719XD,diaria,Tasas de interés internacionales - Bonos del Tesoro EE.UU. - 10 años (%),17.Feb.22,1.968
rend_bono10_usa,PD04719XD,diaria,Tasas de interés internacionales - Bonos del Tesoro EE.UU. - 10 años (%),18.Feb.22,1.927
rend_bono10_usa,PD04719XD,diaria,Tasas de interés internacionales - Bonos del Tesoro EE.UU. - 10 años (%),21.Feb.22,1.873
rend_bono10_usa,PD04719XD,diaria,Tasas de interés internacionales - Bonos del Tesoro EE.UU. - 10 años (%),22.Feb.22,1.944
rend_bono10_usa,PD04719XD,diaria,Tasas de interés internacionales - Bonos del Tesoro EE.UU. - 10 años (%),23.Feb.22,1.998
rend_bono10_usa,PD04719XD,diaria,Tasas de interés internacionales - Bonos del Tesoro EE.UU. - 10 años (%),24.Feb.22,1.97
rend_bono10_usa,PD04719XD,diaria,Tasas de interés internacionales - Bonos del Tesoro EE.UU. - 10 años (%),25.Feb.22,1.97
rend_bono10_usa,PD04719XD,diaria,Tasas de interés internacionales - Bonos del Tesoro EE.UU. - 10 años (%),28.Feb.22,1.822
rend_bono10_usa,PD04719XD,diaria,Tasas de interés internacionales - Bonos del Tesoro EE.UU. - 10 años (%),01.Mar.22,1.716
rend_bono10_usa,PD04719XD,diaria,Tasas de interés internacionales - Bonos del Tesoro EE.UU. - 10 años (%),02.Mar.22,1.878
rend_bono10_usa,PD04719XD,diaria,Tasas de interés internacionales - Bonos del Tesoro EE.UU. - 10 años (%),03.Mar.22,1.84
rend_bono10_usa,PD04719XD,diaria,Tasas de interés internacionales - Bonos del Tesoro EE.UU. - 10 años (%),04.Mar.22,1.737
rend_bono10_usa,PD04719XD,diaria,Tasas de interés internacionales - Bonos del Tesoro EE.UU. - 10 años (%),07.Mar.22,1.777
rend_bono10_usa,PD04719XD,diaria,Tasas de interés internacionales - Bonos del Tesoro EE.UU. - 10 años (%),08.Mar.22,1.84
rend_bono10_usa,PD04719XD,diaria,Tasas de interés internacionales - Bonos del Tesoro EE.UU. - 10 años (%),09.Mar.22,1.951
rend_bono10_usa,PD04719XD,diaria,Tasas de interés internacionales - Bonos del Tesoro EE.UU. - 10 años (%),10.Mar.22,1.993
rend_bono10_usa,PD04719XD,diaria,Tasas de interés internacionales - Bonos del Tesoro EE.UU. - 10 años (%),11.Mar.22,1.997
rend_bono10_usa,PD04719XD,diaria,Tasas de interés internacionales - Bonos del Tesoro EE.UU. - 10 años (%),14.Mar.22,2.142
rend_bono10_usa,PD04719XD,diaria,Tasas de interés internacionales - Bonos del Tesoro EE.UU. - 10 años (%),15.Mar.22,2.149
rend_bono10_usa,PD04719XD,diaria,Tasas de interés internacionales - Bonos del Tesoro EE.UU. - 10 años (%),16.Mar.22,2.192
rend_bono10_usa,PD04719XD,diaria,Tasas de interés internacionales - Bonos del Tesoro EE.UU. - 10 años (%),17.Mar.22,2.167
rend_bono10_usa,PD04719XD,diaria,Tasas de interés internacionales - Bonos del Tesoro EE.UU. - 10 años (%),18.Mar.22,2.153
rend_bono10_usa,PD04719XD,diaria,Tasas de interés internacionales - Bonos del Tesoro EE.UU. - 10 años (%),21.Mar.22,2.297
rend_bono10_usa,PD04719XD,diaria,Tasas de interés internacionales - Bonos del Tesoro EE.UU. - 10 años (%),22.Mar.22,2.381
rend_bono10_usa,PD04719XD,diaria,Tasas de interés internacionales - Bonos del Tesoro EE.UU. - 10 años (%),23.Mar.22,2.29
rend_bono10_usa,PD04719XD,diaria,Tasas de interés internacionales - Bonos del Tesoro EE.UU. - 10 años (%),24.Mar.22,2.37
rend_bono10_usa,PD04719XD,diaria,Tasas de interés internacionales - Bonos del Tesoro EE.UU. - 10 años (%),25.Mar.22,2.488
rend_bono10_usa,PD04719XD,diaria,Tasas de interés internacionales - Bonos del Tesoro EE.UU. - 10 años (%),28.Mar.22,2.466
rend_bono10_usa,PD04719XD,diaria,Tasas de interés internacionales - Bonos del Tesoro EE.UU. - 10 años (%),29.Mar.22,2.398
rend_bono10_usa,PD04719XD,diaria,Tasas de interés internacionales - Bonos del Tesoro EE.UU. - 10 años (%),30.Mar.22,2.358
rend_bono10_usa,PD04719XD,diaria,Tasas de interés internacionales - Bonos del Tesoro EE.UU. - 10 años (%),31.Mar.22,2.345
rend_bono10_usa,PD04719XD,diaria,Tasas de interés internacionales - Bonos del Tesoro EE.UU. - 10 años (%),01.Abr.22,2.389
rend_bono10_usa,PD04719XD,diaria,Tasas de interés internacionales - Bonos del Tesoro EE.UU. - 10 años (%),04.Abr.22,2.393
rend_bono10_usa,PD04719XD,diaria,Tasas de interés internacionales - Bonos del Tesoro EE.UU. - 10 años (%),05.Abr.22,2.554
rend_bono10_usa,PD04719XD,diaria,Tasas de interés internacionales - Bonos del Tesoro EE.UU. - 10 años (%),06.Abr.22,2.596
rend_bono10_usa,PD04719XD,diaria,Tasas de interés internacionales - Bonos del Tesoro EE.UU. - 10 años (%),07.Abr.22,2.665
rend_bono10_usa,PD04719XD,diaria,Tasas de interés internacionales - Bonos del Tesoro EE.UU. - 10 años (%),08.Abr.22,2.704
rend_bono10_usa,PD04719XD,diaria,Tasas de interés internacionales - Bonos del Tesoro EE.UU. - 10 años (%),11.Abr.22,2.774
rend_bono10_usa,PD04719XD,diaria,Tasas de interés internacionales - Bonos del Tesoro EE.UU. - 10 años (%),12.Abr.22,2.727
rend_bono10_usa,PD04719XD,diaria,Tasas de interés internacionales - Bonos del Tesoro EE.UU. - 10 años (%),13.Abr.22,2.703
rend_bono10_usa,PD04719XD,diaria,Tasas de interés internacionales - Bonos del Tesoro EE.UU. - 10 años (%),14.Abr.22,2.828
rend_bono10_usa,PD04719XD,diaria,Tasas de interés internacionales - Bonos del Tesoro EE.UU. - 10 años (%),15.Abr.22,2.828
rend_bono10_usa,PD04719XD,diaria,Tasas de interés internacionales - Bonos del Tesoro EE.UU. - 10 años (%),18.Abr.22,2.857
rend_bono10_usa,PD04719XD,diaria,Tasas de interés internacionales - Bonos del Tesoro EE.UU. - 10 años (%),19.Abr.22,2.94
rend_bono10_usa,PD04719XD,diaria,Tasas de interés internacionales - Bonos del Tesoro EE.UU. - 10 años (%),20.Abr.22,2.834
rend_bono10_usa,PD04719XD,diaria,Tasas de interés internacionales - Bonos del Tesoro EE.UU. - 10 años (%),21.Abr.22,2.908
rend_bono10_usa,PD04719XD,diaria,Tasas de interés internacionales - Bonos del Tesoro EE.UU. - 10 años (%),22.Abr.22,2.905
rend_bono10_usa,PD04719XD,diaria,Tasas de interés internacionales - Bonos del Tesoro EE.UU. - 10 años (%),25.Abr.22,2.818
rend_bono10_usa,PD04719XD,diaria,Tasas de interés internacionales - Bonos del Tesoro EE.UU. - 10 años (%),26.Abr.22,2.738
rend_bono10_usa,PD04719XD,diaria,Tasas de interés internacionales - Bonos del Tesoro EE.UU. - 10 años (%),27.Abr.22,2.826
rend_bono10_usa,PD04719XD,diaria,Tasas de interés internacionales - Bonos del Tesoro EE.UU. - 10 años (%),28.Abr.22,2.82
rend_bono10_usa,PD04719XD,diaria,Tasas de interés internacionales - Bonos del Tesoro EE.UU. - 10 años (%),29.Abr.22,2.938
rend_bono10_usa,PD04719XD,diaria,Tasas de interés internacionales - Bonos del Tesoro EE.UU. - 10 años (%),02.May.22,2.987
rend_bono10_usa,PD04719XD,diaria,Tasas de interés internacionales - Bonos del Tesoro EE.UU. - 10 años (%),03.May.22,2.975
rend_bono10_usa,PD04719XD,diaria,Tasas de interés internacionales - Bonos del Tesoro EE.UU. - 10 años (%),04.May.22,2.946
rend_bono10_usa,PD04719XD,diaria,Tasas de interés internacionales - Bonos del Tesoro EE.UU. - 10 años (%),05.May.22,3.052
rend_bono10_usa,PD04719XD,diaria,Tasas de interés internacionales - Bonos del Tesoro EE.UU. - 10 años (%),06.May.22,3.142
rend_bono10_usa,PD04719XD,diaria,Tasas de interés internacionales - Bonos del Tesoro EE.UU. - 10 años (%),09.May.22,3.034
rend_bono10_usa,PD04719XD,diaria,Tasas de interés internacionales - Bonos del Tesoro EE.UU. - 10 años (%),10.May.22,2.989
rend_bono10_usa,PD04719XD,diaria,Tasas de interés internacionales - Bonos del Tesoro EE.UU. - 10 años (%),11.May.22,2.925
rend_bono10_usa,PD04719XD,diaria,Tasas de interés internacionales - Bonos del Tesoro EE.UU. - 10 años (%),12.May.22,2.855
rend_bono10_usa,PD04719XD,diaria,Tasas de interés internacionales - Bonos del Tesoro EE.UU. - 10 años (%),13.May.22,2.928
rend_bono10_usa,PD04719XD,diaria,Tasas de interés internacionales - Bonos del Tesoro EE.UU. - 10 años (%),16.May.22,2.886
rend_bono10_usa,PD04719XD,diaria,Tasas de interés internacionales - Bonos del Tesoro EE.UU. - 10 años (%),17.May.22,2.995
rend_bono10_usa,PD04719XD,diaria,Tasas de interés internacionales - Bonos del Tesoro EE.UU. - 10 años (%),18.May.22,2.884
rend_bono10_usa,PD04719XD,diaria,Tasas de interés internacionales - Bonos del Tesoro EE.UU. - 10 años (%),19.May.22,2.837
rend_bono10_usa,PD04719XD,diaria,Tasas de interés internacionales - Bonos del Tesoro EE.UU. - 10 años (%),20.May.22,2.788
rend_bono10_usa,PD04719XD,diaria,Tasas de interés internacionales - Bonos del Tesoro EE.UU. - 10 años (%),23.May.22,2.861
rend_bono10_usa,PD04719XD,diaria,Tasas de interés internacionales - Bonos del Tesoro EE.UU. - 10 años (%),24.May.22,2.754
rend_bono10_usa,PD04719XD,diaria,Tasas de interés internacionales - Bonos del Tesoro EE.UU. - 10 años (%),25.May.22,2.751
rend_bono10_usa,PD04719XD,diaria,Tasas de interés internacionales - Bonos del Tesoro EE.UU. - 10 años (%),26.May.22,2.742
rend_bono10_usa,PD04719XD,diaria,Tasas de interés internacionales - Bonos del Tesoro EE.UU. - 10 años (%),27.May.22,2.743
rend_bono10_usa,PD04719XD,diaria,Tasas de interés internacionales - Bonos del Tesoro EE.UU. - 10 años (%),30.May.22,2.812
rend_bono10_usa,PD04719XD,diaria,Tasas de interés internacionales - Bonos del Tesoro EE.UU. - 10 años (%),31.May.22,2.862
rend_bono10_usa,PD04719XD,diaria,Tasas de interés internacionales - Bonos del Tesoro EE.UU. - 10 años (%),01.Jun.22,2.911
rend_bono10_usa,PD04719XD,diaria,Tasas de interés internacionales - Bonos del Tesoro EE.UU. - 10 años (%),02.Jun.22,2.913
rend_bono10_usa,PD04719XD,diaria,Tasas de interés internacionales - Bonos del Tesoro EE.UU. - 10 años (%),03.Jun.22,2.941
rend_bono10_usa,PD04719XD,diaria,Tasas de interés internacionales - Bonos del Tesoro EE.UU. - 10 años (%),06.Jun.22,3.04
rend_bono10_usa,PD04719XD,diaria,Tasas de interés internacionales - Bonos del Tesoro EE.UU. - 10 años (%),07.Jun.22,2.979
rend_bono10_usa,PD04719XD,diaria,Tasas de interés internacionales - Bonos del Tesoro EE.UU. - 10 años (%),08.Jun.22,3.027
rend_bono10_usa,PD04719XD,diaria,Tasas de interés internacionales - Bonos del Tesoro EE.UU. - 10 años (%),09.Jun.22,3.046
rend_bono10_usa,PD04719XD,diaria,Tasas de interés internacionales - Bonos del Tesoro EE.UU. - 10 años (%),10.Jun.22,3.165
rend_bono10_usa,PD04719XD,diaria,Tasas de interés internacionales - Bonos del Tesoro EE.UU. - 10 años (%),13.Jun.22,3.362
rend_bono10_usa,PD04719XD,diaria,Tasas de interés internacionales - Bonos del Tesoro EE.UU. - 10 años (%),14.Jun.22,3.479
rend_bono10_usa,PD04719XD,diaria,Tasas de interés internacionales - Bonos del Tesoro EE.UU. - 10 años (%),15.Jun.22,3.292
rend_bono10_usa,PD04719XD,diaria,Tasas de interés internacionales - Bonos del Tesoro EE.UU. - 10 años (%),16.Jun.22,3.195
rend_bono10_usa,PD04719XD,diaria,Tasas de interés internacionales - Bonos del Tesoro EE.UU. - 10 años (%),17.Jun.22,3.231
rend_bono10_usa,PD04719XD,diaria,Tasas de interés internacionales - Bonos del Tesoro EE.UU. - 10 años (%),20.Jun.22,3.277
rend_bono10_usa,PD04719XD,diaria,Tasas de interés internacionales - Bonos del Tesoro EE.UU. - 10 años (%),21.Jun.22,3.279
rend_bono10_usa,PD04719XD,diaria,Tasas de interés internacionales - Bonos del Tesoro EE.UU. - 10 años (%),22.Jun.22,3.16
rend_bono10_usa,PD04719XD,diaria,Tasas de interés internacionales - Bonos del Tesoro EE.UU. - 10 años (%),23.Jun.22,3.089
rend_bono10_usa,PD04719XD,diaria,Tasas de interés internacionales - Bonos del Tesoro EE.UU. - 10 años (%),24.Jun.22,3.138
rend_bono10_usa,PD04719XD,diaria,Tasas de interés internacionales - Bonos del Tesoro EE.UU. - 10 años (%),27.Jun.22,3.202
rend_bono10_usa,PD04719XD,diaria,Tasas de interés internacionales - Bonos del Tesoro EE.UU. - 10 años (%),28.Jun.22,3.177
rend_bono10_usa,PD04719XD,diaria,Tasas de interés internacionales - Bonos del Tesoro EE.UU. - 10 años (%),29.Jun.22,3.087
rend_bono10_usa,PD04719XD,diaria,Tasas de interés internacionales - Bonos del Tesoro EE.UU. - 10 años (%),30.Jun.22,3.017
rend_bono10_usa,PD04719XD,diaria,Tasas de interés internacionales - Bonos del Tesoro EE.UU. - 10 años (%),01.Jul.22,2.889
rend_bono10_usa,PD04719XD,diaria,Tasas de interés internacionales - Bonos del Tesoro EE.UU. - 10 años (%),04.Jul.22,2.932
rend_bono10_usa,PD04719XD,diaria,Tasas de interés internacionales - Bonos del Tesoro EE.UU. - 10 años (%),05.Jul.22,2.818
rend_bono10_usa,PD04719XD,diaria,Tasas de interés internacionales - Bonos del Tesoro EE.UU. - 10 años (%),06.Jul.22,2.934
rend_bono10_usa,PD04719XD,diaria,Tasas de interés internacionales - Bonos del Tesoro EE.UU. - 10 años (%),07.Jul.22,3
rend_bono10_usa,PD04719XD,diaria,Tasas de interés internacionales - Bonos del Tesoro EE.UU. - 10 años (%),08.Jul.22,3.08
rend_bono10_usa,PD04719XD,diaria,Tasas de interés internacionales - Bonos del Tesoro EE.UU. - 10 años (%),11.Jul.22,2.993
rend_bono10_usa,PD04719XD,diaria,Tasas de interés internacionales - Bonos del Tesoro EE.UU. - 10 años (%),12.Jul.22,2.971
rend_bono10_usa,PD04719XD,diaria,Tasas de interés internacionales - Bonos del Tesoro EE.UU. - 10 años (%),13.Jul.22,2.935
rend_bono10_usa,PD04719XD,diaria,Tasas de interés internacionales - Bonos del Tesoro EE.UU. - 10 años (%),14.Jul.22,2.958
rend_bono10_usa,PD04719XD,diaria,Tasas de interés internacionales - Bonos del Tesoro EE.UU. - 10 años (%),15.Jul.22,2.928
rend_bono10_usa,PD04719XD,diaria,Tasas de interés internacionales - Bonos del Tesoro EE.UU. - 10 años (%),18.Jul.22,2.989
rend_bono10_usa,PD04719XD,diaria,Tasas de interés internacionales - Bonos del Tesoro EE.UU. - 10 años (%),19.Jul.22,3.028
rend_bono10_usa,PD04719XD,diaria,Tasas de interés internacionales - Bonos del Tesoro EE.UU. - 10 años (%),20.Jul.22,3.03
rend_bono10_usa,PD04719XD,diaria,Tasas de interés internacionales - Bonos del Tesoro EE.UU. - 10 años (%),21.Jul.22,2.882
rend_bono10_usa,PD04719XD,diaria,Tasas de interés internacionales - Bonos del Tesoro EE.UU. - 10 años (%),22.Jul.22,2.754
rend_bono10_usa,PD04719XD,diaria,Tasas de interés internacionales - Bonos del Tesoro EE.UU. - 10 años (%),25.Jul.22,2.807
rend_bono10_usa,PD04719XD,diaria,Tasas de interés internacionales - Bonos del Tesoro EE.UU. - 10 años (%),26.Jul.22,2.803
rend_bono10_usa,PD04719XD,diaria,Tasas de interés internacionales - Bonos del Tesoro EE.UU. - 10 años (%),27.Jul.22,2.785
rend_bono10_usa,PD04719XD,diaria,Tasas de interés internacionales - Bonos del Tesoro EE.UU. - 10 años (%),28.Jul.22,2.671
rend_bono10_usa,PD04719XD,diaria,Tasas de interés internacionales - Bonos del Tesoro EE.UU. - 10 años (%),29.Jul.22,2.658
rend_bono10_usa,PD04719XD,diaria,Tasas de interés internacionales - Bonos del Tesoro EE.UU. - 10 años (%),01.Ago.22,2.568
rend_bono10_usa,PD04719XD,diaria,Tasas de interés internacionales - Bonos del Tesoro EE.UU. - 10 años (%),02.Ago.22,2.747
rend_bono10_usa,PD04719XD,diaria,Tasas de interés internacionales - Bonos del Tesoro EE.UU. - 10 años (%),03.Ago.22,2.706
rend_bono10_usa,PD04719XD,diaria,Tasas de interés internacionales - Bonos del Tesoro EE.UU. - 10 años (%),04.Ago.22,2.694
rend_bono10_usa,PD04719XD,diaria,Tasas de interés internacionales - Bonos del Tesoro EE.UU. - 10 años (%),05.Ago.22,2.827
rend_bono10_usa,PD04719XD,diaria,Tasas de interés internacionales - Bonos del Tesoro EE.UU. - 10 años (%),08.Ago.22,2.752
rend_bono10_usa,PD04719XD,diaria,Tasas de interés internacionales - Bonos del Tesoro EE.UU. - 10 años (%),09.Ago.22,2.786
rend_bono10_usa,PD04719XD,diaria,Tasas de interés internacionales - Bonos del Tesoro EE.UU. - 10 años (%),10.Ago.22,2.785
rend_bono10_usa,PD04719XD,diaria,Tasas de interés internacionales - Bonos del Tesoro EE.UU. - 10 años (%),11.Ago.22,2.889
rend_bono10_usa,PD04719XD,diaria,Tasas de interés internacionales - Bonos del Tesoro EE.UU. - 10 años (%),12.Ago.22,2.842
rend_bono10_usa,PD04719XD,diaria,Tasas de interés internacionales - Bonos del Tesoro EE.UU. - 10 años (%),15.Ago.22,2.793
rend_bono10_usa,PD04719XD,diaria,Tasas de interés internacionales - Bonos del Tesoro EE.UU. - 10 años (%),16.Ago.22,2.819
rend_bono10_usa,PD04719XD,diaria,Tasas de interés internacionales - Bonos del Tesoro EE.UU. - 10 años (%),17.Ago.22,2.902
rend_bono10_usa,PD04719XD,diaria,Tasas de interés internacionales - Bonos del Tesoro EE.UU. - 10 años (%),18.Ago.22,2.886
rend_bono10_usa,PD04719XD,diaria,Tasas de interés internacionales - Bonos del Tesoro EE.UU. - 10 años (%),19.Ago.22,2.976
rend_bono10_usa,PD04719XD,diaria,Tasas de interés internacionales - Bonos del Tesoro EE.UU. - 10 años (%),22.Ago.22,3.024
rend_bono10_usa,PD04719XD,diaria,Tasas de interés internacionales - Bonos del Tesoro EE.UU. - 10 años (%),23.Ago.22,3.059
rend_bono10_usa,PD04719XD,diaria,Tasas de interés internacionales - Bonos del Tesoro EE.UU. - 10 años (%),24.Ago.22,3.109
rend_bono10_usa,PD04719XD,diaria,Tasas de interés internacionales - Bonos del Tesoro EE.UU. - 10 años (%),25.Ago.22,3.031
rend_bono10_usa,PD04719XD,diaria,Tasas de interés internacionales - Bonos del Tesoro EE.UU. - 10 años (%),26.Ago.22,3.03
rend_bono10_usa,PD04719XD,diaria,Tasas de interés internacionales - Bonos del Tesoro EE.UU. - 10 años (%),29.Ago.22,3.114
rend_bono10_usa,PD04719XD,diaria,Tasas de interés internacionales - Bonos del Tesoro EE.UU. - 10 años (%),30.Ago.22,3.112
rend_bono10_usa,PD04719XD,diaria,Tasas de interés internacionales - Bonos del Tesoro EE.UU. - 10 años (%),31.Ago.22,3.196
rend_bono10_usa,PD04719XD,diaria,Tasas de interés internacionales - Bonos del Tesoro EE.UU. - 10 años (%),01.Set.22,3.263
rend_bono10_usa,PD04719XD,diaria,Tasas de interés internacionales - Bonos del Tesoro EE.UU. - 10 años (%),02.Set.22,3.195
rend_bono10_usa,PD04719XD,diaria,Tasas de interés internacionales - Bonos del Tesoro EE.UU. - 10 años (%),05.Set.22,3.223
rend_bono10_usa,PD04719XD,diaria,Tasas de interés internacionales - Bonos del Tesoro EE.UU. - 10 años (%),06.Set.22,3.351
rend_bono10_usa,PD04719XD,diaria,Tasas de interés internacionales - Bonos del Tesoro EE.UU. - 10 años (%),07.Set.22,3.267
rend_bono10_usa,PD04719XD,diaria,Tasas de interés internacionales - Bonos del Tesoro EE.UU. - 10 años (%),08.Set.22,3.323
rend_bono10_usa,PD04719XD,diaria,Tasas de interés internacionales - Bonos del Tesoro EE.UU. - 10 años (%),09.Set.22,3.315
rend_bono10_usa,PD04719XD,diaria,Tasas de interés internacionales - Bonos del Tesoro EE.UU. - 10 años (%),12.Set.22,3.358
rend_bono10_usa,PD04719XD,diaria,Tasas de interés internacionales - Bonos del Tesoro EE.UU. - 10 años (%),13.Set.22,3.412
rend_bono10_usa,PD04719XD,diaria,Tasas de interés internacionales - Bonos del Tesoro EE.UU. - 10 años (%),14.Set.22,3.404
rend_bono10_usa,PD04719XD,diaria,Tasas de interés internacionales - Bonos del Tesoro EE.UU. - 10 años (%),15.Set.22,3.449
rend_bono10_usa,PD04719XD,diaria,Tasas de interés internacionales - Bonos del Tesoro EE.UU. - 10 años (%),16.Set.22,3.455
rend_bono10_usa,PD04719XD,diaria,Tasas de interés internacionales - Bonos del Tesoro EE.UU. - 10 años (%),19.Set.22,3.494
rend_bono10_usa,PD04719XD,diaria,Tasas de interés internacionales - Bonos del Tesoro EE.UU. - 10 años (%),20.Set.22,3.569
rend_bono10_usa,PD04719XD,diaria,Tasas de interés internacionales - Bonos del Tesoro EE.UU. - 10 años (%),21.Set.22,3.534
rend_bono10_usa,PD04719XD,diaria,Tasas de interés internacionales - Bonos del Tesoro EE.UU. - 10 años (%),22.Set.22,3.712
rend_bono10_usa,PD04719XD,diaria,Tasas de interés internacionales - Bonos del Tesoro EE.UU. - 10 años (%),23.Set.22,3.687
rend_bono10_usa,PD04719XD,diaria,Tasas de interés internacionales - Bonos del Tesoro EE.UU. - 10 años (%),26.Set.22,3.91
rend_bono10_usa,PD04719XD,diaria,Tasas de interés internacionales - Bonos del Tesoro EE.UU. - 10 años (%),27.Set.22,3.949
rend_bono10_usa,PD04719XD,diaria,Tasas de interés internacionales - Bonos del Tesoro EE.UU. - 10 años (%),28.Set.22,3.737
rend_bono10_usa,PD04719XD,diaria,Tasas de interés internacionales - Bonos del Tesoro EE.UU. - 10 años (%),29.Set.22,3.786
rend_bono10_usa,PD04719XD,diaria,Tasas de interés internacionales - Bonos del Tesoro EE.UU. - 10 años (%),30.Set.22,3.829
rend_bono10_usa,PD04719XD,diaria,Tasas de interés internacionales - Bonos del Tesoro EE.UU. - 10 años (%),03.Oct.22,3.621
rend_bono10_usa,PD04719XD,diaria,Tasas de interés internacionales - Bonos del Tesoro EE.UU. - 10 años (%),04.Oct.22,3.635
rend_bono10_usa,PD04719XD,diaria,Tasas de interés internacionales - Bonos del Tesoro EE.UU. - 10 años (%),05.Oct.22,3.751
rend_bono10_usa,PD04719XD,diaria,Tasas de interés internacionales - Bonos del Tesoro EE.UU. - 10 años (%),06.Oct.22,3.828
rend_bono10_usa,PD04719XD,diaria,Tasas de interés internacionales - Bonos del Tesoro EE.UU. - 10 años (%),07.Oct.22,3.888
rend_bono10_usa,PD04719XD,diaria,Tasas de interés internacionales - Bonos del Tesoro EE.UU. - 10 años (%),10.Oct.22,3.955
rend_bono10_usa,PD04719XD,diaria,Tasas de interés internacionales - Bonos del Tesoro EE.UU. - 10 años (%),11.Oct.22,3.945
rend_bono10_usa,PD04719XD,diaria,Tasas de interés internacionales - Bonos del Tesoro EE.UU. - 10 años (%),12.Oct.22,3.904
rend_bono10_usa,PD04719XD,diaria,Tasas de interés internacionales - Bonos del Tesoro EE.UU. - 10 años (%),13.Oct.22,3.95
rend_bono10_usa,PD04719XD,diaria,Tasas de interés internacionales - Bonos del Tesoro EE.UU. - 10 años (%),14.Oct.22,4.023
rend_bono10_usa,PD04719XD,diaria,Tasas de interés internacionales - Bonos del Tesoro EE.UU. - 10 años (%),17.Oct.22,4.012
rend_bono10_usa,PD04719XD,diaria,Tasas de interés internacionales - Bonos del Tesoro EE.UU. - 10 años (%),18.Oct.22,4.007
rend_bono10_usa,PD04719XD,diaria,Tasas de interés internacionales - Bonos del Tesoro EE.UU. - 10 años (%),19.Oct.22,4.142
rend_bono10_usa,PD04719XD,diaria,Tasas de interés internacionales - Bonos del Tesoro EE.UU. - 10 años (%),20.Oct.22,4.226
rend_bono10_usa,PD04719XD,diaria,Tasas de interés internacionales - Bonos del Tesoro EE.UU. - 10 años (%),21.Oct.22,4.219
rend_bono10_usa,PD04719XD,diaria,Tasas de interés internacionales - Bonos del Tesoro EE.UU. - 10 años (%),24.Oct.22,4.247
rend_bono10_usa,PD04719XD,diaria,Tasas de interés internacionales - Bonos del Tesoro EE.UU. - 10 años (%),25.Oct.22,4.1
rend_bono10_usa,PD04719XD,diaria,Tasas de interés internacionales - Bonos del Tesoro EE.UU. - 10 años (%),26.Oct.22,4.011
rend_bono10_usa,PD04719XD,diaria,Tasas de interés internacionales - Bonos del Tesoro EE.UU. - 10 años (%),27.Oct.22,3.927
rend_bono10_usa,PD04719XD,diaria,Tasas de interés internacionales - Bonos del Tesoro EE.UU. - 10 años (%),28.Oct.22,4.01
rend_bono10_usa,PD04719XD,diaria,Tasas de interés internacionales - Bonos del Tesoro EE.UU. - 10 años (%),31.Oct.22,4.05
rend_bono10_usa,PD04719XD,diaria,Tasas de interés internacionales - Bonos del Tesoro EE.UU. - 10 años (%),01.Nov.22,4.046
rend_bono10_usa,PD04719XD,diaria,Tasas de interés internacionales - Bonos del Tesoro EE.UU. - 10 años (%),02.Nov.22,4.096
rend_bono10_usa,PD04719XD,diaria,Tasas de interés internacionales - Bonos del Tesoro EE.UU. - 10 años (%),03.Nov.22,4.149
rend_bono10_usa,PD04719XD,diaria,Tasas de interés internacionales - Bonos del Tesoro EE.UU. - 10 años (%),04.Nov.22,4.163
rend_bono10_usa,PD04719XD,diaria,Tasas de interés internacionales - Bonos del Tesoro EE.UU. - 10 años (%),07.Nov.22,4.218
rend_bono10_usa,PD04719XD,diaria,Tasas de interés internacionales - Bonos del Tesoro EE.UU. - 10 años (%),08.Nov.22,4.128
rend_bono10_usa,PD04719XD,diaria,Tasas de interés internacionales - Bonos del Tesoro EE.UU. - 10 años (%),09.Nov.22,4.099
rend_bono10_usa,PD04719XD,diaria,Tasas de interés internacionales - Bonos del Tesoro EE.UU. - 10 años (%),10.Nov.22,3.811
rend_bono10_usa,PD04719XD,diaria,Tasas de interés internacionales - Bonos del Tesoro EE.UU. - 10 años (%),11.Nov.22,3.811
rend_bono10_usa,PD04719XD,diaria,Tasas de interés internacionales - Bonos del Tesoro EE.UU. - 10 años (%),14.Nov.22,3.863
rend_bono10_usa,PD04719XD,diaria,Tasas de interés internacionales - Bonos del Tesoro EE.UU. - 10 años (%),15.Nov.22,3.777
rend_bono10_usa,PD04719XD,diaria,Tasas de interés internacionales - Bonos del Tesoro EE.UU. - 10 años (%),16.Nov.22,3.69
rend_bono10_usa,PD04719XD,diaria,Tasas de interés internacionales - Bonos del Tesoro EE.UU. - 10 años (%),17.Nov.22,3.769
rend_bono10_usa,PD04719XD,diaria,Tasas de interés internacionales - Bonos del Tesoro EE.UU. - 10 años (%),18.Nov.22,3.829
rend_bono10_usa,PD04719XD,diaria,Tasas de interés internacionales - Bonos del Tesoro EE.UU. - 10 años (%),21.Nov.22,3.831
rend_bono10_usa,PD04719XD,diaria,Tasas de interés internacionales - Bonos del Tesoro EE.UU. - 10 años (%),22.Nov.22,3.758
rend_bono10_usa,PD04719XD,diaria,Tasas de interés internacionales - Bonos del Tesoro EE.UU. - 10 años (%),23.Nov.22,3.689
rend_bono10_usa,PD04719XD,diaria,Tasas de interés internacionales - Bonos del Tesoro EE.UU. - 10 años (%),24.Nov.22,3.661
rend_bono10_usa,PD04719XD,diaria,Tasas de interés internacionales - Bonos del Tesoro EE.UU. - 10 años (%),25.Nov.22,3.691
rend_bono10_usa,PD04719XD,diaria,Tasas de interés internacionales - Bonos del Tesoro EE.UU. - 10 años (%),28.Nov.22,3.679
rend_bono10_usa,PD04719XD,diaria,Tasas de interés internacionales - Bonos del Tesoro EE.UU. - 10 años (%),29.Nov.22,3.75
rend_bono10_usa,PD04719XD,diaria,Tasas de interés internacionales - Bonos del Tesoro EE.UU. - 10 años (%),30.Nov.22,3.611
rend_bono10_usa,PD04719XD,diaria,Tasas de interés internacionales - Bonos del Tesoro EE.UU. - 10 años (%),01.Dic.22,3.51
rend_bono10_usa,PD04719XD,diaria,Tasas de interés internacionales - Bonos del Tesoro EE.UU. - 10 años (%),02.Dic.22,3.492
rend_bono10_usa,PD04719XD,diaria,Tasas de interés internacionales - Bonos del Tesoro EE.UU. - 10 años (%),05.Dic.22,3.583
rend_bono10_usa,PD04719XD,diaria,Tasas de interés internacionales - Bonos del Tesoro EE.UU. - 10 años (%),06.Dic.22,3.531
rend_bono10_usa,PD04719XD,diaria,Tasas de interés internacionales - Bonos del Tesoro EE.UU. - 10 años (%),07.Dic.22,3.421
rend_bono10_usa,PD04719XD,diaria,Tasas de interés internacionales - Bonos del Tesoro EE.UU. - 10 años (%),08.Dic.22,3.489
rend_bono10_usa,PD04719XD,diaria,Tasas de interés internacionales - Bonos del Tesoro EE.UU. - 10 años (%),09.Dic.22,3.586
rend_bono10_usa,PD04719XD,diaria,Tasas de interés internacionales - Bonos del Tesoro EE.UU. - 10 años (%),12.Dic.22,3.617
rend_bono10_usa,PD04719XD,diaria,Tasas de interés internacionales - Bonos del Tesoro EE.UU. - 10 años (%),13.Dic.22,3.501
rend_bono10_usa,PD04719XD,diaria,Tasas de interés internacionales - Bonos del Tesoro EE.UU. - 10 años (%),14.Dic.22,3.479
rend_bono10_usa,PD04719XD,diaria,Tasas de interés internacionales - Bonos del Tesoro EE.UU. - 10 años (%),15.Dic.22,3.45
rend_bono10_usa,PD04719XD,diaria,Tasas de interés internacionales - Bonos del Tesoro EE.UU. - 10 años (%),16.Dic.22,3.488
rend_bono10_usa,PD04719XD,diaria,Tasas de interés internacionales - Bonos del Tesoro EE.UU. - 10 años (%),19.Dic.22,3.59
rend_bono10_usa,PD04719XD,diaria,Tasas de interés internacionales - Bonos del Tesoro EE.UU. - 10 años (%),20.Dic.22,3.692
rend_bono10_usa,PD04719XD,diaria,Tasas de interés internacionales - Bonos del Tesoro EE.UU. - 10 años (%),21.Dic.22,3.673
rend_bono10_usa,PD04719XD,diaria,Tasas de interés internacionales - Bonos del Tesoro EE.UU. - 10 años (%),22.Dic.22,3.686
rend_bono10_usa,PD04719XD,diaria,Tasas de interés internacionales - Bonos del Tesoro EE.UU. - 10 años (%),23.Dic.22,3.751
rend_bono10_usa,PD04719XD,diaria,Tasas de interés internacionales - Bonos del Tesoro EE.UU. - 10 años (%),26.Dic.22,3.743
rend_bono10_usa,PD04719XD,diaria,Tasas de interés internacionales - Bonos del Tesoro EE.UU. - 10 años (%),27.Dic.22,3.849
rend_bono10_usa,PD04719XD,diaria,Tasas de interés internacionales - Bonos del Tesoro EE.UU. - 10 años (%),28.Dic.22,3.886
rend_bono10_usa,PD04719XD,diaria,Tasas de interés internacionales - Bonos del Tesoro EE.UU. - 10 años (%),29.Dic.22,3.82
rend_bono10_usa,PD04719XD,diaria,Tasas de interés internacionales - Bonos del Tesoro EE.UU. - 10 años (%),30.Dic.22,3.879
rend_bono10_usa,PD04719XD,diaria,Tasas de interés internacionales - Bonos del Tesoro EE.UU. - 10 años (%),02.Ene.23,3.879
rend_bono10_usa,PD04719XD,diaria,Tasas de interés internacionales - Bonos del Tesoro EE.UU. - 10 años (%),03.Ene.23,3.752
rend_bono10_usa,PD04719XD,diaria,Tasas de interés internacionales - Bonos del Tesoro EE.UU. - 10 años (%),04.Ene.23,3.69
rend_bono10_usa,PD04719XD,diaria,Tasas de interés internacionales - Bonos del Tesoro EE.UU. - 10 años (%),05.Ene.23,3.726
rend_bono10_usa,PD04719XD,diaria,Tasas de interés internacionales - Bonos del Tesoro EE.UU. - 10 años (%),06.Ene.23,3.56
rend_bono10_usa,PD04719XD,diaria,Tasas de interés internacionales - Bonos del Tesoro EE.UU. - 10 años (%),09.Ene.23,3.527
rend_bono10_usa,PD04719XD,diaria,Tasas de interés internacionales - Bonos del Tesoro EE.UU. - 10 años (%),10.Ene.23,3.615
rend_bono10_usa,PD04719XD,diaria,Tasas de interés internacionales - Bonos del Tesoro EE.UU. - 10 años (%),11.Ene.23,3.543
rend_bono10_usa,PD04719XD,diaria,Tasas de interés internacionales - Bonos del Tesoro EE.UU. - 10 años (%),12.Ene.23,3.444
rend_bono10_usa,PD04719XD,diaria,Tasas de interés internacionales - Bonos del Tesoro EE.UU. - 10 años (%),13.Ene.23,3.498
rend_bono10_usa,PD04719XD,diaria,Tasas de interés internacionales - Bonos del Tesoro EE.UU. - 10 años (%),16.Ene.23,3.529
rend_bono10_usa,PD04719XD,diaria,Tasas de interés internacionales - Bonos del Tesoro EE.UU. - 10 años (%),17.Ene.23,3.549
rend_bono10_usa,PD04719XD,diaria,Tasas de interés internacionales - Bonos del Tesoro EE.UU. - 10 años (%),18.Ene.23,3.373
rend_bono10_usa,PD04719XD,diaria,Tasas de interés internacionales - Bonos del Tesoro EE.UU. - 10 años (%),19.Ene.23,3.399
rend_bono10_usa,PD04719XD,diaria,Tasas de interés internacionales - Bonos del Tesoro EE.UU. - 10 años (%),20.Ene.23,3.482
rend_bono10_usa,PD04719XD,diaria,Tasas de interés internacionales - Bonos del Tesoro EE.UU. - 10 años (%),23.Ene.23,3.521
rend_bono10_usa,PD04719XD,diaria,Tasas de interés internacionales - Bonos del Tesoro EE.UU. - 10 años (%),24.Ene.23,3.455
rend_bono10_usa,PD04719XD,diaria,Tasas de interés internacionales - Bonos del Tesoro EE.UU. - 10 años (%),25.Ene.23,3.451
rend_bono10_usa,PD04719XD,diaria,Tasas de interés internacionales - Bonos del Tesoro EE.UU. - 10 años (%),26.Ene.23,3.506
rend_bono10_usa,PD04719XD,diaria,Tasas de interés internacionales - Bonos del Tesoro EE.UU. - 10 años (%),27.Ene.23,3.507
rend_bono10_usa,PD04719XD,diaria,Tasas de interés internacionales - Bonos del Tesoro EE.UU. - 10 años (%),30.Ene.23,3.542
rend_bono10_usa,PD04719XD,diaria,Tasas de interés internacionales - Bonos del Tesoro EE.UU. - 10 años (%),31.Ene.23,3.51
rend_bono10_usa,PD04719XD,diaria,Tasas de interés internacionales - Bonos del Tesoro EE.UU. - 10 años (%),01.Feb.23,3.417
rend_bono10_usa,PD04719XD,diaria,Tasas de interés internacionales - Bonos del Tesoro EE.UU. - 10 años (%),02.Feb.23,3.402
rend_bono10_usa,PD04719XD,diaria,Tasas de interés internacionales - Bonos del Tesoro EE.UU. - 10 años (%),03.Feb.23,3.519
rend_bono10_usa,PD04719XD,diaria,Tasas de interés internacionales - Bonos del Tesoro EE.UU. - 10 años (%),06.Feb.23,3.644
rend_bono10_usa,PD04719XD,diaria,Tasas de interés internacionales - Bonos del Tesoro EE.UU. - 10 años (%),07.Feb.23,3.679
rend_bono10_usa,PD04719XD,diaria,Tasas de interés internacionales - Bonos del Tesoro EE.UU. - 10 años (%),08.Feb.23,3.615
rend_bono10_usa,PD04719XD,diaria,Tasas de interés internacionales - Bonos del Tesoro EE.UU. - 10 años (%),09.Feb.23,3.664
rend_bono10_usa,PD04719XD,diaria,Tasas de interés internacionales - Bonos del Tesoro EE.UU. - 10 años (%),10.Feb.23,3.743
rend_bono10_usa,PD04719XD,diaria,Tasas de interés internacionales - Bonos del Tesoro EE.UU. - 10 años (%),13.Feb.23,3.704
rend_bono10_usa,PD04719XD,diaria,Tasas de interés internacionales - Bonos del Tesoro EE.UU. - 10 años (%),14.Feb.23,3.753
rend_bono10_usa,PD04719XD,diaria,Tasas de interés internacionales - Bonos del Tesoro EE.UU. - 10 años (%),15.Feb.23,3.803
rend_bono10_usa,PD04719XD,diaria,Tasas de interés internacionales - Bonos del Tesoro EE.UU. - 10 años (%),16.Feb.23,3.863
rend_bono10_usa,PD04719XD,diaria,Tasas de interés internacionales - Bonos del Tesoro EE.UU. - 10 años (%),17.Feb.23,3.817
rend_bono10_usa,PD04719XD,diaria,Tasas de interés internacionales - Bonos del Tesoro EE.UU. - 10 años (%),20.Feb.23,3.851
rend_bono10_usa,PD04719XD,diaria,Tasas de interés internacionales - Bonos del Tesoro EE.UU. - 10 años (%),21.Feb.23,3.954
rend_bono10_usa,PD04719XD,diaria,Tasas de interés internacionales - Bonos del Tesoro EE.UU. - 10 años (%),22.Feb.23,3.927
rend_bono10_usa,PD04719XD,diaria,Tasas de interés internacionales - Bonos del Tesoro EE.UU. - 10 años (%),23.Feb.23,3.89
rend_bono10_usa,PD04719XD,diaria,Tasas de interés internacionales - Bonos del Tesoro EE.UU. - 10 años (%),24.Feb.23,3.947
rend_bono10_usa,PD04719XD,diaria,Tasas de interés internacionales - Bonos del Tesoro EE.UU. - 10 años (%),27.Feb.23,3.922
rend_bono10_usa,PD04719XD,diaria,Tasas de interés internacionales - Bonos del Tesoro EE.UU. - 10 años (%),28.Feb.23,3.938
rend_bono10_usa,PD04719XD,diaria,Tasas de interés internacionales - Bonos del Tesoro EE.UU. - 10 años (%),01.Mar.23,3.994
rend_bono10_usa,PD04719XD,diaria,Tasas de interés internacionales - Bonos del Tesoro EE.UU. - 10 años (%),02.Mar.23,4.062
rend_bono10_usa,PD04719XD,diaria,Tasas de interés internacionales - Bonos del Tesoro EE.UU. - 10 años (%),03.Mar.23,3.958
rend_bono10_usa,PD04719XD,diaria,Tasas de interés internacionales - Bonos del Tesoro EE.UU. - 10 años (%),06.Mar.23,3.967
rend_bono10_usa,PD04719XD,diaria,Tasas de interés internacionales - Bonos del Tesoro EE.UU. - 10 años (%),07.Mar.23,3.983
rend_bono10_usa,PD04719XD,diaria,Tasas de interés internacionales - Bonos del Tesoro EE.UU. - 10 años (%),08.Mar.23,3.989
rend_bono10_usa,PD04719XD,diaria,Tasas de interés internacionales - Bonos del Tesoro EE.UU. - 10 años (%),09.Mar.23,3.907
rend_bono10_usa,PD04719XD,diaria,Tasas de interés internacionales - Bonos del Tesoro EE.UU. - 10 años (%),10.Mar.23,3.704
rend_bono10_usa,PD04719XD,diaria,Tasas de interés internacionales - Bonos del Tesoro EE.UU. - 10 años (%),13.Mar.23,3.545
rend_bono10_usa,PD04719XD,diaria,Tasas de interés internacionales - Bonos del Tesoro EE.UU. - 10 años (%),14.Mar.23,3.685
rend_bono10_usa,PD04719XD,diaria,Tasas de interés internacionales - Bonos del Tesoro EE.UU. - 10 años (%),15.Mar.23,3.462
rend_bono10_usa,PD04719XD,diaria,Tasas de interés internacionales - Bonos del Tesoro EE.UU. - 10 años (%),16.Mar.23,3.579
rend_bono10_usa,PD04719XD,diaria,Tasas de interés internacionales - Bonos del Tesoro EE.UU. - 10 años (%),17.Mar.23,3.438
rend_bono10_usa,PD04719XD,diaria,Tasas de interés internacionales - Bonos del Tesoro EE.UU. - 10 años (%),20.Mar.23,3.483
rend_bono10_usa,PD04719XD,diaria,Tasas de interés internacionales - Bonos del Tesoro EE.UU. - 10 años (%),21.Mar.23,3.608
rend_bono10_usa,PD04719XD,diaria,Tasas de interés internacionales - Bonos del Tesoro EE.UU. - 10 años (%),22.Mar.23,3.451
rend_bono10_usa,PD04719XD,diaria,Tasas de interés internacionales - Bonos del Tesoro EE.UU. - 10 años (%),23.Mar.23,3.414
rend_bono10_usa,PD04719XD,diaria,Tasas de interés internacionales - Bonos del Tesoro EE.UU. - 10 años (%),24.Mar.23,3.372
rend_bono10_usa,PD04719XD,diaria,Tasas de interés internacionales - Bonos del Tesoro EE.UU. - 10 años (%),27.Mar.23,3.539
rend_bono10_usa,PD04719XD,diaria,Tasas de interés internacionales - Bonos del Tesoro EE.UU. - 10 años (%),28.Mar.23,3.572
rend_bono10_usa,PD04719XD,diaria,Tasas de interés internacionales - Bonos del Tesoro EE.UU. - 10 años (%),29.Mar.23,3.566
rend_bono10_usa,PD04719XD,diaria,Tasas de interés internacionales - Bonos del Tesoro EE.UU. - 10 años (%),30.Mar.23,3.547
rend_bono10_usa,PD04719XD,diaria,Tasas de interés internacionales - Bonos del Tesoro EE.UU. - 10 años (%),31.Mar.23,3.473
rend_bono10_usa,PD04719XD,diaria,Tasas de interés internacionales - Bonos del Tesoro EE.UU. - 10 años (%),03.Abr.23,3.415
rend_bono10_usa,PD04719XD,diaria,Tasas de interés internacionales - Bonos del Tesoro EE.UU. - 10 años (%),04.Abr.23,3.339
rend_bono10_usa,PD04719XD,diaria,Tasas de interés internacionales - Bonos del Tesoro EE.UU. - 10 años (%),05.Abr.23,3.309
rend_bono10_usa,PD04719XD,diaria,Tasas de interés internacionales - Bonos del Tesoro EE.UU. - 10 años (%),06.Abr.23,3.303
rend_bono10_usa,PD04719XD,diaria,Tasas de interés internacionales - Bonos del Tesoro EE.UU. - 10 años (%),07.Abr.23,3.413
rend_bono10_usa,PD04719XD,diaria,Tasas de interés internacionales - Bonos del Tesoro EE.UU. - 10 años (%),10.Abr.23,3.415
rend_bono10_usa,PD04719XD,diaria,Tasas de interés internacionales - Bonos del Tesoro EE.UU. - 10 años (%),11.Abr.23,3.432
rend_bono10_usa,PD04719XD,diaria,Tasas de interés internacionales - Bonos del Tesoro EE.UU. - 10 años (%),12.Abr.23,3.4
rend_bono10_usa,PD04719XD,diaria,Tasas de interés internacionales - Bonos del Tesoro EE.UU. - 10 años (%),13.Abr.23,3.449
rend_bono10_usa,PD04719XD,diaria,Tasas de interés internacionales - Bonos del Tesoro EE.UU. - 10 años (%),14.Abr.23,3.515
rend_bono10_usa,PD04719XD,diaria,Tasas de interés internacionales - Bonos del Tesoro EE.UU. - 10 años (%),17.Abr.23,3.606
rend_bono10_usa,PD04719XD,diaria,Tasas de interés internacionales - Bonos del Tesoro EE.UU. - 10 años (%),18.Abr.23,3.578
rend_bono10_usa,PD04719XD,diaria,Tasas de interés internacionales - Bonos del Tesoro EE.UU. - 10 años (%),19.Abr.23,3.591
rend_bono10_usa,PD04719XD,diaria,Tasas de interés internacionales - Bonos del Tesoro EE.UU. - 10 años (%),20.Abr.23,3.536
rend_bono10_usa,PD04719XD,diaria,Tasas de interés internacionales - Bonos del Tesoro EE.UU. - 10 años (%),21.Abr.23,3.568
rend_bono10_usa,PD04719XD,diaria,Tasas de interés internacionales - Bonos del Tesoro EE.UU. - 10 años (%),24.Abr.23,3.496
rend_bono10_usa,PD04719XD,diaria,Tasas de interés internacionales - Bonos del Tesoro EE.UU. - 10 años (%),25.Abr.23,3.4
rend_bono10_usa,PD04719XD,diaria,Tasas de interés internacionales - Bonos del Tesoro EE.UU. - 10 años (%),26.Abr.23,3.445
rend_bono10_usa,PD04719XD,diaria,Tasas de interés internacionales - Bonos del Tesoro EE.UU. - 10 años (%),27.Abr.23,3.528
rend_bono10_usa,PD04719XD,diaria,Tasas de interés internacionales - Bonos del Tesoro EE.UU. - 10 años (%),28.Abr.23,3.433
rend_bono10_usa,PD04719XD,diaria,Tasas de interés internacionales - Bonos del Tesoro EE.UU. - 10 años (%),01.May.23,3.57
rend_bono10_usa,PD04719XD,diaria,Tasas de interés internacionales - Bonos del Tesoro EE.UU. - 10 años (%),02.May.23,3.433
rend_bono10_usa,PD04719XD,diaria,Tasas de interés internacionales - Bonos del Tesoro EE.UU. - 10 años (%),03.May.23,3.364
rend_bono10_usa,PD04719XD,diaria,Tasas de interés internacionales - Bonos del Tesoro EE.UU. - 10 años (%),04.May.23,3.377
rend_bono10_usa,PD04719XD,diaria,Tasas de interés internacionales - Bonos del Tesoro EE.UU. - 10 años (%),05.May.23,3.435
rend_bono10_usa,PD04719XD,diaria,Tasas de interés internacionales - Bonos del Tesoro EE.UU. - 10 años (%),08.May.23,3.507
rend_bono10_usa,PD04719XD,diaria,Tasas de interés internacionales - Bonos del Tesoro EE.UU. - 10 años (%),09.May.23,3.522
rend_bono10_usa,PD04719XD,diaria,Tasas de interés internacionales - Bonos del Tesoro EE.UU. - 10 años (%),10.May.23,3.439
rend_bono10_usa,PD04719XD,diaria,Tasas de interés internacionales - Bonos del Tesoro EE.UU. - 10 años (%),11.May.23,3.386
rend_bono10_usa,PD04719XD,diaria,Tasas de interés internacionales - Bonos del Tesoro EE.UU. - 10 años (%),12.May.23,3.463
rend_bono10_usa,PD04719XD,diaria,Tasas de interés internacionales - Bonos del Tesoro EE.UU. - 10 años (%),15.May.23,3.507
rend_bono10_usa,PD04719XD,diaria,Tasas de interés internacionales - Bonos del Tesoro EE.UU. - 10 años (%),16.May.23,3.541
rend_bono10_usa,PD04719XD,diaria,Tasas de interés internacionales - Bonos del Tesoro EE.UU. - 10 años (%),17.May.23,3.572
rend_bono10_usa,PD04719XD,diaria,Tasas de interés internacionales - Bonos del Tesoro EE.UU. - 10 años (%),18.May.23,3.651
rend_bono10_usa,PD04719XD,diaria,Tasas de interés internacionales - Bonos del Tesoro EE.UU. - 10 años (%),19.May.23,3.682
rend_bono10_usa,PD04719XD,diaria,Tasas de interés internacionales - Bonos del Tesoro EE.UU. - 10 años (%),22.May.23,3.719
rend_bono10_usa,PD04719XD,diaria,Tasas de interés internacionales - Bonos del Tesoro EE.UU. - 10 años (%),23.May.23,3.698
rend_bono10_usa,PD04719XD,diaria,Tasas de interés internacionales - Bonos del Tesoro EE.UU. - 10 años (%),24.May.23,3.744
rend_bono10_usa,PD04719XD,diaria,Tasas de interés internacionales - Bonos del Tesoro EE.UU. - 10 años (%),25.May.23,3.823
rend_bono10_usa,PD04719XD,diaria,Tasas de interés internacionales - Bonos del Tesoro EE.UU. - 10 años (%),26.May.23,3.819
rend_bono10_usa,PD04719XD,diaria,Tasas de interés internacionales - Bonos del Tesoro EE.UU. - 10 años (%),29.May.23,3.764
rend_bono10_usa,PD04719XD,diaria,Tasas de interés internacionales - Bonos del Tesoro EE.UU. - 10 años (%),30.May.23,3.694
rend_bono10_usa,PD04719XD,diaria,Tasas de interés internacionales - Bonos del Tesoro EE.UU. - 10 años (%),31.May.23,3.646
rend_bono10_usa,PD04719XD,diaria,Tasas de interés internacionales - Bonos del Tesoro EE.UU. - 10 años (%),01.Jun.23,3.601
rend_bono10_usa,PD04719XD,diaria,Tasas de interés internacionales - Bonos del Tesoro EE.UU. - 10 años (%),02.Jun.23,3.698
rend_bono10_usa,PD04719XD,diaria,Tasas de interés internacionales - Bonos del Tesoro EE.UU. - 10 años (%),05.Jun.23,3.689
rend_bono10_usa,PD04719XD,diaria,Tasas de interés internacionales - Bonos del Tesoro EE.UU. - 10 años (%),06.Jun.23,3.677
rend_bono10_usa,PD04719XD,diaria,Tasas de interés internacionales - Bonos del Tesoro EE.UU. - 10 años (%),07.Jun.23,3.793
rend_bono10_usa,PD04719XD,diaria,Tasas de interés internacionales - Bonos del Tesoro EE.UU. - 10 años (%),08.Jun.23,3.718
rend_bono10_usa,PD04719XD,diaria,Tasas de interés internacionales - Bonos del Tesoro EE.UU. - 10 años (%),09.Jun.23,3.743
rend_bono10_usa,PD04719XD,diaria,Tasas de interés internacionales - Bonos del Tesoro EE.UU. - 10 años (%),12.Jun.23,3.743
rend_bono10_usa,PD04719XD,diaria,Tasas de interés internacionales - Bonos del Tesoro EE.UU. - 10 años (%),13.Jun.23,3.827
rend_bono10_usa,PD04719XD,diaria,Tasas de interés internacionales - Bonos del Tesoro EE.UU. - 10 años (%),14.Jun.23,3.79
rend_bono10_usa,PD04719XD,diaria,Tasas de interés internacionales - Bonos del Tesoro EE.UU. - 10 años (%),15.Jun.23,3.72
rend_bono10_usa,PD04719XD,diaria,Tasas de interés internacionales - Bonos del Tesoro EE.UU. - 10 años (%),16.Jun.23,3.767
rend_bono10_usa,PD04719XD,diaria,Tasas de interés internacionales - Bonos del Tesoro EE.UU. - 10 años (%),19.Jun.23,3.822
rend_bono10_usa,PD04719XD,diaria,Tasas de interés internacionales - Bonos del Tesoro EE.UU. - 10 años (%),20.Jun.23,3.719
rend_bono10_usa,PD04719XD,diaria,Tasas de interés internacionales - Bonos del Tesoro EE.UU. - 10 años (%),21.Jun.23,3.727
rend_bono10_usa,PD04719XD,diaria,Tasas de interés internacionales - Bonos del Tesoro EE.UU. - 10 años (%),22.Jun.23,3.797
rend_bono10_usa,PD04719XD,diaria,Tasas de interés internacionales - Bonos del Tesoro EE.UU. - 10 años (%),23.Jun.23,3.737
rend_bono10_usa,PD04719XD,diaria,Tasas de interés internacionales - Bonos del Tesoro EE.UU. - 10 años (%),26.Jun.23,3.723
rend_bono10_usa,PD04719XD,diaria,Tasas de interés internacionales - Bonos del Tesoro EE.UU. - 10 años (%),27.Jun.23,3.772
rend_bono10_usa,PD04719XD,diaria,Tasas de interés internacionales - Bonos del Tesoro EE.UU. - 10 años (%),28.Jun.23,3.714
rend_bono10_usa,PD04719XD,diaria,Tasas de interés internacionales - Bonos del Tesoro EE.UU. - 10 años (%),29.Jun.23,3.842
rend_bono10_usa,PD04719XD,diaria,Tasas de interés internacionales - Bonos del Tesoro EE.UU. - 10 años (%),30.Jun.23,3.841
rend_bono10_usa,PD04719XD,diaria,Tasas de interés internacionales - Bonos del Tesoro EE.UU. - 10 años (%),03.Jul.23,3.858
rend_bono10_usa,PD04719XD,diaria,Tasas de interés internacionales - Bonos del Tesoro EE.UU. - 10 años (%),04.Jul.23,3.839
rend_bono10_usa,PD04719XD,diaria,Tasas de interés internacionales - Bonos del Tesoro EE.UU. - 10 años (%),05.Jul.23,3.934
rend_bono10_usa,PD04719XD,diaria,Tasas de interés internacionales - Bonos del Tesoro EE.UU. - 10 años (%),06.Jul.23,4.031
rend_bono10_usa,PD04719XD,diaria,Tasas de interés internacionales - Bonos del Tesoro EE.UU. - 10 años (%),07.Jul.23,4.066
rend_bono10_usa,PD04719XD,diaria,Tasas de interés internacionales - Bonos del Tesoro EE.UU. - 10 años (%),10.Jul.23,4
rend_bono10_usa,PD04719XD,diaria,Tasas de interés internacionales - Bonos del Tesoro EE.UU. - 10 años (%),11.Jul.23,3.978
rend_bono10_usa,PD04719XD,diaria,Tasas de interés internacionales - Bonos del Tesoro EE.UU. - 10 años (%),12.Jul.23,3.861
rend_bono10_usa,PD04719XD,diaria,Tasas de interés internacionales - Bonos del Tesoro EE.UU. - 10 años (%),13.Jul.23,3.767
rend_bono10_usa,PD04719XD,diaria,Tasas de interés internacionales - Bonos del Tesoro EE.UU. - 10 años (%),14.Jul.23,3.83
rend_bono10_usa,PD04719XD,diaria,Tasas de interés internacionales - Bonos del Tesoro EE.UU. - 10 años (%),17.Jul.23,3.809
rend_bono10_usa,PD04719XD,diaria,Tasas de interés internacionales - Bonos del Tesoro EE.UU. - 10 años (%),18.Jul.23,3.789
rend_bono10_usa,PD04719XD,diaria,Tasas de interés internacionales - Bonos del Tesoro EE.UU. - 10 años (%),19.Jul.23,3.748
rend_bono10_usa,PD04719XD,diaria,Tasas de interés internacionales - Bonos del Tesoro EE.UU. - 10 años (%),20.Jul.23,3.856
rend_bono10_usa,PD04719XD,diaria,Tasas de interés internacionales - Bonos del Tesoro EE.UU. - 10 años (%),21.Jul.23,3.837
rend_bono10_usa,PD04719XD,diaria,Tasas de interés internacionales - Bonos del Tesoro EE.UU. - 10 años (%),24.Jul.23,3.878
rend_bono10_usa,PD04719XD,diaria,Tasas de interés internacionales - Bonos del Tesoro EE.UU. - 10 años (%),25.Jul.23,3.89
rend_bono10_usa,PD04719XD,diaria,Tasas de interés internacionales - Bonos del Tesoro EE.UU. - 10 años (%),26.Jul.23,3.873
rend_bono10_usa,PD04719XD,diaria,Tasas de interés internacionales - Bonos del Tesoro EE.UU. - 10 años (%),27.Jul.23,4.002
rend_bono10_usa,PD04719XD,diaria,Tasas de interés internacionales - Bonos del Tesoro EE.UU. - 10 años (%),28.Jul.23,3.957
rend_bono10_usa,PD04719XD,diaria,Tasas de interés internacionales - Bonos del Tesoro EE.UU. - 10 años (%),31.Jul.23,3.967
rend_bono10_usa,PD04719XD,diaria,Tasas de interés internacionales - Bonos del Tesoro EE.UU. - 10 años (%),01.Ago.23,4.037
rend_bono10_usa,PD04719XD,diaria,Tasas de interés internacionales - Bonos del Tesoro EE.UU. - 10 años (%),02.Ago.23,4.09
rend_bono10_usa,PD04719XD,diaria,Tasas de interés internacionales - Bonos del Tesoro EE.UU. - 10 años (%),03.Ago.23,4.179
rend_bono10_usa,PD04719XD,diaria,Tasas de interés internacionales - Bonos del Tesoro EE.UU. - 10 años (%),04.Ago.23,4.042
rend_bono10_usa,PD04719XD,diaria,Tasas de interés internacionales - Bonos del Tesoro EE.UU. - 10 años (%),07.Ago.23,4.097
rend_bono10_usa,PD04719XD,diaria,Tasas de interés internacionales - Bonos del Tesoro EE.UU. - 10 años (%),08.Ago.23,4.028
rend_bono10_usa,PD04719XD,diaria,Tasas de interés internacionales - Bonos del Tesoro EE.UU. - 10 años (%),09.Ago.23,4.016
rend_bono10_usa,PD04719XD,diaria,Tasas de interés internacionales - Bonos del Tesoro EE.UU. - 10 años (%),10.Ago.23,4.107
rend_bono10_usa,PD04719XD,diaria,Tasas de interés internacionales - Bonos del Tesoro EE.UU. - 10 años (%),11.Ago.23,4.158
rend_bono10_usa,PD04719XD,diaria,Tasas de interés internacionales - Bonos del Tesoro EE.UU. - 10 años (%),14.Ago.23,4.201
rend_bono10_usa,PD04719XD,diaria,Tasas de interés internacionales - Bonos del Tesoro EE.UU. - 10 años (%),15.Ago.23,4.215
rend_bono10_usa,PD04719XD,diaria,Tasas de interés internacionales - Bonos del Tesoro EE.UU. - 10 años (%),16.Ago.23,4.252
rend_bono10_usa,PD04719XD,diaria,Tasas de interés internacionales - Bonos del Tesoro EE.UU. - 10 años (%),17.Ago.23,4.278
rend_bono10_usa,PD04719XD,diaria,Tasas de interés internacionales - Bonos del Tesoro EE.UU. - 10 años (%),18.Ago.23,4.256
rend_bono10_usa,PD04719XD,diaria,Tasas de interés internacionales - Bonos del Tesoro EE.UU. - 10 años (%),21.Ago.23,4.341
rend_bono10_usa,PD04719XD,diaria,Tasas de interés internacionales - Bonos del Tesoro EE.UU. - 10 años (%),22.Ago.23,4.327
rend_bono10_usa,PD04719XD,diaria,Tasas de interés internacionales - Bonos del Tesoro EE.UU. - 10 años (%),23.Ago.23,4.195
rend_bono10_usa,PD04719XD,diaria,Tasas de interés internacionales - Bonos del Tesoro EE.UU. - 10 años (%),24.Ago.23,4.238
rend_bono10_usa,PD04719XD,diaria,Tasas de interés internacionales - Bonos del Tesoro EE.UU. - 10 años (%),25.Ago.23,4.237
rend_bono10_usa,PD04719XD,diaria,Tasas de interés internacionales - Bonos del Tesoro EE.UU. - 10 años (%),28.Ago.23,4.205
rend_bono10_usa,PD04719XD,diaria,Tasas de interés internacionales - Bonos del Tesoro EE.UU. - 10 años (%),29.Ago.23,4.123
rend_bono10_usa,PD04719XD,diaria,Tasas de interés internacionales - Bonos del Tesoro EE.UU. - 10 años (%),30.Ago.23,4.116
rend_bono10_usa,PD04719XD,diaria,Tasas de interés internacionales - Bonos del Tesoro EE.UU. - 10 años (%),31.Ago.23,4.109
rend_bono10_usa,PD04719XD,diaria,Tasas de interés internacionales - Bonos del Tesoro EE.UU. - 10 años (%),01.Set.23,4.18
rend_bono10_usa,PD04719XD,diaria,Tasas de interés internacionales - Bonos del Tesoro EE.UU. - 10 años (%),04.Set.23,4.18
rend_bono10_usa,PD04719XD,diaria,Tasas de interés internacionales - Bonos del Tesoro EE.UU. - 10 años (%),05.Set.23,4.263
rend_bono10_usa,PD04719XD,diaria,Tasas de interés internacionales - Bonos del Tesoro EE.UU. - 10 años (%),06.Set.23,4.282
rend_bono10_usa,PD04719XD,diaria,Tasas de interés internacionales - Bonos del Tesoro EE.UU. - 10 años (%),07.Set.23,4.247
rend_bono10_usa,PD04719XD,diaria,Tasas de interés internacionales - Bonos del Tesoro EE.UU. - 10 años (%),08.Set.23,4.267
rend_bono10_usa,PD04719XD,diaria,Tasas de interés internacionales - Bonos del Tesoro EE.UU. - 10 años (%),11.Set.23,4.292
rend_bono10_usa,PD04719XD,diaria,Tasas de interés internacionales - Bonos del Tesoro EE.UU. - 10 años (%),12.Set.23,4.283
rend_bono10_usa,PD04719XD,diaria,Tasas de interés internacionales - Bonos del Tesoro EE.UU. - 10 años (%),13.Set.23,4.251
rend_bono10_usa,PD04719XD,diaria,Tasas de interés internacionales - Bonos del Tesoro EE.UU. - 10 años (%),14.Set.23,4.289
rend_bono10_usa,PD04719XD,diaria,Tasas de interés internacionales - Bonos del Tesoro EE.UU. - 10 años (%),15.Set.23,4.334
rend_bono10_usa,PD04719XD,diaria,Tasas de interés internacionales - Bonos del Tesoro EE.UU. - 10 años (%),18.Set.23,4.304
rend_bono10_usa,PD04719XD,diaria,Tasas de interés internacionales - Bonos del Tesoro EE.UU. - 10 años (%),19.Set.23,4.36
rend_bono10_usa,PD04719XD,diaria,Tasas de interés internacionales - Bonos del Tesoro EE.UU. - 10 años (%),20.Set.23,4.409
rend_bono10_usa,PD04719XD,diaria,Tasas de interés internacionales - Bonos del Tesoro EE.UU. - 10 años (%),21.Set.23,4.496
rend_bono10_usa,PD04719XD,diaria,Tasas de interés internacionales - Bonos del Tesoro EE.UU. - 10 años (%),22.Set.23,4.435
rend_bono10_usa,PD04719XD,diaria,Tasas de interés internacionales - Bonos del Tesoro EE.UU. - 10 años (%),25.Set.23,4.535
rend_bono10_usa,PD04719XD,diaria,Tasas de interés internacionales - Bonos del Tesoro EE.UU. - 10 años (%),26.Set.23,4.537
rend_bono10_usa,PD04719XD,diaria,Tasas de interés internacionales - Bonos del Tesoro EE.UU. - 10 años (%),27.Set.23,4.609
rend_bono10_usa,PD04719XD,diaria,Tasas de interés internacionales - Bonos del Tesoro EE.UU. - 10 años (%),28.Set.23,4.576
rend_bono10_usa,PD04719XD,diaria,Tasas de interés internacionales - Bonos del Tesoro EE.UU. - 10 años (%),29.Set.23,4.572
rend_bono10_usa,PD04719XD,diaria,Tasas de interés internacionales - Bonos del Tesoro EE.UU. - 10 años (%),02.Oct.23,4.68
rend_bono10_usa,PD04719XD,diaria,Tasas de interés internacionales - Bonos del Tesoro EE.UU. - 10 años (%),03.Oct.23,4.797
rend_bono10_usa,PD04719XD,diaria,Tasas de interés internacionales - Bonos del Tesoro EE.UU. - 10 años (%),04.Oct.23,4.734
rend_bono10_usa,PD04719XD,diaria,Tasas de interés internacionales - Bonos del Tesoro EE.UU. - 10 años (%),05.Oct.23,4.72
rend_bono10_usa,PD04719XD,diaria,Tasas de interés internacionales - Bonos del Tesoro EE.UU. - 10 años (%),06.Oct.23,4.803
rend_bono10_usa,PD04719XD,diaria,Tasas de interés internacionales - Bonos del Tesoro EE.UU. - 10 años (%),09.Oct.23,4.803
rend_bono10_usa,PD04719XD,diaria,Tasas de interés internacionales - Bonos del Tesoro EE.UU. - 10 años (%),10.Oct.23,4.654
rend_bono10_usa,PD04719XD,diaria,Tasas de interés internacionales - Bonos del Tesoro EE.UU. - 10 años (%),11.Oct.23,4.559
rend_bono10_usa,PD04719XD,diaria,Tasas de interés internacionales - Bonos del Tesoro EE.UU. - 10 años (%),12.Oct.23,4.699
rend_bono10_usa,PD04719XD,diaria,Tasas de interés internacionales - Bonos del Tesoro EE.UU. - 10 años (%),13.Oct.23,4.613
rend_bono10_usa,PD04719XD,diaria,Tasas de interés internacionales - Bonos del Tesoro EE.UU. - 10 años (%),16.Oct.23,4.707
rend_bono10_usa,PD04719XD,diaria,Tasas de interés internacionales - Bonos del Tesoro EE.UU. - 10 años (%),17.Oct.23,4.836
rend_bono10_usa,PD04719XD,diaria,Tasas de interés internacionales - Bonos del Tesoro EE.UU. - 10 años (%),18.Oct.23,4.916
rend_bono10_usa,PD04719XD,diaria,Tasas de interés internacionales - Bonos del Tesoro EE.UU. - 10 años (%),19.Oct.23,4.991
rend_bono10_usa,PD04719XD,diaria,Tasas de interés internacionales - Bonos del Tesoro EE.UU. - 10 años (%),20.Oct.23,4.916
rend_bono10_usa,PD04719XD,diaria,Tasas de interés internacionales - Bonos del Tesoro EE.UU. - 10 años (%),23.Oct.23,4.851
rend_bono10_usa,PD04719XD,diaria,Tasas de interés internacionales - Bonos del Tesoro EE.UU. - 10 años (%),24.Oct.23,4.825
rend_bono10_usa,PD04719XD,diaria,Tasas de interés internacionales - Bonos del Tesoro EE.UU. - 10 años (%),25.Oct.23,4.957
rend_bono10_usa,PD04719XD,diaria,Tasas de interés internacionales - Bonos del Tesoro EE.UU. - 10 años (%),26.Oct.23,4.846
rend_bono10_usa,PD04719XD,diaria,Tasas de interés internacionales - Bonos del Tesoro EE.UU. - 10 años (%),27.Oct.23,4.837
rend_bono10_usa,PD04719XD,diaria,Tasas de interés internacionales - Bonos del Tesoro EE.UU. - 10 años (%),30.Oct.23,4.895
rend_bono10_usa,PD04719XD,diaria,Tasas de interés internacionales - Bonos del Tesoro EE.UU. - 10 años (%),31.Oct.23,4.932
rend_bono10_usa,PD04719XD,diaria,Tasas de interés internacionales - Bonos del Tesoro EE.UU. - 10 años (%),01.Nov.23,4.735
rend_bono10_usa,PD04719XD,diaria,Tasas de interés internacionales - Bonos del Tesoro EE.UU. - 10 años (%),02.Nov.23,4.66
rend_bono10_usa,PD04719XD,diaria,Tasas de interés internacionales - Bonos del Tesoro EE.UU. - 10 años (%),03.Nov.23,4.573
rend_bono10_usa,PD04719XD,diaria,Tasas de interés internacionales - Bonos del Tesoro EE.UU. - 10 años (%),06.Nov.23,4.644
rend_bono10_usa,PD04719XD,diaria,Tasas de interés internacionales - Bonos del Tesoro EE.UU. - 10 años (%),07.Nov.23,4.568
rend_bono10_usa,PD04719XD,diaria,Tasas de interés internacionales - Bonos del Tesoro EE.UU. - 10 años (%),08.Nov.23,4.494
rend_bono10_usa,PD04719XD,diaria,Tasas de interés internacionales - Bonos del Tesoro EE.UU. - 10 años (%),09.Nov.23,4.626
rend_bono10_usa,PD04719XD,diaria,Tasas de interés internacionales - Bonos del Tesoro EE.UU. - 10 años (%),10.Nov.23,4.653
rend_bono10_usa,PD04719XD,diaria,Tasas de interés internacionales - Bonos del Tesoro EE.UU. - 10 años (%),13.Nov.23,4.641
rend_bono10_usa,PD04719XD,diaria,Tasas de interés internacionales - Bonos del Tesoro EE.UU. - 10 años (%),14.Nov.23,4.448
rend_bono10_usa,PD04719XD,diaria,Tasas de interés internacionales - Bonos del Tesoro EE.UU. - 10 años (%),15.Nov.23,4.532
rend_bono10_usa,PD04719XD,diaria,Tasas de interés internacionales - Bonos del Tesoro EE.UU. - 10 años (%),16.Nov.23,4.437
rend_bono10_usa,PD04719XD,diaria,Tasas de interés internacionales - Bonos del Tesoro EE.UU. - 10 años (%),17.Nov.23,4.436
rend_bono10_usa,PD04719XD,diaria,Tasas de interés internacionales - Bonos del Tesoro EE.UU. - 10 años (%),20.Nov.23,4.421
rend_bono10_usa,PD04719XD,diaria,Tasas de interés internacionales - Bonos del Tesoro EE.UU. - 10 años (%),21.Nov.23,4.394
rend_bono10_usa,PD04719XD,diaria,Tasas de interés internacionales - Bonos del Tesoro EE.UU. - 10 años (%),22.Nov.23,4.406
rend_bono10_usa,PD04719XD,diaria,Tasas de interés internacionales - Bonos del Tesoro EE.UU. - 10 años (%),23.Nov.23,4.406
rend_bono10_usa,PD04719XD,diaria,Tasas de interés internacionales - Bonos del Tesoro EE.UU. - 10 años (%),24.Nov.23,4.468
rend_bono10_usa,PD04719XD,diaria,Tasas de interés internacionales - Bonos del Tesoro EE.UU. - 10 años (%),27.Nov.23,4.388
rend_bono10_usa,PD04719XD,diaria,Tasas de interés internacionales - Bonos del Tesoro EE.UU. - 10 años (%),28.Nov.23,4.322
rend_bono10_usa,PD04719XD,diaria,Tasas de interés internacionales - Bonos del Tesoro EE.UU. - 10 años (%),29.Nov.23,4.256
rend_bono10_usa,PD04719XD,diaria,Tasas de interés internacionales - Bonos del Tesoro EE.UU. - 10 años (%),30.Nov.23,4.327
rend_bono10_usa,PD04719XD,diaria,Tasas de interés internacionales - Bonos del Tesoro EE.UU. - 10 años (%),01.Dic.23,4.197
rend_bono10_usa,PD04719XD,diaria,Tasas de interés internacionales - Bonos del Tesoro EE.UU. - 10 años (%),04.Dic.23,4.255
rend_bono10_usa,PD04719XD,diaria,Tasas de interés internacionales - Bonos del Tesoro EE.UU. - 10 años (%),05.Dic.23,4.166
rend_bono10_usa,PD04719XD,diaria,Tasas de interés internacionales - Bonos del Tesoro EE.UU. - 10 años (%),06.Dic.23,4.105
rend_bono10_usa,PD04719XD,diaria,Tasas de interés internacionales - Bonos del Tesoro EE.UU. - 10 años (%),07.Dic.23,4.15
rend_bono10_usa,PD04719XD,diaria,Tasas de interés internacionales - Bonos del Tesoro EE.UU. - 10 años (%),08.Dic.23,4.227
rend_bono10_usa,PD04719XD,diaria,Tasas de interés internacionales - Bonos del Tesoro EE.UU. - 10 años (%),11.Dic.23,4.234
rend_bono10_usa,PD04719XD,diaria,Tasas de interés internacionales - Bonos del Tesoro EE.UU. - 10 años (%),12.Dic.23,4.202
rend_bono10_usa,PD04719XD,diaria,Tasas de interés internacionales - Bonos del Tesoro EE.UU. - 10 años (%),13.Dic.23,4.017
rend_bono10_usa,PD04719XD,diaria,Tasas de interés internacionales - Bonos del Tesoro EE.UU. - 10 años (%),14.Dic.23,3.922
rend_bono10_usa,PD04719XD,diaria,Tasas de interés internacionales - Bonos del Tesoro EE.UU. - 10 años (%),15.Dic.23,3.912
rend_bono10_usa,PD04719XD,diaria,Tasas de interés internacionales - Bonos del Tesoro EE.UU. - 10 años (%),18.Dic.23,3.933
rend_bono10_usa,PD04719XD,diaria,Tasas de interés internacionales - Bonos del Tesoro EE.UU. - 10 años (%),19.Dic.23,3.932
rend_bono10_usa,PD04719XD,diaria,Tasas de interés internacionales - Bonos del Tesoro EE.UU. - 10 años (%),20.Dic.23,3.848
rend_bono10_usa,PD04719XD,diaria,Tasas de interés internacionales - Bonos del Tesoro EE.UU. - 10 años (%),21.Dic.23,3.889
rend_bono10_usa,PD04719XD,diaria,Tasas de interés internacionales - Bonos del Tesoro EE.UU. - 10 años (%),22.Dic.23,3.896
rend_bono10_usa,PD04719XD,diaria,Tasas de interés internacionales - Bonos del Tesoro EE.UU. - 10 años (%),25.Dic.23,3.896
rend_bono10_usa,PD04719XD,diaria,Tasas de interés internacionales - Bonos del Tesoro EE.UU. - 10 años (%),26.Dic.23,3.898
rend_bono10_usa,PD04719XD,diaria,Tasas de interés internacionales - Bonos del Tesoro EE.UU. - 10 años (%),27.Dic.23,3.795
rend_bono10_usa,PD04719XD,diaria,Tasas de interés internacionales - Bonos del Tesoro EE.UU. - 10 años (%),28.Dic.23,3.845
rend_bono10_usa,PD04719XD,diaria,Tasas de interés internacionales - Bonos del Tesoro EE.UU. - 10 años (%),29.Dic.23,3.88
rend_bono10_usa,PD04719XD,diaria,Tasas de interés internacionales - Bonos del Tesoro EE.UU. - 10 años (%),01.Ene.24,3.88
rend_bono10_usa,PD04719XD,diaria,Tasas de interés internacionales - Bonos del Tesoro EE.UU. - 10 años (%),02.Ene.24,3.931
rend_bono10_usa,PD04719XD,diaria,Tasas de interés internacionales - Bonos del Tesoro EE.UU. - 10 años (%),03.Ene.24,3.918
rend_bono10_usa,PD04719XD,diaria,Tasas de interés internacionales - Bonos del Tesoro EE.UU. - 10 años (%),04.Ene.24,4.001
rend_bono10_usa,PD04719XD,diaria,Tasas de interés internacionales - Bonos del Tesoro EE.UU. - 10 años (%),05.Ene.24,4.047
rend_bono10_usa,PD04719XD,diaria,Tasas de interés internacionales - Bonos del Tesoro EE.UU. - 10 años (%),08.Ene.24,4.031
rend_bono10_usa,PD04719XD,diaria,Tasas de interés internacionales - Bonos del Tesoro EE.UU. - 10 años (%),09.Ene.24,4.014
rend_bono10_usa,PD04719XD,diaria,Tasas de interés internacionales - Bonos del Tesoro EE.UU. - 10 años (%),10.Ene.24,4.029
rend_bono10_usa,PD04719XD,diaria,Tasas de interés internacionales - Bonos del Tesoro EE.UU. - 10 años (%),11.Ene.24,3.967
rend_bono10_usa,PD04719XD,diaria,Tasas de interés internacionales - Bonos del Tesoro EE.UU. - 10 años (%),12.Ene.24,3.941
rend_bono10_usa,PD04719XD,diaria,Tasas de interés internacionales - Bonos del Tesoro EE.UU. - 10 años (%),15.Ene.24,3.941
rend_bono10_usa,PD04719XD,diaria,Tasas de interés internacionales - Bonos del Tesoro EE.UU. - 10 años (%),16.Ene.24,4.059
rend_bono10_usa,PD04719XD,diaria,Tasas de interés internacionales - Bonos del Tesoro EE.UU. - 10 años (%),17.Ene.24,4.104
rend_bono10_usa,PD04719XD,diaria,Tasas de interés internacionales - Bonos del Tesoro EE.UU. - 10 años (%),18.Ene.24,4.143
rend_bono10_usa,PD04719XD,diaria,Tasas de interés internacionales - Bonos del Tesoro EE.UU. - 10 años (%),19.Ene.24,4.124
rend_bono10_usa,PD04719XD,diaria,Tasas de interés internacionales - Bonos del Tesoro EE.UU. - 10 años (%),22.Ene.24,4.106
rend_bono10_usa,PD04719XD,diaria,Tasas de interés internacionales - Bonos del Tesoro EE.UU. - 10 años (%),23.Ene.24,4.13
rend_bono10_usa,PD04719XD,diaria,Tasas de interés internacionales - Bonos del Tesoro EE.UU. - 10 años (%),24.Ene.24,4.177
rend_bono10_usa,PD04719XD,diaria,Tasas de interés internacionales - Bonos del Tesoro EE.UU. - 10 años (%),25.Ene.24,4.119
rend_bono10_usa,PD04719XD,diaria,Tasas de interés internacionales - Bonos del Tesoro EE.UU. - 10 años (%),26.Ene.24,4.138
rend_bono10_usa,PD04719XD,diaria,Tasas de interés internacionales - Bonos del Tesoro EE.UU. - 10 años (%),29.Ene.24,4.075
rend_bono10_usa,PD04719XD,diaria,Tasas de interés internacionales - Bonos del Tesoro EE.UU. - 10 años (%),30.Ene.24,4.033
rend_bono10_usa,PD04719XD,diaria,Tasas de interés internacionales - Bonos del Tesoro EE.UU. - 10 años (%),31.Ene.24,3.913
rend_bono10_usa,PD04719XD,diaria,Tasas de interés internacionales - Bonos del Tesoro EE.UU. - 10 años (%),01.Feb.24,3.881
rend_bono10_usa,PD04719XD,diaria,Tasas de interés internacionales - Bonos del Tesoro EE.UU. - 10 años (%),02.Feb.24,4.022
rend_bono10_usa,PD04719XD,diaria,Tasas de interés internacionales - Bonos del Tesoro EE.UU. - 10 años (%),05.Feb.24,4.159
rend_bono10_usa,PD04719XD,diaria,Tasas de interés internacionales - Bonos del Tesoro EE.UU. - 10 años (%),06.Feb.24,4.101
rend_bono10_usa,PD04719XD,diaria,Tasas de interés internacionales - Bonos del Tesoro EE.UU. - 10 años (%),07.Feb.24,4.122
rend_bono10_usa,PD04719XD,diaria,Tasas de interés internacionales - Bonos del Tesoro EE.UU. - 10 años (%),08.Feb.24,4.155
rend_bono10_usa,PD04719XD,diaria,Tasas de interés internacionales - Bonos del Tesoro EE.UU. - 10 años (%),09.Feb.24,4.176
rend_bono10_usa,PD04719XD,diaria,Tasas de interés internacionales - Bonos del Tesoro EE.UU. - 10 años (%),12.Feb.24,4.18
rend_bono10_usa,PD04719XD,diaria,Tasas de interés internacionales - Bonos del Tesoro EE.UU. - 10 años (%),13.Feb.24,4.315
rend_bono10_usa,PD04719XD,diaria,Tasas de interés internacionales - Bonos del Tesoro EE.UU. - 10 años (%),14.Feb.24,4.257
rend_bono10_usa,PD04719XD,diaria,Tasas de interés internacionales - Bonos del Tesoro EE.UU. - 10 años (%),15.Feb.24,4.232
rend_bono10_usa,PD04719XD,diaria,Tasas de interés internacionales - Bonos del Tesoro EE.UU. - 10 años (%),16.Feb.24,4.281
rend_bono10_usa,PD04719XD,diaria,Tasas de interés internacionales - Bonos del Tesoro EE.UU. - 10 años (%),19.Feb.24,4.281
rend_bono10_usa,PD04719XD,diaria,Tasas de interés internacionales - Bonos del Tesoro EE.UU. - 10 años (%),20.Feb.24,4.276
rend_bono10_usa,PD04719XD,diaria,Tasas de interés internacionales - Bonos del Tesoro EE.UU. - 10 años (%),21.Feb.24,4.32
rend_bono10_usa,PD04719XD,diaria,Tasas de interés internacionales - Bonos del Tesoro EE.UU. - 10 años (%),22.Feb.24,4.323
rend_bono10_usa,PD04719XD,diaria,Tasas de interés internacionales - Bonos del Tesoro EE.UU. - 10 años (%),23.Feb.24,4.249
rend_bono10_usa,PD04719XD,diaria,Tasas de interés internacionales - Bonos del Tesoro EE.UU. - 10 años (%),26.Feb.24,4.28
rend_bono10_usa,PD04719XD,diaria,Tasas de interés internacionales - Bonos del Tesoro EE.UU. - 10 años (%),27.Feb.24,4.304
rend_bono10_usa,PD04719XD,diaria,Tasas de interés internacionales - Bonos del Tesoro EE.UU. - 10 años (%),28.Feb.24,4.265
rend_bono10_usa,PD04719XD,diaria,Tasas de interés internacionales - Bonos del Tesoro EE.UU. - 10 años (%),29.Feb.24,4.251
rend_bono10_usa,PD04719XD,diaria,Tasas de interés internacionales - Bonos del Tesoro EE.UU. - 10 años (%),01.Mar.24,4.182
rend_bono10_usa,PD04719XD,diaria,Tasas de interés internacionales - Bonos del Tesoro EE.UU. - 10 años (%),04.Mar.24,4.214
rend_bono10_usa,PD04719XD,diaria,Tasas de interés internacionales - Bonos del Tesoro EE.UU. - 10 años (%),05.Mar.24,4.153
rend_bono10_usa,PD04719XD,diaria,Tasas de interés internacionales - Bonos del Tesoro EE.UU. - 10 años (%),06.Mar.24,4.104
rend_bono10_usa,PD04719XD,diaria,Tasas de interés internacionales - Bonos del Tesoro EE.UU. - 10 años (%),07.Mar.24,4.085
rend_bono10_usa,PD04719XD,diaria,Tasas de interés internacionales - Bonos del Tesoro EE.UU. - 10 años (%),08.Mar.24,4.076
rend_bono10_usa,PD04719XD,diaria,Tasas de interés internacionales - Bonos del Tesoro EE.UU. - 10 años (%),11.Mar.24,4.099
rend_bono10_usa,PD04719XD,diaria,Tasas de interés internacionales - Bonos del Tesoro EE.UU. - 10 años (%),12.Mar.24,4.153
rend_bono10_usa,PD04719XD,diaria,Tasas de interés internacionales - Bonos del Tesoro EE.UU. - 10 años (%),13.Mar.24,4.191
rend_bono10_usa,PD04719XD,diaria,Tasas de interés internacionales - Bonos del Tesoro EE.UU. - 10 años (%),14.Mar.24,4.291
rend_bono10_usa,PD04719XD,diaria,Tasas de interés internacionales - Bonos del Tesoro EE.UU. - 10 años (%),15.Mar.24,4.307
rend_bono10_usa,PD04719XD,diaria,Tasas de interés internacionales - Bonos del Tesoro EE.UU. - 10 años (%),18.Mar.24,4.325
rend_bono10_usa,PD04719XD,diaria,Tasas de interés internacionales - Bonos del Tesoro EE.UU. - 10 años (%),19.Mar.24,4.294
rend_bono10_usa,PD04719XD,diaria,Tasas de interés internacionales - Bonos del Tesoro EE.UU. - 10 años (%),20.Mar.24,4.274
rend_bono10_usa,PD04719XD,diaria,Tasas de interés internacionales - Bonos del Tesoro EE.UU. - 10 años (%),21.Mar.24,4.268
rend_bono10_usa,PD04719XD,diaria,Tasas de interés internacionales - Bonos del Tesoro EE.UU. - 10 años (%),22.Mar.24,4.199
rend_bono10_usa,PD04719XD,diaria,Tasas de interés internacionales - Bonos del Tesoro EE.UU. - 10 años (%),25.Mar.24,4.246
rend_bono10_usa,PD04719XD,diaria,Tasas de interés internacionales - Bonos del Tesoro EE.UU. - 10 años (%),26.Mar.24,4.233
rend_bono10_usa,PD04719XD,diaria,Tasas de interés internacionales - Bonos del Tesoro EE.UU. - 10 años (%),27.Mar.24,4.191
rend_bono10_usa,PD04719XD,diaria,Tasas de interés internacionales - Bonos del Tesoro EE.UU. - 10 años (%),28.Mar.24,4.201
rend_bono10_usa,PD04719XD,diaria,Tasas de interés internacionales - Bonos del Tesoro EE.UU. - 10 años (%),29.Mar.24,4.201
rend_bono10_usa,PD04719XD,diaria,Tasas de interés internacionales - Bonos del Tesoro EE.UU. - 10 años (%),01.Abr.24,4.311
rend_bono10_usa,PD04719XD,diaria,Tasas de interés internacionales - Bonos del Tesoro EE.UU. - 10 años (%),02.Abr.24,4.35
rend_bono10_usa,PD04719XD,diaria,Tasas de interés internacionales - Bonos del Tesoro EE.UU. - 10 años (%),03.Abr.24,4.348
rend_bono10_usa,PD04719XD,diaria,Tasas de interés internacionales - Bonos del Tesoro EE.UU. - 10 años (%),04.Abr.24,4.31
rend_bono10_usa,PD04719XD,diaria,Tasas de interés internacionales - Bonos del Tesoro EE.UU. - 10 años (%),05.Abr.24,4.404
rend_bono10_usa,PD04719XD,diaria,Tasas de interés internacionales - Bonos del Tesoro EE.UU. - 10 años (%),08.Abr.24,4.422
rend_bono10_usa,PD04719XD,diaria,Tasas de interés internacionales - Bonos del Tesoro EE.UU. - 10 años (%),09.Abr.24,4.363
rend_bono10_usa,PD04719XD,diaria,Tasas de interés internacionales - Bonos del Tesoro EE.UU. - 10 años (%),10.Abr.24,4.545
rend_bono10_usa,PD04719XD,diaria,Tasas de interés internacionales - Bonos del Tesoro EE.UU. - 10 años (%),11.Abr.24,4.589
rend_bono10_usa,PD04719XD,diaria,Tasas de interés internacionales - Bonos del Tesoro EE.UU. - 10 años (%),12.Abr.24,4.523
rend_bono10_usa,PD04719XD,diaria,Tasas de interés internacionales - Bonos del Tesoro EE.UU. - 10 años (%),15.Abr.24,4.603
rend_bono10_usa,PD04719XD,diaria,Tasas de interés internacionales - Bonos del Tesoro EE.UU. - 10 años (%),16.Abr.24,4.668
rend_bono10_usa,PD04719XD,diaria,Tasas de interés internacionales - Bonos del Tesoro EE.UU. - 10 años (%),17.Abr.24,4.588
rend_bono10_usa,PD04719XD,diaria,Tasas de interés internacionales - Bonos del Tesoro EE.UU. - 10 años (%),18.Abr.24,4.634
rend_bono10_usa,PD04719XD,diaria,Tasas de interés internacionales - Bonos del Tesoro EE.UU. - 10 años (%),19.Abr.24,4.622
rend_bono10_usa,PD04719XD,diaria,Tasas de interés internacionales - Bonos del Tesoro EE.UU. - 10 años (%),22.Abr.24,4.61
rend_bono10_usa,PD04719XD,diaria,Tasas de interés internacionales - Bonos del Tesoro EE.UU. - 10 años (%),23.Abr.24,4.601
rend_bono10_usa,PD04719XD,diaria,Tasas de interés internacionales - Bonos del Tesoro EE.UU. - 10 años (%),24.Abr.24,4.643
rend_bono10_usa,PD04719XD,diaria,Tasas de interés internacionales - Bonos del Tesoro EE.UU. - 10 años (%),25.Abr.24,4.705
rend_bono10_usa,PD04719XD,diaria,Tasas de interés internacionales - Bonos del Tesoro EE.UU. - 10 años (%),26.Abr.24,4.665
rend_bono10_usa,PD04719XD,diaria,Tasas de interés internacionales - Bonos del Tesoro EE.UU. - 10 años (%),29.Abr.24,4.615
rend_bono10_usa,PD04719XD,diaria,Tasas de interés internacionales - Bonos del Tesoro EE.UU. - 10 años (%),30.Abr.24,4.681
rend_bono10_usa,PD04719XD,diaria,Tasas de interés internacionales - Bonos del Tesoro EE.UU. - 10 años (%),01.May.24,4.629
rend_bono10_usa,PD04719XD,diaria,Tasas de interés internacionales - Bonos del Tesoro EE.UU. - 10 años (%),02.May.24,4.582
rend_bono10_usa,PD04719XD,diaria,Tasas de interés internacionales - Bonos del Tesoro EE.UU. - 10 años (%),03.May.24,4.51
rend_bono10_usa,PD04719XD,diaria,Tasas de interés internacionales - Bonos del Tesoro EE.UU. - 10 años (%),06.May.24,4.488
rend_bono10_usa,PD04719XD,diaria,Tasas de interés internacionales - Bonos del Tesoro EE.UU. - 10 años (%),07.May.24,4.458
rend_bono10_usa,PD04719XD,diaria,Tasas de interés internacionales - Bonos del Tesoro EE.UU. - 10 años (%),08.May.24,4.495
rend_bono10_usa,PD04719XD,diaria,Tasas de interés internacionales - Bonos del Tesoro EE.UU. - 10 años (%),09.May.24,4.454
rend_bono10_usa,PD04719XD,diaria,Tasas de interés internacionales - Bonos del Tesoro EE.UU. - 10 años (%),10.May.24,4.497
rend_bono10_usa,PD04719XD,diaria,Tasas de interés internacionales - Bonos del Tesoro EE.UU. - 10 años (%),13.May.24,4.487
rend_bono10_usa,PD04719XD,diaria,Tasas de interés internacionales - Bonos del Tesoro EE.UU. - 10 años (%),14.May.24,4.44
rend_bono10_usa,PD04719XD,diaria,Tasas de interés internacionales - Bonos del Tesoro EE.UU. - 10 años (%),15.May.24,4.341
rend_bono10_usa,PD04719XD,diaria,Tasas de interés internacionales - Bonos del Tesoro EE.UU. - 10 años (%),16.May.24,4.376
rend_bono10_usa,PD04719XD,diaria,Tasas de interés internacionales - Bonos del Tesoro EE.UU. - 10 años (%),17.May.24,4.422
rend_bono10_usa,PD04719XD,diaria,Tasas de interés internacionales - Bonos del Tesoro EE.UU. - 10 años (%),20.May.24,4.445
rend_bono10_usa,PD04719XD,diaria,Tasas de interés internacionales - Bonos del Tesoro EE.UU. - 10 años (%),21.May.24,4.413
rend_bono10_usa,PD04719XD,diaria,Tasas de interés internacionales - Bonos del Tesoro EE.UU. - 10 años (%),22.May.24,4.424
rend_bono10_usa,PD04719XD,diaria,Tasas de interés internacionales - Bonos del Tesoro EE.UU. - 10 años (%),23.May.24,4.478
rend_bono10_usa,PD04719XD,diaria,Tasas de interés internacionales - Bonos del Tesoro EE.UU. - 10 años (%),24.May.24,4.466
rend_bono10_usa,PD04719XD,diaria,Tasas de interés internacionales - Bonos del Tesoro EE.UU. - 10 años (%),27.May.24,4.466
rend_bono10_usa,PD04719XD,diaria,Tasas de interés internacionales - Bonos del Tesoro EE.UU. - 10 años (%),28.May.24,4.551
rend_bono10_usa,PD04719XD,diaria,Tasas de interés internacionales - Bonos del Tesoro EE.UU. - 10 años (%),29.May.24,4.614
rend_bono10_usa,PD04719XD,diaria,Tasas de interés internacionales - Bonos del Tesoro EE.UU. - 10 años (%),30.May.24,4.547
rend_bono10_usa,PD04719XD,diaria,Tasas de interés internacionales - Bonos del Tesoro EE.UU. - 10 años (%),31.May.24,4.5
rend_bono10_usa,PD04719XD,diaria,Tasas de interés internacionales - Bonos del Tesoro EE.UU. - 10 años (%),03.Jun.24,4.389
rend_bono10_usa,PD04719XD,diaria,Tasas de interés internacionales - Bonos del Tesoro EE.UU. - 10 años (%),04.Jun.24,4.327
rend_bono10_usa,PD04719XD,diaria,Tasas de interés internacionales - Bonos del Tesoro EE.UU. - 10 años (%),05.Jun.24,4.276
rend_bono10_usa,PD04719XD,diaria,Tasas de interés internacionales - Bonos del Tesoro EE.UU. - 10 años (%),06.Jun.24,4.288
rend_bono10_usa,PD04719XD,diaria,Tasas de interés internacionales - Bonos del Tesoro EE.UU. - 10 años (%),07.Jun.24,4.434
rend_bono10_usa,PD04719XD,diaria,Tasas de interés internacionales - Bonos del Tesoro EE.UU. - 10 años (%),10.Jun.24,4.468
rend_bono10_usa,PD04719XD,diaria,Tasas de interés internacionales - Bonos del Tesoro EE.UU. - 10 años (%),11.Jun.24,4.405
rend_bono10_usa,PD04719XD,diaria,Tasas de interés internacionales - Bonos del Tesoro EE.UU. - 10 años (%),12.Jun.24,4.317
rend_bono10_usa,PD04719XD,diaria,Tasas de interés internacionales - Bonos del Tesoro EE.UU. - 10 años (%),13.Jun.24,4.245
rend_bono10_usa,PD04719XD,diaria,Tasas de interés internacionales - Bonos del Tesoro EE.UU. - 10 años (%),14.Jun.24,4.222
rend_bono10_usa,PD04719XD,diaria,Tasas de interés internacionales - Bonos del Tesoro EE.UU. - 10 años (%),17.Jun.24,4.282
rend_bono10_usa,PD04719XD,diaria,Tasas de interés internacionales - Bonos del Tesoro EE.UU. - 10 años (%),18.Jun.24,4.224
rend_bono10_usa,PD04719XD,diaria,Tasas de interés internacionales - Bonos del Tesoro EE.UU. - 10 años (%),19.Jun.24,4.224
rend_bono10_usa,PD04719XD,diaria,Tasas de interés internacionales - Bonos del Tesoro EE.UU. - 10 años (%),20.Jun.24,4.261
rend_bono10_usa,PD04719XD,diaria,Tasas de interés internacionales - Bonos del Tesoro EE.UU. - 10 años (%),21.Jun.24,4.257
rend_bono10_usa,PD04719XD,diaria,Tasas de interés internacionales - Bonos del Tesoro EE.UU. - 10 años (%),24.Jun.24,4.233
rend_bono10_usa,PD04719XD,diaria,Tasas de interés internacionales - Bonos del Tesoro EE.UU. - 10 años (%),25.Jun.24,4.249
rend_bono10_usa,PD04719XD,diaria,Tasas de interés internacionales - Bonos del Tesoro EE.UU. - 10 años (%),26.Jun.24,4.33
rend_bono10_usa,PD04719XD,diaria,Tasas de interés internacionales - Bonos del Tesoro EE.UU. - 10 años (%),27.Jun.24,4.287
rend_bono10_usa,PD04719XD,diaria,Tasas de interés internacionales - Bonos del Tesoro EE.UU. - 10 años (%),28.Jun.24,4.397
rend_bono10_usa,PD04719XD,diaria,Tasas de interés internacionales - Bonos del Tesoro EE.UU. - 10 años (%),01.Jul.24,4.462
rend_bono10_usa,PD04719XD,diaria,Tasas de interés internacionales - Bonos del Tesoro EE.UU. - 10 años (%),02.Jul.24,4.433
rend_bono10_usa,PD04719XD,diaria,Tasas de interés internacionales - Bonos del Tesoro EE.UU. - 10 años (%),03.Jul.24,4.36
rend_bono10_usa,PD04719XD,diaria,Tasas de interés internacionales - Bonos del Tesoro EE.UU. - 10 años (%),04.Jul.24,4.36
rend_bono10_usa,PD04719XD,diaria,Tasas de interés internacionales - Bonos del Tesoro EE.UU. - 10 años (%),05.Jul.24,4.279
rend_bono10_usa,PD04719XD,diaria,Tasas de interés internacionales - Bonos del Tesoro EE.UU. - 10 años (%),08.Jul.24,4.28
rend_bono10_usa,PD04719XD,diaria,Tasas de interés internacionales - Bonos del Tesoro EE.UU. - 10 años (%),09.Jul.24,4.297
rend_bono10_usa,PD04719XD,diaria,Tasas de interés internacionales - Bonos del Tesoro EE.UU. - 10 años (%),10.Jul.24,4.285
rend_bono10_usa,PD04719XD,diaria,Tasas de interés internacionales - Bonos del Tesoro EE.UU. - 10 años (%),11.Jul.24,4.211
rend_bono10_usa,PD04719XD,diaria,Tasas de interés internacionales - Bonos del Tesoro EE.UU. - 10 años (%),12.Jul.24,4.184
rend_bono10_usa,PD04719XD,diaria,Tasas de interés internacionales - Bonos del Tesoro EE.UU. - 10 años (%),15.Jul.24,4.23
rend_bono10_usa,PD04719XD,diaria,Tasas de interés internacionales - Bonos del Tesoro EE.UU. - 10 años (%),16.Jul.24,4.159
rend_bono10_usa,PD04719XD,diaria,Tasas de interés internacionales - Bonos del Tesoro EE.UU. - 10 años (%),17.Jul.24,4.159
rend_bono10_usa,PD04719XD,diaria,Tasas de interés internacionales - Bonos del Tesoro EE.UU. - 10 años (%),18.Jul.24,4.203
rend_bono10_usa,PD04719XD,diaria,Tasas de interés internacionales - Bonos del Tesoro EE.UU. - 10 años (%),19.Jul.24,4.24
rend_bono10_usa,PD04719XD,diaria,Tasas de interés internacionales - Bonos del Tesoro EE.UU. - 10 años (%),22.Jul.24,4.254
rend_bono10_usa,PD04719XD,diaria,Tasas de interés internacionales - Bonos del Tesoro EE.UU. - 10 años (%),23.Jul.24,4.252
rend_bono10_usa,PD04719XD,diaria,Tasas de interés internacionales - Bonos del Tesoro EE.UU. - 10 años (%),24.Jul.24,4.285
rend_bono10_usa,PD04719XD,diaria,Tasas de interés internacionales - Bonos del Tesoro EE.UU. - 10 años (%),25.Jul.24,4.242
rend_bono10_usa,PD04719XD,diaria,Tasas de interés internacionales - Bonos del Tesoro EE.UU. - 10 años (%),26.Jul.24,4.195
rend_bono10_usa,PD04719XD,diaria,Tasas de interés internacionales - Bonos del Tesoro EE.UU. - 10 años (%),29.Jul.24,4.175
rend_bono10_usa,PD04719XD,diaria,Tasas de interés internacionales - Bonos del Tesoro EE.UU. - 10 años (%),30.Jul.24,4.14
rend_bono10_usa,PD04719XD,diaria,Tasas de interés internacionales - Bonos del Tesoro EE.UU. - 10 años (%),31.Jul.24,4.032
rend_bono10_usa,PD04719XD,diaria,Tasas de interés internacionales - Bonos del Tesoro EE.UU. - 10 años (%),01.Ago.24,3.977
rend_bono10_usa,PD04719XD,diaria,Tasas de interés internacionales - Bonos del Tesoro EE.UU. - 10 años (%),02.Ago.24,3.791
rend_bono10_usa,PD04719XD,diaria,Tasas de interés internacionales - Bonos del Tesoro EE.UU. - 10 años (%),05.Ago.24,3.789
rend_bono10_usa,PD04719XD,diaria,Tasas de interés internacionales - Bonos del Tesoro EE.UU. - 10 años (%),06.Ago.24,3.893
rend_bono10_usa,PD04719XD,diaria,Tasas de interés internacionales - Bonos del Tesoro EE.UU. - 10 años (%),07.Ago.24,3.944
rend_bono10_usa,PD04719XD,diaria,Tasas de interés internacionales - Bonos del Tesoro EE.UU. - 10 años (%),08.Ago.24,3.99
rend_bono10_usa,PD04719XD,diaria,Tasas de interés internacionales - Bonos del Tesoro EE.UU. - 10 años (%),09.Ago.24,3.941
rend_bono10_usa,PD04719XD,diaria,Tasas de interés internacionales - Bonos del Tesoro EE.UU. - 10 años (%),12.Ago.24,3.905
rend_bono10_usa,PD04719XD,diaria,Tasas de interés internacionales - Bonos del Tesoro EE.UU. - 10 años (%),13.Ago.24,3.844
rend_bono10_usa,PD04719XD,diaria,Tasas de interés internacionales - Bonos del Tesoro EE.UU. - 10 años (%),14.Ago.24,3.837
rend_bono10_usa,PD04719XD,diaria,Tasas de interés internacionales - Bonos del Tesoro EE.UU. - 10 años (%),15.Ago.24,3.914
rend_bono10_usa,PD04719XD,diaria,Tasas de interés internacionales - Bonos del Tesoro EE.UU. - 10 años (%),16.Ago.24,3.884
rend_bono10_usa,PD04719XD,diaria,Tasas de interés internacionales - Bonos del Tesoro EE.UU. - 10 años (%),19.Ago.24,3.872
rend_bono10_usa,PD04719XD,diaria,Tasas de interés internacionales - Bonos del Tesoro EE.UU. - 10 años (%),20.Ago.24,3.808
rend_bono10_usa,PD04719XD,diaria,Tasas de interés internacionales - Bonos del Tesoro EE.UU. - 10 años (%),21.Ago.24,3.802
rend_bono10_usa,PD04719XD,diaria,Tasas de interés internacionales - Bonos del Tesoro EE.UU. - 10 años (%),22.Ago.24,3.853
rend_bono10_usa,PD04719XD,diaria,Tasas de interés internacionales - Bonos del Tesoro EE.UU. - 10 años (%),23.Ago.24,3.8
rend_bono10_usa,PD04719XD,diaria,Tasas de interés internacionales - Bonos del Tesoro EE.UU. - 10 años (%),26.Ago.24,3.817
rend_bono10_usa,PD04719XD,diaria,Tasas de interés internacionales - Bonos del Tesoro EE.UU. - 10 años (%),27.Ago.24,3.823
rend_bono10_usa,PD04719XD,diaria,Tasas de interés internacionales - Bonos del Tesoro EE.UU. - 10 años (%),28.Ago.24,3.836
rend_bono10_usa,PD04719XD,diaria,Tasas de interés internacionales - Bonos del Tesoro EE.UU. - 10 años (%),29.Ago.24,3.862
rend_bono10_usa,PD04719XD,diaria,Tasas de interés internacionales - Bonos del Tesoro EE.UU. - 10 años (%),30.Ago.24,3.904
rend_bono10_usa,PD04719XD,diaria,Tasas de interés internacionales - Bonos del Tesoro EE.UU. - 10 años (%),02.Set.24,3.904
rend_bono10_usa,PD04719XD,diaria,Tasas de interés internacionales - Bonos del Tesoro EE.UU. - 10 años (%),03.Set.24,3.832
rend_bono10_usa,PD04719XD,diaria,Tasas de interés internacionales - Bonos del Tesoro EE.UU. - 10 años (%),04.Set.24,3.756
rend_bono10_usa,PD04719XD,diaria,Tasas de interés internacionales - Bonos del Tesoro EE.UU. - 10 años (%),05.Set.24,3.728
rend_bono10_usa,PD04719XD,diaria,Tasas de interés internacionales - Bonos del Tesoro EE.UU. - 10 años (%),06.Set.24,3.71
rend_bono10_usa,PD04719XD,diaria,Tasas de interés internacionales - Bonos del Tesoro EE.UU. - 10 años (%),09.Set.24,3.701
rend_bono10_usa,PD04719XD,diaria,Tasas de interés internacionales - Bonos del Tesoro EE.UU. - 10 años (%),10.Set.24,3.644
rend_bono10_usa,PD04719XD,diaria,Tasas de interés internacionales - Bonos del Tesoro EE.UU. - 10 años (%),11.Set.24,3.654
rend_bono10_usa,PD04719XD,diaria,Tasas de interés internacionales - Bonos del Tesoro EE.UU. - 10 años (%),12.Set.24,3.675
rend_bono10_usa,PD04719XD,diaria,Tasas de interés internacionales - Bonos del Tesoro EE.UU. - 10 años (%),13.Set.24,3.653
rend_bono10_usa,PD04719XD,diaria,Tasas de interés internacionales - Bonos del Tesoro EE.UU. - 10 años (%),16.Set.24,3.619
rend_bono10_usa,PD04719XD,diaria,Tasas de interés internacionales - Bonos del Tesoro EE.UU. - 10 años (%),17.Set.24,3.647
rend_bono10_usa,PD04719XD,diaria,Tasas de interés internacionales - Bonos del Tesoro EE.UU. - 10 años (%),18.Set.24,3.705
rend_bono10_usa,PD04719XD,diaria,Tasas de interés internacionales - Bonos del Tesoro EE.UU. - 10 años (%),19.Set.24,3.715
rend_bono10_usa,PD04719XD,diaria,Tasas de interés internacionales - Bonos del Tesoro EE.UU. - 10 años (%),20.Set.24,3.742
rend_bono10_usa,PD04719XD,diaria,Tasas de interés internacionales - Bonos del Tesoro EE.UU. - 10 años (%),23.Set.24,3.751
rend_bono10_usa,PD04719XD,diaria,Tasas de interés internacionales - Bonos del Tesoro EE.UU. - 10 años (%),24.Set.24,3.73
rend_bono10_usa,PD04719XD,diaria,Tasas de interés internacionales - Bonos del Tesoro EE.UU. - 10 años (%),25.Set.24,3.786
rend_bono10_usa,PD04719XD,diaria,Tasas de interés internacionales - Bonos del Tesoro EE.UU. - 10 años (%),26.Set.24,3.797
rend_bono10_usa,PD04719XD,diaria,Tasas de interés internacionales - Bonos del Tesoro EE.UU. - 10 años (%),27.Set.24,3.752
rend_bono10_usa,PD04719XD,diaria,Tasas de interés internacionales - Bonos del Tesoro EE.UU. - 10 años (%),30.Set.24,3.782
rend_bono10_usa,PD04719XD,diaria,Tasas de interés internacionales - Bonos del Tesoro EE.UU. - 10 años (%),01.Oct.24,3.732
rend_bono10_usa,PD04719XD,diaria,Tasas de interés internacionales - Bonos del Tesoro EE.UU. - 10 años (%),02.Oct.24,3.783
rend_bono10_usa,PD04719XD,diaria,Tasas de interés internacionales - Bonos del Tesoro EE.UU. - 10 años (%),03.Oct.24,3.847
rend_bono10_usa,PD04719XD,diaria,Tasas de interés internacionales - Bonos del Tesoro EE.UU. - 10 años (%),04.Oct.24,3.968
rend_bono10_usa,PD04719XD,diaria,Tasas de interés internacionales - Bonos del Tesoro EE.UU. - 10 años (%),07.Oct.24,4.027
rend_bono10_usa,PD04719XD,diaria,Tasas de interés internacionales - Bonos del Tesoro EE.UU. - 10 años (%),08.Oct.24,4.013
rend_bono10_usa,PD04719XD,diaria,Tasas de interés internacionales - Bonos del Tesoro EE.UU. - 10 años (%),09.Oct.24,4.074
rend_bono10_usa,PD04719XD,diaria,Tasas de interés internacionales - Bonos del Tesoro EE.UU. - 10 años (%),10.Oct.24,4.063
rend_bono10_usa,PD04719XD,diaria,Tasas de interés internacionales - Bonos del Tesoro EE.UU. - 10 años (%),11.Oct.24,4.101
rend_bono10_usa,PD04719XD,diaria,Tasas de interés internacionales - Bonos del Tesoro EE.UU. - 10 años (%),14.Oct.24,4.101
rend_bono10_usa,PD04719XD,diaria,Tasas de interés internacionales - Bonos del Tesoro EE.UU. - 10 años (%),15.Oct.24,4.034
rend_bono10_usa,PD04719XD,diaria,Tasas de interés internacionales - Bonos del Tesoro EE.UU. - 10 años (%),16.Oct.24,4.014
rend_bono10_usa,PD04719XD,diaria,Tasas de interés internacionales - Bonos del Tesoro EE.UU. - 10 años (%),17.Oct.24,4.092
rend_bono10_usa,PD04719XD,diaria,Tasas de interés internacionales - Bonos del Tesoro EE.UU. - 10 años (%),18.Oct.24,4.084
rend_bono10_usa,PD04719XD,diaria,Tasas de interés internacionales - Bonos del Tesoro EE.UU. - 10 años (%),21.Oct.24,4.197
rend_bono10_usa,PD04719XD,diaria,Tasas de interés internacionales - Bonos del Tesoro EE.UU. - 10 años (%),22.Oct.24,4.209
rend_bono10_usa,PD04719XD,diaria,Tasas de interés internacionales - Bonos del Tesoro EE.UU. - 10 años (%),23.Oct.24,4.247
rend_bono10_usa,PD04719XD,diaria,Tasas de interés internacionales - Bonos del Tesoro EE.UU. - 10 años (%),24.Oct.24,4.213
rend_bono10_usa,PD04719XD,diaria,Tasas de interés internacionales - Bonos del Tesoro EE.UU. - 10 años (%),25.Oct.24,4.241
rend_bono10_usa,PD04719XD,diaria,Tasas de interés internacionales - Bonos del Tesoro EE.UU. - 10 años (%),28.Oct.24,4.283
rend_bono10_usa,PD04719XD,diaria,Tasas de interés internacionales - Bonos del Tesoro EE.UU. - 10 años (%),29.Oct.24,4.255
rend_bono10_usa,PD04719XD,diaria,Tasas de interés internacionales - Bonos del Tesoro EE.UU. - 10 años (%),30.Oct.24,4.301
rend_bono10_usa,PD04719XD,diaria,Tasas de interés internacionales - Bonos del Tesoro EE.UU. - 10 años (%),31.Oct.24,4.285
rend_bono10_usa,PD04719XD,diaria,Tasas de interés internacionales - Bonos del Tesoro EE.UU. - 10 años (%),01.Nov.24,4.385
rend_bono10_usa,PD04719XD,diaria,Tasas de interés internacionales - Bonos del Tesoro EE.UU. - 10 años (%),04.Nov.24,4.286
rend_bono10_usa,PD04719XD,diaria,Tasas de interés internacionales - Bonos del Tesoro EE.UU. - 10 años (%),05.Nov.24,4.273
rend_bono10_usa,PD04719XD,diaria,Tasas de interés internacionales - Bonos del Tesoro EE.UU. - 10 años (%),06.Nov.24,4.433
rend_bono10_usa,PD04719XD,diaria,Tasas de interés internacionales - Bonos del Tesoro EE.UU. - 10 años (%),07.Nov.24,4.328
rend_bono10_usa,PD04719XD,diaria,Tasas de interés internacionales - Bonos del Tesoro EE.UU. - 10 años (%),08.Nov.24,4.305
rend_bono10_usa,PD04719XD,diaria,Tasas de interés internacionales - Bonos del Tesoro EE.UU. - 10 años (%),11.Nov.24,4.305
rend_bono10_usa,PD04719XD,diaria,Tasas de interés internacionales - Bonos del Tesoro EE.UU. - 10 años (%),12.Nov.24,4.429
rend_bono10_usa,PD04719XD,diaria,Tasas de interés internacionales - Bonos del Tesoro EE.UU. - 10 años (%),13.Nov.24,4.452
rend_bono10_usa,PD04719XD,diaria,Tasas de interés internacionales - Bonos del Tesoro EE.UU. - 10 años (%),14.Nov.24,4.437
rend_bono10_usa,PD04719XD,diaria,Tasas de interés internacionales - Bonos del Tesoro EE.UU. - 10 años (%),15.Nov.24,4.44
rend_bono10_usa,PD04719XD,diaria,Tasas de interés internacionales - Bonos del Tesoro EE.UU. - 10 años (%),18.Nov.24,4.415
rend_bono10_usa,PD04719XD,diaria,Tasas de interés internacionales - Bonos del Tesoro EE.UU. - 10 años (%),19.Nov.24,4.397
rend_bono10_usa,PD04719XD,diaria,Tasas de interés internacionales - Bonos del Tesoro EE.UU. - 10 años (%),20.Nov.24,4.412
rend_bono10_usa,PD04719XD,diaria,Tasas de interés internacionales - Bonos del Tesoro EE.UU. - 10 años (%),21.Nov.24,4.423
rend_bono10_usa,PD04719XD,diaria,Tasas de interés internacionales - Bonos del Tesoro EE.UU. - 10 años (%),22.Nov.24,4.401
rend_bono10_usa,PD04719XD,diaria,Tasas de interés internacionales - Bonos del Tesoro EE.UU. - 10 años (%),25.Nov.24,4.275
rend_bono10_usa,PD04719XD,diaria,Tasas de interés internacionales - Bonos del Tesoro EE.UU. - 10 años (%),26.Nov.24,4.307
rend_bono10_usa,PD04719XD,diaria,Tasas de interés internacionales - Bonos del Tesoro EE.UU. - 10 años (%),27.Nov.24,4.264
rend_bono10_usa,PD04719XD,diaria,Tasas de interés internacionales - Bonos del Tesoro EE.UU. - 10 años (%),28.Nov.24,4.264
rend_bono10_usa,PD04719XD,diaria,Tasas de interés internacionales - Bonos del Tesoro EE.UU. - 10 años (%),29.Nov.24,4.17
rend_bono10_usa,PD04719XD,diaria,Tasas de interés internacionales - Bonos del Tesoro EE.UU. - 10 años (%),02.Dic.24,4.192
rend_bono10_usa,PD04719XD,diaria,Tasas de interés internacionales - Bonos del Tesoro EE.UU. - 10 años (%),03.Dic.24,4.225
rend_bono10_usa,PD04719XD,diaria,Tasas de interés internacionales - Bonos del Tesoro EE.UU. - 10 años (%),04.Dic.24,4.181
rend_bono10_usa,PD04719XD,diaria,Tasas de interés internacionales - Bonos del Tesoro EE.UU. - 10 años (%),05.Dic.24,4.177
rend_bono10_usa,PD04719XD,diaria,Tasas de interés internacionales - Bonos del Tesoro EE.UU. - 10 años (%),06.Dic.24,4.154
rend_bono10_usa,PD04719XD,diaria,Tasas de interés internacionales - Bonos del Tesoro EE.UU. - 10 años (%),09.Dic.24,4.202
rend_bono10_usa,PD04719XD,diaria,Tasas de interés internacionales - Bonos del Tesoro EE.UU. - 10 años (%),10.Dic.24,4.227
rend_bono10_usa,PD04719XD,diaria,Tasas de interés internacionales - Bonos del Tesoro EE.UU. - 10 años (%),11.Dic.24,4.272
rend_bono10_usa,PD04719XD,diaria,Tasas de interés internacionales - Bonos del Tesoro EE.UU. - 10 años (%),12.Dic.24,4.329
rend_bono10_usa,PD04719XD,diaria,Tasas de interés internacionales - Bonos del Tesoro EE.UU. - 10 años (%),13.Dic.24,4.398
rend_bono10_usa,PD04719XD,diaria,Tasas de interés internacionales - Bonos del Tesoro EE.UU. - 10 años (%),16.Dic.24,4.399
rend_bono10_usa,PD04719XD,diaria,Tasas de interés internacionales - Bonos del Tesoro EE.UU. - 10 años (%),17.Dic.24,4.4
rend_bono10_usa,PD04719XD,diaria,Tasas de interés internacionales - Bonos del Tesoro EE.UU. - 10 años (%),18.Dic.24,4.516
rend_bono10_usa,PD04719XD,diaria,Tasas de interés internacionales - Bonos del Tesoro EE.UU. - 10 años (%),19.Dic.24,4.564
rend_bono10_usa,PD04719XD,diaria,Tasas de interés internacionales - Bonos del Tesoro EE.UU. - 10 años (%),20.Dic.24,4.523
rend_bono10_usa,PD04719XD,diaria,Tasas de interés internacionales - Bonos del Tesoro EE.UU. - 10 años (%),23.Dic.24,4.588
rend_bono10_usa,PD04719XD,diaria,Tasas de interés internacionales - Bonos del Tesoro EE.UU. - 10 años (%),24.Dic.24,4.59
rend_bono10_usa,PD04719XD,diaria,Tasas de interés internacionales - Bonos del Tesoro EE.UU. - 10 años (%),25.Dic.24,4.59
rend_bono10_usa,PD04719XD,diaria,Tasas de interés internacionales - Bonos del Tesoro EE.UU. - 10 años (%),26.Dic.24,4.584
rend_bono10_usa,PD04719XD,diaria,Tasas de interés internacionales - Bonos del Tesoro EE.UU. - 10 años (%),27.Dic.24,4.626
rend_bono10_usa,PD04719XD,diaria,Tasas de interés internacionales - Bonos del Tesoro EE.UU. - 10 años (%),30.Dic.24,4.534
rend_bono10_usa,PD04719XD,diaria,Tasas de interés internacionales - Bonos del Tesoro EE.UU. - 10 años (%),31.Dic.24,4.572
rend_bono10_usa,PD04719XD,diaria,Tasas de interés internacionales - Bonos del Tesoro EE.UU. - 10 años (%),01.Ene.25,4.572
rend_bono10_usa,PD04719XD,diaria,Tasas de interés internacionales - Bonos del Tesoro EE.UU. - 10 años (%),02.Ene.25,4.56
rend_bono10_usa,PD04719XD,diaria,Tasas de interés internacionales - Bonos del Tesoro EE.UU. - 10 años (%),03.Ene.25,4.599
rend_bono10_usa,PD04719XD,diaria,Tasas de interés internacionales - Bonos del Tesoro EE.UU. - 10 años (%),06.Ene.25,4.631
rend_bono10_usa,PD04719XD,diaria,Tasas de interés internacionales - Bonos del Tesoro EE.UU. - 10 años (%),07.Ene.25,4.686
rend_bono10_usa,PD04719XD,diaria,Tasas de interés internacionales - Bonos del Tesoro EE.UU. - 10 años (%),08.Ene.25,4.691
rend_bono10_usa,PD04719XD,diaria,Tasas de interés internacionales - Bonos del Tesoro EE.UU. - 10 años (%),09.Ene.25,4.69
rend_bono10_usa,PD04719XD,diaria,Tasas de interés internacionales - Bonos del Tesoro EE.UU. - 10 años (%),10.Ene.25,4.76
rend_bono10_usa,PD04719XD,diaria,Tasas de interés internacionales - Bonos del Tesoro EE.UU. - 10 años (%),13.Ene.25,4.78
rend_bono10_usa,PD04719XD,diaria,Tasas de interés internacionales - Bonos del Tesoro EE.UU. - 10 años (%),14.Ene.25,4.793
rend_bono10_usa,PD04719XD,diaria,Tasas de interés internacionales - Bonos del Tesoro EE.UU. - 10 años (%),15.Ene.25,4.654
rend_bono10_usa,PD04719XD,diaria,Tasas de interés internacionales - Bonos del Tesoro EE.UU. - 10 años (%),16.Ene.25,4.614
rend_bono10_usa,PD04719XD,diaria,Tasas de interés internacionales - Bonos del Tesoro EE.UU. - 10 años (%),17.Ene.25,4.628
rend_bono10_usa,PD04719XD,diaria,Tasas de interés internacionales - Bonos del Tesoro EE.UU. - 10 años (%),20.Ene.25,4.628
rend_bono10_usa,PD04719XD,diaria,Tasas de interés internacionales - Bonos del Tesoro EE.UU. - 10 años (%),21.Ene.25,4.577
rend_bono10_usa,PD04719XD,diaria,Tasas de interés internacionales - Bonos del Tesoro EE.UU. - 10 años (%),22.Ene.25,4.612
rend_bono10_usa,PD04719XD,diaria,Tasas de interés internacionales - Bonos del Tesoro EE.UU. - 10 años (%),23.Ene.25,4.645
rend_bono10_usa,PD04719XD,diaria,Tasas de interés internacionales - Bonos del Tesoro EE.UU. - 10 años (%),24.Ene.25,4.622
rend_bono10_usa,PD04719XD,diaria,Tasas de interés internacionales - Bonos del Tesoro EE.UU. - 10 años (%),27.Ene.25,4.535
rend_bono10_usa,PD04719XD,diaria,Tasas de interés internacionales - Bonos del Tesoro EE.UU. - 10 años (%),28.Ene.25,4.533
rend_bono10_usa,PD04719XD,diaria,Tasas de interés internacionales - Bonos del Tesoro EE.UU. - 10 años (%),29.Ene.25,4.53
rend_bono10_usa,PD04719XD,diaria,Tasas de interés internacionales - Bonos del Tesoro EE.UU. - 10 años (%),30.Ene.25,4.517
rend_bono10_usa,PD04719XD,diaria,Tasas de interés internacionales - Bonos del Tesoro EE.UU. - 10 años (%),31.Ene.25,4.541
rend_bono10_usa,PD04719XD,diaria,Tasas de interés internacionales - Bonos del Tesoro EE.UU. - 10 años (%),03.Feb.25,4.557
rend_bono10_usa,PD04719XD,diaria,Tasas de interés internacionales - Bonos del Tesoro EE.UU. - 10 años (%),04.Feb.25,4.513
rend_bono10_usa,PD04719XD,diaria,Tasas de interés internacionales - Bonos del Tesoro EE.UU. - 10 años (%),05.Feb.25,4.419
rend_bono10_usa,PD04719XD,diaria,Tasas de interés internacionales - Bonos del Tesoro EE.UU. - 10 años (%),06.Feb.25,4.435
rend_bono10_usa,PD04719XD,diaria,Tasas de interés internacionales - Bonos del Tesoro EE.UU. - 10 años (%),07.Feb.25,4.496
rend_bono10_usa,PD04719XD,diaria,Tasas de interés internacionales - Bonos del Tesoro EE.UU. - 10 años (%),10.Feb.25,4.498
rend_bono10_usa,PD04719XD,diaria,Tasas de interés internacionales - Bonos del Tesoro EE.UU. - 10 años (%),11.Feb.25,4.536
rend_bono10_usa,PD04719XD,diaria,Tasas de interés internacionales - Bonos del Tesoro EE.UU. - 10 años (%),12.Feb.25,4.625
rend_bono10_usa,PD04719XD,diaria,Tasas de interés internacionales - Bonos del Tesoro EE.UU. - 10 años (%),13.Feb.25,4.53
rend_bono10_usa,PD04719XD,diaria,Tasas de interés internacionales - Bonos del Tesoro EE.UU. - 10 años (%),14.Feb.25,4.477
rend_bono10_usa,PD04719XD,diaria,Tasas de interés internacionales - Bonos del Tesoro EE.UU. - 10 años (%),17.Feb.25,4.477
rend_bono10_usa,PD04719XD,diaria,Tasas de interés internacionales - Bonos del Tesoro EE.UU. - 10 años (%),18.Feb.25,4.551
rend_bono10_usa,PD04719XD,diaria,Tasas de interés internacionales - Bonos del Tesoro EE.UU. - 10 años (%),19.Feb.25,4.534
rend_bono10_usa,PD04719XD,diaria,Tasas de interés internacionales - Bonos del Tesoro EE.UU. - 10 años (%),20.Feb.25,4.506
rend_bono10_usa,PD04719XD,diaria,Tasas de interés internacionales - Bonos del Tesoro EE.UU. - 10 años (%),21.Feb.25,4.432
rend_bono10_usa,PD04719XD,diaria,Tasas de interés internacionales - Bonos del Tesoro EE.UU. - 10 años (%),24.Feb.25,4.401
rend_bono10_usa,PD04719XD,diaria,Tasas de interés internacionales - Bonos del Tesoro EE.UU. - 10 años (%),25.Feb.25,4.295
rend_bono10_usa,PD04719XD,diaria,Tasas de interés internacionales - Bonos del Tesoro EE.UU. - 10 años (%),26.Feb.25,4.257
rend_bono10_usa,PD04719XD,diaria,Tasas de interés internacionales - Bonos del Tesoro EE.UU. - 10 años (%),27.Feb.25,4.261
rend_bono10_usa,PD04719XD,diaria,Tasas de interés internacionales - Bonos del Tesoro EE.UU. - 10 años (%),28.Feb.25,4.209
rend_bono10_usa,PD04719XD,diaria,Tasas de interés internacionales - Bonos del Tesoro EE.UU. - 10 años (%),03.Mar.25,4.156
rend_bono10_usa,PD04719XD,diaria,Tasas de interés internacionales - Bonos del Tesoro EE.UU. - 10 años (%),04.Mar.25,4.245
rend_bono10_usa,PD04719XD,diaria,Tasas de interés internacionales - Bonos del Tesoro EE.UU. - 10 años (%),05.Mar.25,4.28
rend_bono10_usa,PD04719XD,diaria,Tasas de interés internacionales - Bonos del Tesoro EE.UU. - 10 años (%),06.Mar.25,4.279
rend_bono10_usa,PD04719XD,diaria,Tasas de interés internacionales - Bonos del Tesoro EE.UU. - 10 años (%),07.Mar.25,4.303
rend_bono10_usa,PD04719XD,diaria,Tasas de interés internacionales - Bonos del Tesoro EE.UU. - 10 años (%),10.Mar.25,4.215
rend_bono10_usa,PD04719XD,diaria,Tasas de interés internacionales - Bonos del Tesoro EE.UU. - 10 años (%),11.Mar.25,4.281
rend_bono10_usa,PD04719XD,diaria,Tasas de interés internacionales - Bonos del Tesoro EE.UU. - 10 años (%),12.Mar.25,4.313
rend_bono10_usa,PD04719XD,diaria,Tasas de interés internacionales - Bonos del Tesoro EE.UU. - 10 años (%),13.Mar.25,4.27
rend_bono10_usa,PD04719XD,diaria,Tasas de interés internacionales - Bonos del Tesoro EE.UU. - 10 años (%),14.Mar.25,4.314
rend_bono10_usa,PD04719XD,diaria,Tasas de interés internacionales - Bonos del Tesoro EE.UU. - 10 años (%),17.Mar.25,4.3
rend_bono10_usa,PD04719XD,diaria,Tasas de interés internacionales - Bonos del Tesoro EE.UU. - 10 años (%),18.Mar.25,4.285
rend_bono10_usa,PD04719XD,diaria,Tasas de interés internacionales - Bonos del Tesoro EE.UU. - 10 años (%),19.Mar.25,4.244
rend_bono10_usa,PD04719XD,diaria,Tasas de interés internacionales - Bonos del Tesoro EE.UU. - 10 años (%),20.Mar.25,4.239
rend_bono10_usa,PD04719XD,diaria,Tasas de interés internacionales - Bonos del Tesoro EE.UU. - 10 años (%),21.Mar.25,4.248
rend_bono10_usa,PD04719XD,diaria,Tasas de interés internacionales - Bonos del Tesoro EE.UU. - 10 años (%),24.Mar.25,4.337
rend_bono10_usa,PD04719XD,diaria,Tasas de interés internacionales - Bonos del Tesoro EE.UU. - 10 años (%),25.Mar.25,4.314
rend_bono10_usa,PD04719XD,diaria,Tasas de interés internacionales - Bonos del Tesoro EE.UU. - 10 años (%),26.Mar.25,4.353
rend_bono10_usa,PD04719XD,diaria,Tasas de interés internacionales - Bonos del Tesoro EE.UU. - 10 años (%),27.Mar.25,4.361
rend_bono10_usa,PD04719XD,diaria,Tasas de interés internacionales - Bonos del Tesoro EE.UU. - 10 años (%),28.Mar.25,4.25
rend_bono10_usa,PD04719XD,diaria,Tasas de interés internacionales - Bonos del Tesoro EE.UU. - 10 años (%),31.Mar.25,4.207
rend_bono10_usa,PD04719XD,diaria,Tasas de interés internacionales - Bonos del Tesoro EE.UU. - 10 años (%),01.Abr.25,4.17
rend_bono10_usa,PD04719XD,diaria,Tasas de interés internacionales - Bonos del Tesoro EE.UU. - 10 años (%),02.Abr.25,4.133
rend_bono10_usa,PD04719XD,diaria,Tasas de interés internacionales - Bonos del Tesoro EE.UU. - 10 años (%),03.Abr.25,4.03
rend_bono10_usa,PD04719XD,diaria,Tasas de interés internacionales - Bonos del Tesoro EE.UU. - 10 años (%),04.Abr.25,3.997
rend_bono10_usa,PD04719XD,diaria,Tasas de interés internacionales - Bonos del Tesoro EE.UU. - 10 años (%),07.Abr.25,4.186
rend_bono10_usa,PD04719XD,diaria,Tasas de interés internacionales - Bonos del Tesoro EE.UU. - 10 años (%),08.Abr.25,4.295
rend_bono10_usa,PD04719XD,diaria,Tasas de interés internacionales - Bonos del Tesoro EE.UU. - 10 años (%),09.Abr.25,4.336
rend_bono10_usa,PD04719XD,diaria,Tasas de interés internacionales - Bonos del Tesoro EE.UU. - 10 años (%),10.Abr.25,4.428
rend_bono10_usa,PD04719XD,diaria,Tasas de interés internacionales - Bonos del Tesoro EE.UU. - 10 años (%),11.Abr.25,4.492
rend_bono10_usa,PD04719XD,diaria,Tasas de interés internacionales - Bonos del Tesoro EE.UU. - 10 años (%),14.Abr.25,4.376
rend_bono10_usa,PD04719XD,diaria,Tasas de interés internacionales - Bonos del Tesoro EE.UU. - 10 años (%),15.Abr.25,4.336
rend_bono10_usa,PD04719XD,diaria,Tasas de interés internacionales - Bonos del Tesoro EE.UU. - 10 años (%),16.Abr.25,4.279
rend_bono10_usa,PD04719XD,diaria,Tasas de interés internacionales - Bonos del Tesoro EE.UU. - 10 años (%),17.Abr.25,4.326
rend_bono10_usa,PD04719XD,diaria,Tasas de interés internacionales - Bonos del Tesoro EE.UU. - 10 años (%),18.Abr.25,4.326
rend_bono10_usa,PD04719XD,diaria,Tasas de interés internacionales - Bonos del Tesoro EE.UU. - 10 años (%),21.Abr.25,4.412
rend_bono10_usa,PD04719XD,diaria,Tasas de interés internacionales - Bonos del Tesoro EE.UU. - 10 años (%),22.Abr.25,4.403
rend_bono10_usa,PD04719XD,diaria,Tasas de interés internacionales - Bonos del Tesoro EE.UU. - 10 años (%),23.Abr.25,4.384
rend_bono10_usa,PD04719XD,diaria,Tasas de interés internacionales - Bonos del Tesoro EE.UU. - 10 años (%),24.Abr.25,4.317
rend_bono10_usa,PD04719XD,diaria,Tasas de interés internacionales - Bonos del Tesoro EE.UU. - 10 años (%),25.Abr.25,4.237
rend_bono10_usa,PD04719XD,diaria,Tasas de interés internacionales - Bonos del Tesoro EE.UU. - 10 años (%),28.Abr.25,4.21
rend_bono10_usa,PD04719XD,diaria,Tasas de interés internacionales - Bonos del Tesoro EE.UU. - 10 años (%),29.Abr.25,4.174
rend_bono10_usa,PD04719XD,diaria,Tasas de interés internacionales - Bonos del Tesoro EE.UU. - 10 años (%),30.Abr.25,4.163
rend_bono10_usa,PD04719XD,diaria,Tasas de interés internacionales - Bonos del Tesoro EE.UU. - 10 años (%),01.May.25,4.22
rend_bono10_usa,PD04719XD,diaria,Tasas de interés internacionales - Bonos del Tesoro EE.UU. - 10 años (%),02.May.25,4.31
rend_bono10_usa,PD04719XD,diaria,Tasas de interés internacionales - Bonos del Tesoro EE.UU. - 10 años (%),05.May.25,4.345
rend_bono10_usa,PD04719XD,diaria,Tasas de interés internacionales - Bonos del Tesoro EE.UU. - 10 años (%),06.May.25,4.297
rend_bono10_usa,PD04719XD,diaria,Tasas de interés internacionales - Bonos del Tesoro EE.UU. - 10 años (%),07.May.25,4.271
rend_bono10_usa,PD04719XD,diaria,Tasas de interés internacionales - Bonos del Tesoro EE.UU. - 10 años (%),08.May.25,4.38
rend_bono10_usa,PD04719XD,diaria,Tasas de interés internacionales - Bonos del Tesoro EE.UU. - 10 años (%),09.May.25,4.38
rend_bono10_usa,PD04719XD,diaria,Tasas de interés internacionales - Bonos del Tesoro EE.UU. - 10 años (%),12.May.25,4.473
rend_bono10_usa,PD04719XD,diaria,Tasas de interés internacionales - Bonos del Tesoro EE.UU. - 10 años (%),13.May.25,4.467
rend_bono10_usa,PD04719XD,diaria,Tasas de interés internacionales - Bonos del Tesoro EE.UU. - 10 años (%),14.May.25,4.538
rend_bono10_usa,PD04719XD,diaria,Tasas de interés internacionales - Bonos del Tesoro EE.UU. - 10 años (%),15.May.25,4.433
rend_bono10_usa,PD04719XD,diaria,Tasas de interés internacionales - Bonos del Tesoro EE.UU. - 10 años (%),16.May.25,4.48
rend_bono10_usa,PD04719XD,diaria,Tasas de interés internacionales - Bonos del Tesoro EE.UU. - 10 años (%),19.May.25,4.45
rend_bono10_usa,PD04719XD,diaria,Tasas de interés internacionales - Bonos del Tesoro EE.UU. - 10 años (%),20.May.25,4.489
rend_bono10_usa,PD04719XD,diaria,Tasas de interés internacionales - Bonos del Tesoro EE.UU. - 10 años (%),21.May.25,4.601
rend_bono10_usa,PD04719XD,diaria,Tasas de interés internacionales - Bonos del Tesoro EE.UU. - 10 años (%),22.May.25,4.53
rend_bono10_usa,PD04719XD,diaria,Tasas de interés internacionales - Bonos del Tesoro EE.UU. - 10 años (%),23.May.25,4.513
rend_bono10_usa,PD04719XD,diaria,Tasas de interés internacionales - Bonos del Tesoro EE.UU. - 10 años (%),26.May.25,4.513
rend_bono10_usa,PD04719XD,diaria,Tasas de interés internacionales - Bonos del Tesoro EE.UU. - 10 años (%),27.May.25,4.446
rend_bono10_usa,PD04719XD,diaria,Tasas de interés internacionales - Bonos del Tesoro EE.UU. - 10 años (%),28.May.25,4.48
rend_bono10_usa,PD04719XD,diaria,Tasas de interés internacionales - Bonos del Tesoro EE.UU. - 10 años (%),29.May.25,4.42
rend_bono10_usa,PD04719XD,diaria,Tasas de interés internacionales - Bonos del Tesoro EE.UU. - 10 años (%),30.May.25,4.403
rend_bono10_usa,PD04719XD,diaria,Tasas de interés internacionales - Bonos del Tesoro EE.UU. - 10 años (%),02.Jun.25,4.442
rend_bono10_usa,PD04719XD,diaria,Tasas de interés internacionales - Bonos del Tesoro EE.UU. - 10 años (%),03.Jun.25,4.456
rend_bono10_usa,PD04719XD,diaria,Tasas de interés internacionales - Bonos del Tesoro EE.UU. - 10 años (%),04.Jun.25,4.356
rend_bono10_usa,PD04719XD,diaria,Tasas de interés internacionales - Bonos del Tesoro EE.UU. - 10 años (%),05.Jun.25,4.393
rend_bono10_usa,PD04719XD,diaria,Tasas de interés internacionales - Bonos del Tesoro EE.UU. - 10 años (%),06.Jun.25,4.508
rend_bono10_usa,PD04719XD,diaria,Tasas de interés internacionales - Bonos del Tesoro EE.UU. - 10 años (%),09.Jun.25,4.476
rend_bono10_usa,PD04719XD,diaria,Tasas de interés internacionales - Bonos del Tesoro EE.UU. - 10 años (%),10.Jun.25,4.472
rend_bono10_usa,PD04719XD,diaria,Tasas de interés internacionales - Bonos del Tesoro EE.UU. - 10 años (%),11.Jun.25,4.422
rend_bono10_usa,PD04719XD,diaria,Tasas de interés internacionales - Bonos del Tesoro EE.UU. - 10 años (%),12.Jun.25,4.361
rend_bono10_usa,PD04719XD,diaria,Tasas de interés internacionales - Bonos del Tesoro EE.UU. - 10 años (%),13.Jun.25,4.401
rend_bono10_usa,PD04719XD,diaria,Tasas de interés internacionales - Bonos del Tesoro EE.UU. - 10 años (%),16.Jun.25,4.448
rend_bono10_usa,PD04719XD,diaria,Tasas de interés internacionales - Bonos del Tesoro EE.UU. - 10 años (%),17.Jun.25,4.391
rend_bono10_usa,PD04719XD,diaria,Tasas de interés internacionales - Bonos del Tesoro EE.UU. - 10 años (%),18.Jun.25,4.393
rend_bono10_usa,PD04719XD,diaria,Tasas de interés internacionales - Bonos del Tesoro EE.UU. - 10 años (%),19.Jun.25,4.393
rend_bono10_usa,PD04719XD,diaria,Tasas de interés internacionales - Bonos del Tesoro EE.UU. - 10 años (%),20.Jun.25,4.378
rend_bono10_usa,PD04719XD,diaria,Tasas de interés internacionales - Bonos del Tesoro EE.UU. - 10 años (%),23.Jun.25,4.349
rend_bono10_usa,PD04719XD,diaria,Tasas de interés internacionales - Bonos del Tesoro EE.UU. - 10 años (%),24.Jun.25,4.296
rend_bono10_usa,PD04719XD,diaria,Tasas de interés internacionales - Bonos del Tesoro EE.UU. - 10 años (%),25.Jun.25,4.293
rend_bono10_usa,PD04719XD,diaria,Tasas de interés internacionales - Bonos del Tesoro EE.UU. - 10 años (%),26.Jun.25,4.243
rend_bono10_usa,PD04719XD,diaria,Tasas de interés internacionales - Bonos del Tesoro EE.UU. - 10 años (%),27.Jun.25,4.279
rend_bono10_usa,PD04719XD,diaria,Tasas de interés internacionales - Bonos del Tesoro EE.UU. - 10 años (%),30.Jun.25,4.23
rend_bono10_usa,PD04719XD,diaria,Tasas de interés internacionales - Bonos del Tesoro EE.UU. - 10 años (%),01.Jul.25,4.243
rend_bono10_usa,PD04719XD,diaria,Tasas de interés internacionales - Bonos del Tesoro EE.UU. - 10 años (%),02.Jul.25,4.279
rend_bono10_usa,PD04719XD,diaria,Tasas de interés internacionales - Bonos del Tesoro EE.UU. - 10 años (%),03.Jul.25,4.348
rend_bono10_usa,PD04719XD,diaria,Tasas de interés internacionales - Bonos del Tesoro EE.UU. - 10 años (%),04.Jul.25,4.348
rend_bono10_usa,PD04719XD,diaria,Tasas de interés internacionales - Bonos del Tesoro EE.UU. - 10 años (%),07.Jul.25,4.381
rend_bono10_usa,PD04719XD,diaria,Tasas de interés internacionales - Bonos del Tesoro EE.UU. - 10 años (%),08.Jul.25,4.401
rend_bono10_usa,PD04719XD,diaria,Tasas de interés internacionales - Bonos del Tesoro EE.UU. - 10 años (%),09.Jul.25,4.333
rend_bono10_usa,PD04719XD,diaria,Tasas de interés internacionales - Bonos del Tesoro EE.UU. - 10 años (%),10.Jul.25,4.351
rend_bono10_usa,PD04719XD,diaria,Tasas de interés internacionales - Bonos del Tesoro EE.UU. - 10 años (%),11.Jul.25,4.411
rend_bono10_usa,PD04719XD,diaria,Tasas de interés internacionales - Bonos del Tesoro EE.UU. - 10 años (%),14.Jul.25,4.435
rend_bono10_usa,PD04719XD,diaria,Tasas de interés internacionales - Bonos del Tesoro EE.UU. - 10 años (%),15.Jul.25,4.483
rend_bono10_usa,PD04719XD,diaria,Tasas de interés internacionales - Bonos del Tesoro EE.UU. - 10 años (%),16.Jul.25,4.457
rend_bono10_usa,PD04719XD,diaria,Tasas de interés internacionales - Bonos del Tesoro EE.UU. - 10 años (%),17.Jul.25,4.453
rend_bono10_usa,PD04719XD,diaria,Tasas de interés internacionales - Bonos del Tesoro EE.UU. - 10 años (%),18.Jul.25,4.418
rend_bono10_usa,PD04719XD,diaria,Tasas de interés internacionales - Bonos del Tesoro EE.UU. - 10 años (%),21.Jul.25,4.379
rend_bono10_usa,PD04719XD,diaria,Tasas de interés internacionales - Bonos del Tesoro EE.UU. - 10 años (%),22.Jul.25,4.346
rend_bono10_usa,PD04719XD,diaria,Tasas de interés internacionales - Bonos del Tesoro EE.UU. - 10 años (%),23.Jul.25,4.383
rend_bono10_usa,PD04719XD,diaria,Tasas de interés internacionales - Bonos del Tesoro EE.UU. - 10 años (%),24.Jul.25,4.398
rend_bono10_usa,PD04719XD,diaria,Tasas de interés internacionales - Bonos del Tesoro EE.UU. - 10 años (%),25.Jul.25,4.39
rend_bono10_usa,PD04719XD,diaria,Tasas de interés internacionales - Bonos del Tesoro EE.UU. - 10 años (%),28.Jul.25,4.412
rend_bono10_usa,PD04719XD,diaria,Tasas de interés internacionales - Bonos del Tesoro EE.UU. - 10 años (%),29.Jul.25,4.321
rend_bono10_usa,PD04719XD,diaria,Tasas de interés internacionales - Bonos del Tesoro EE.UU. - 10 años (%),30.Jul.25,4.372
rend_bono10_usa,PD04719XD,diaria,Tasas de interés internacionales - Bonos del Tesoro EE.UU. - 10 años (%),31.Jul.25,4.376
rend_bono10_usa,PD04719XD,diaria,Tasas de interés internacionales - Bonos del Tesoro EE.UU. - 10 años (%),01.Ago.25,4.218
rend_bono10_usa,PD04719XD,diaria,Tasas de interés internacionales - Bonos del Tesoro EE.UU. - 10 años (%),04.Ago.25,4.194
rend_bono10_usa,PD04719XD,diaria,Tasas de interés internacionales - Bonos del Tesoro EE.UU. - 10 años (%),05.Ago.25,4.212
rend_bono10_usa,PD04719XD,diaria,Tasas de interés internacionales - Bonos del Tesoro EE.UU. - 10 años (%),06.Ago.25,4.229
rend_bono10_usa,PD04719XD,diaria,Tasas de interés internacionales - Bonos del Tesoro EE.UU. - 10 años (%),07.Ago.25,4.251
rend_bono10_usa,PD04719XD,diaria,Tasas de interés internacionales - Bonos del Tesoro EE.UU. - 10 años (%),08.Ago.25,4.284
rend_bono10_usa,PD04719XD,diaria,Tasas de interés internacionales - Bonos del Tesoro EE.UU. - 10 años (%),11.Ago.25,4.287
rend_bono10_usa,PD04719XD,diaria,Tasas de interés internacionales - Bonos del Tesoro EE.UU. - 10 años (%),12.Ago.25,4.291
rend_bono10_usa,PD04719XD,diaria,Tasas de interés internacionales - Bonos del Tesoro EE.UU. - 10 años (%),13.Ago.25,4.235
rend_bono10_usa,PD04719XD,diaria,Tasas de interés internacionales - Bonos del Tesoro EE.UU. - 10 años (%),14.Ago.25,4.286
rend_bono10_usa,PD04719XD,diaria,Tasas de interés internacionales - Bonos del Tesoro EE.UU. - 10 años (%),15.Ago.25,4.319
rend_bono10_usa,PD04719XD,diaria,Tasas de interés internacionales - Bonos del Tesoro EE.UU. - 10 años (%),18.Ago.25,4.334
rend_bono10_usa,PD04719XD,diaria,Tasas de interés internacionales - Bonos del Tesoro EE.UU. - 10 años (%),19.Ago.25,4.307
rend_bono10_usa,PD04719XD,diaria,Tasas de interés internacionales - Bonos del Tesoro EE.UU. - 10 años (%),20.Ago.25,4.292
rend_bono10_usa,PD04719XD,diaria,Tasas de interés internacionales - Bonos del Tesoro EE.UU. - 10 años (%),21.Ago.25,4.329
rend_bono10_usa,PD04719XD,diaria,Tasas de interés internacionales - Bonos del Tesoro EE.UU. - 10 años (%),22.Ago.25,4.255
rend_bono10_usa,PD04719XD,diaria,Tasas de interés internacionales - Bonos del Tesoro EE.UU. - 10 años (%),25.Ago.25,4.276
rend_bono10_usa,PD04719XD,diaria,Tasas de interés internacionales - Bonos del Tesoro EE.UU. - 10 años (%),26.Ago.25,4.262
rend_bono10_usa,PD04719XD,diaria,Tasas de interés internacionales - Bonos del Tesoro EE.UU. - 10 años (%),27.Ago.25,4.235
rend_bono10_usa,PD04719XD,diaria,Tasas de interés internacionales - Bonos del Tesoro EE.UU. - 10 años (%),28.Ago.25,4.205
rend_bono10_usa,PD04719XD,diaria,Tasas de interés internacionales - Bonos del Tesoro EE.UU. - 10 años (%),29.Ago.25,4.23
rend_bono10_usa,PD04719XD,diaria,Tasas de interés internacionales - Bonos del Tesoro EE.UU. - 10 años (%),01.Set.25,4.23
rend_bono10_usa,PD04719XD,diaria,Tasas de interés internacionales - Bonos del Tesoro EE.UU. - 10 años (%),02.Set.25,4.262
rend_bono10_usa,PD04719XD,diaria,Tasas de interés internacionales - Bonos del Tesoro EE.UU. - 10 años (%),03.Set.25,4.218
rend_bono10_usa,PD04719XD,diaria,Tasas de interés internacionales - Bonos del Tesoro EE.UU. - 10 años (%),04.Set.25,4.162
rend_bono10_usa,PD04719XD,diaria,Tasas de interés internacionales - Bonos del Tesoro EE.UU. - 10 años (%),05.Set.25,4.076
rend_bono10_usa,PD04719XD,diaria,Tasas de interés internacionales - Bonos del Tesoro EE.UU. - 10 años (%),08.Set.25,4.041
rend_bono10_usa,PD04719XD,diaria,Tasas de interés internacionales - Bonos del Tesoro EE.UU. - 10 años (%),09.Set.25,4.088
rend_bono10_usa,PD04719XD,diaria,Tasas de interés internacionales - Bonos del Tesoro EE.UU. - 10 años (%),10.Set.25,4.047
rend_bono10_usa,PD04719XD,diaria,Tasas de interés internacionales - Bonos del Tesoro EE.UU. - 10 años (%),11.Set.25,4.022
rend_bono10_usa,PD04719XD,diaria,Tasas de interés internacionales - Bonos del Tesoro EE.UU. - 10 años (%),12.Set.25,4.067
rend_bono10_usa,PD04719XD,diaria,Tasas de interés internacionales - Bonos del Tesoro EE.UU. - 10 años (%),15.Set.25,4.039
rend_bono10_usa,PD04719XD,diaria,Tasas de interés internacionales - Bonos del Tesoro EE.UU. - 10 años (%),16.Set.25,4.029
rend_bono10_usa,PD04719XD,diaria,Tasas de interés internacionales - Bonos del Tesoro EE.UU. - 10 años (%),17.Set.25,4.089
rend_bono10_usa,PD04719XD,diaria,Tasas de interés internacionales - Bonos del Tesoro EE.UU. - 10 años (%),18.Set.25,4.106
rend_bono10_usa,PD04719XD,diaria,Tasas de interés internacionales - Bonos del Tesoro EE.UU. - 10 años (%),19.Set.25,4.128
rend_bono10_usa,PD04719XD,diaria,Tasas de interés internacionales - Bonos del Tesoro EE.UU. - 10 años (%),22.Set.25,4.148
rend_bono10_usa,PD04719XD,diaria,Tasas de interés internacionales - Bonos del Tesoro EE.UU. - 10 años (%),23.Set.25,4.107
rend_bono10_usa,PD04719XD,diaria,Tasas de interés internacionales - Bonos del Tesoro EE.UU. - 10 años (%),24.Set.25,4.148
rend_bono10_usa,PD04719XD,diaria,Tasas de interés internacionales - Bonos del Tesoro EE.UU. - 10 años (%),25.Set.25,4.171
rend_bono10_usa,PD04719XD,diaria,Tasas de interés internacionales - Bonos del Tesoro EE.UU. - 10 años (%),26.Set.25,4.176
rend_bono10_usa,PD04719XD,diaria,Tasas de interés internacionales - Bonos del Tesoro EE.UU. - 10 años (%),29.Set.25,4.14
rend_bono10_usa,PD04719XD,diaria,Tasas de interés internacionales - Bonos del Tesoro EE.UU. - 10 años (%),30.Set.25,4.151
rend_bono10_usa,PD04719XD,diaria,Tasas de interés internacionales - Bonos del Tesoro EE.UU. - 10 años (%),01.Oct.25,4.099
rend_bono10_usa,PD04719XD,diaria,Tasas de interés internacionales - Bonos del Tesoro EE.UU. - 10 años (%),02.Oct.25,4.084
rend_bono10_usa,PD04719XD,diaria,Tasas de interés internacionales - Bonos del Tesoro EE.UU. - 10 años (%),03.Oct.25,4.12
rend_bono10_usa,PD04719XD,diaria,Tasas de interés internacionales - Bonos del Tesoro EE.UU. - 10 años (%),06.Oct.25,4.154
rend_bono10_usa,PD04719XD,diaria,Tasas de interés internacionales - Bonos del Tesoro EE.UU. - 10 años (%),07.Oct.25,4.124
rend_bono10_usa,PD04719XD,diaria,Tasas de interés internacionales - Bonos del Tesoro EE.UU. - 10 años (%),08.Oct.25,4.119
rend_bono10_usa,PD04719XD,diaria,Tasas de interés internacionales - Bonos del Tesoro EE.UU. - 10 años (%),09.Oct.25,4.139
rend_bono10_usa,PD04719XD,diaria,Tasas de interés internacionales - Bonos del Tesoro EE.UU. - 10 años (%),10.Oct.25,4.034
rend_bono10_usa,PD04719XD,diaria,Tasas de interés internacionales - Bonos del Tesoro EE.UU. - 10 años (%),13.Oct.25,4.034
rend_bono10_usa,PD04719XD,diaria,Tasas de interés internacionales - Bonos del Tesoro EE.UU. - 10 años (%),14.Oct.25,4.033
rend_bono10_usa,PD04719XD,diaria,Tasas de interés internacionales - Bonos del Tesoro EE.UU. - 10 años (%),15.Oct.25,4.029
rend_bono10_usa,PD04719XD,diaria,Tasas de interés internacionales - Bonos del Tesoro EE.UU. - 10 años (%),16.Oct.25,3.975
rend_bono10_usa,PD04719XD,diaria,Tasas de interés internacionales - Bonos del Tesoro EE.UU. - 10 años (%),17.Oct.25,4.01
rend_bono10_usa,PD04719XD,diaria,Tasas de interés internacionales - Bonos del Tesoro EE.UU. - 10 años (%),20.Oct.25,3.981
rend_bono10_usa,PD04719XD,diaria,Tasas de interés internacionales - Bonos del Tesoro EE.UU. - 10 años (%),21.Oct.25,3.964
rend_bono10_usa,PD04719XD,diaria,Tasas de interés internacionales - Bonos del Tesoro EE.UU. - 10 años (%),22.Oct.25,3.951
rend_bono10_usa,PD04719XD,diaria,Tasas de interés internacionales - Bonos del Tesoro EE.UU. - 10 años (%),23.Oct.25,4.002
rend_bono10_usa,PD04719XD,diaria,Tasas de interés internacionales - Bonos del Tesoro EE.UU. - 10 años (%),24.Oct.25,4.003
rend_bono10_usa,PD04719XD,diaria,Tasas de interés internacionales - Bonos del Tesoro EE.UU. - 10 años (%),27.Oct.25,3.981
rend_bono10_usa,PD04719XD,diaria,Tasas de interés internacionales - Bonos del Tesoro EE.UU. - 10 años (%),28.Oct.25,3.977
rend_bono10_usa,PD04719XD,diaria,Tasas de interés internacionales - Bonos del Tesoro EE.UU. - 10 años (%),29.Oct.25,4.078
rend_bono10_usa,PD04719XD,diaria,Tasas de interés internacionales - Bonos del Tesoro EE.UU. - 10 años (%),30.Oct.25,4.099
rend_bono10_usa,PD04719XD,diaria,Tasas de interés internacionales - Bonos del Tesoro EE.UU. - 10 años (%),31.Oct.25,4.078
rend_bono10_usa,PD04719XD,diaria,Tasas de interés internacionales - Bonos del Tesoro EE.UU. - 10 años (%),03.Nov.25,4.111
rend_bono10_usa,PD04719XD,diaria,Tasas de interés internacionales - Bonos del Tesoro EE.UU. - 10 años (%),04.Nov.25,4.086
rend_bono10_usa,PD04719XD,diaria,Tasas de interés internacionales - Bonos del Tesoro EE.UU. - 10 años (%),05.Nov.25,4.16
rend_bono10_usa,PD04719XD,diaria,Tasas de interés internacionales - Bonos del Tesoro EE.UU. - 10 años (%),06.Nov.25,4.084
rend_bono10_usa,PD04719XD,diaria,Tasas de interés internacionales - Bonos del Tesoro EE.UU. - 10 años (%),07.Nov.25,4.098
rend_bono10_usa,PD04719XD,diaria,Tasas de interés internacionales - Bonos del Tesoro EE.UU. - 10 años (%),10.Nov.25,4.117
rend_bono10_usa,PD04719XD,diaria,Tasas de interés internacionales - Bonos del Tesoro EE.UU. - 10 años (%),11.Nov.25,4.117
rend_bono10_usa,PD04719XD,diaria,Tasas de interés internacionales - Bonos del Tesoro EE.UU. - 10 años (%),12.Nov.25,4.07
rend_bono10_usa,PD04719XD,diaria,Tasas de interés internacionales - Bonos del Tesoro EE.UU. - 10 años (%),13.Nov.25,4.12
rend_bono10_usa,PD04719XD,diaria,Tasas de interés internacionales - Bonos del Tesoro EE.UU. - 10 años (%),14.Nov.25,4.149
rend_bono10_usa,PD04719XD,diaria,Tasas de interés internacionales - Bonos del Tesoro EE.UU. - 10 años (%),17.Nov.25,4.14
rend_bono10_usa,PD04719XD,diaria,Tasas de interés internacionales - Bonos del Tesoro EE.UU. - 10 años (%),18.Nov.25,4.114
rend_bono10_usa,PD04719XD,diaria,Tasas de interés internacionales - Bonos del Tesoro EE.UU. - 10 años (%),19.Nov.25,4.138
rend_bono10_usa,PD04719XD,diaria,Tasas de interés internacionales - Bonos del Tesoro EE.UU. - 10 años (%),20.Nov.25,4.085
rend_bono10_usa,PD04719XD,diaria,Tasas de interés internacionales - Bonos del Tesoro EE.UU. - 10 años (%),21.Nov.25,4.065
rend_bono10_usa,PD04719XD,diaria,Tasas de interés internacionales - Bonos del Tesoro EE.UU. - 10 años (%),24.Nov.25,4.026
rend_bono10_usa,PD04719XD,diaria,Tasas de interés internacionales - Bonos del Tesoro EE.UU. - 10 años (%),25.Nov.25,3.997
rend_bono10_usa,PD04719XD,diaria,Tasas de interés internacionales - Bonos del Tesoro EE.UU. - 10 años (%),26.Nov.25,3.995
rend_bono10_usa,PD04719XD,diaria,Tasas de interés internacionales - Bonos del Tesoro EE.UU. - 10 años (%),27.Nov.25,3.995
rend_bono10_usa,PD04719XD,diaria,Tasas de interés internacionales - Bonos del Tesoro EE.UU. - 10 años (%),28.Nov.25,4.015
rend_bono10_usa,PD04719XD,diaria,Tasas de interés internacionales - Bonos del Tesoro EE.UU. - 10 años (%),01.Dic.25,4.087
rend_bono10_usa,PD04719XD,diaria,Tasas de interés internacionales - Bonos del Tesoro EE.UU. - 10 años (%),02.Dic.25,4.087
rend_bono10_usa,PD04719XD,diaria,Tasas de interés internacionales - Bonos del Tesoro EE.UU. - 10 años (%),03.Dic.25,4.064
rend_bono10_usa,PD04719XD,diaria,Tasas de interés internacionales - Bonos del Tesoro EE.UU. - 10 años (%),04.Dic.25,4.099
rend_bono10_usa,PD04719XD,diaria,Tasas de interés internacionales - Bonos del Tesoro EE.UU. - 10 años (%),05.Dic.25,4.136
rend_bono10_usa,PD04719XD,diaria,Tasas de interés internacionales - Bonos del Tesoro EE.UU. - 10 años (%),08.Dic.25,4.165
rend_bono10_usa,PD04719XD,diaria,Tasas de interés internacionales - Bonos del Tesoro EE.UU. - 10 años (%),09.Dic.25,4.189
rend_bono10_usa,PD04719XD,diaria,Tasas de interés internacionales - Bonos del Tesoro EE.UU. - 10 años (%),10.Dic.25,4.149
rend_bono10_usa,PD04719XD,diaria,Tasas de interés internacionales - Bonos del Tesoro EE.UU. - 10 años (%),11.Dic.25,4.158
rend_bono10_usa,PD04719XD,diaria,Tasas de interés internacionales - Bonos del Tesoro EE.UU. - 10 años (%),12.Dic.25,4.185
rend_bono10_usa,PD04719XD,diaria,Tasas de interés internacionales - Bonos del Tesoro EE.UU. - 10 años (%),15.Dic.25,4.174
rend_bono10_usa,PD04719XD,diaria,Tasas de interés internacionales - Bonos del Tesoro EE.UU. - 10 años (%),16.Dic.25,4.146
rend_bono10_usa,PD04719XD,diaria,Tasas de interés internacionales - Bonos del Tesoro EE.UU. - 10 años (%),17.Dic.25,4.154
rend_bono10_usa,PD04719XD,diaria,Tasas de interés internacionales - Bonos del Tesoro EE.UU. - 10 años (%),18.Dic.25,4.123
rend_bono10_usa,PD04719XD,diaria,Tasas de interés internacionales - Bonos del Tesoro EE.UU. - 10 años (%),19.Dic.25,4.148
rend_bono10_usa,PD04719XD,diaria,Tasas de interés internacionales - Bonos del Tesoro EE.UU. - 10 años (%),22.Dic.25,4.165
rend_bono10_usa,PD04719XD,diaria,Tasas de interés internacionales - Bonos del Tesoro EE.UU. - 10 años (%),23.Dic.25,4.165
rend_bono10_usa,PD04719XD,diaria,Tasas de interés internacionales - Bonos del Tesoro EE.UU. - 10 años (%),24.Dic.25,4.136
rend_bono10_usa,PD04719XD,diaria,Tasas de interés internacionales - Bonos del Tesoro EE.UU. - 10 años (%),25.Dic.25,4.136
rend_bono10_usa,PD04719XD,diaria,Tasas de interés internacionales - Bonos del Tesoro EE.UU. - 10 años (%),26.Dic.25,4.129
rend_bono10_usa,PD04719XD,diaria,Tasas de interés internacionales - Bonos del Tesoro EE.UU. - 10 años (%),29.Dic.25,4.111
rend_bono10_usa,PD04719XD,diaria,Tasas de interés internacionales - Bonos del Tesoro EE.UU. - 10 años (%),30.Dic.25,4.123
rend_bono10_usa,PD04719XD,diaria,Tasas de interés internacionales - Bonos del Tesoro EE.UU. - 10 años (%),31.Dic.25,4.169
rend_bono10_usa,PD04719XD,diaria,Tasas de interés internacionales - Bonos del Tesoro EE.UU. - 10 años (%),01.Ene.26,4.169
rend_bono10_usa,PD04719XD,diaria,Tasas de interés internacionales - Bonos del Tesoro EE.UU. - 10 años (%),02.Ene.26,4.192
rend_bono10_usa,PD04719XD,diaria,Tasas de interés internacionales - Bonos del Tesoro EE.UU. - 10 años (%),05.Ene.26,4.162
rend_bono10_usa,PD04719XD,diaria,Tasas de interés internacionales - Bonos del Tesoro EE.UU. - 10 años (%),06.Ene.26,4.174
rend_bono10_usa,PD04719XD,diaria,Tasas de interés internacionales - Bonos del Tesoro EE.UU. - 10 años (%),07.Ene.26,4.15
rend_bono10_usa,PD04719XD,diaria,Tasas de interés internacionales - Bonos del Tesoro EE.UU. - 10 años (%),08.Ene.26,4.168
rend_bono10_usa,PD04719XD,diaria,Tasas de interés internacionales - Bonos del Tesoro EE.UU. - 10 años (%),09.Ene.26,4.166
rend_bono10_usa,PD04719XD,diaria,Tasas de interés internacionales - Bonos del Tesoro EE.UU. - 10 años (%),12.Ene.26,4.177
rend_bono10_usa,PD04719XD,diaria,Tasas de interés internacionales - Bonos del Tesoro EE.UU. - 10 años (%),13.Ene.26,4.18
rend_bono10_usa,PD04719XD,diaria,Tasas de interés internacionales - Bonos del Tesoro EE.UU. - 10 años (%),14.Ene.26,4.133
rend_bono10_usa,PD04719XD,diaria,Tasas de interés internacionales - Bonos del Tesoro EE.UU. - 10 años (%),15.Ene.26,4.171
rend_bono10_usa,PD04719XD,diaria,Tasas de interés internacionales - Bonos del Tesoro EE.UU. - 10 años (%),16.Ene.26,4.224
rend_bono10_usa,PD04719XD,diaria,Tasas de interés internacionales - Bonos del Tesoro EE.UU. - 10 años (%),19.Ene.26,4.224
rend_bono10_usa,PD04719XD,diaria,Tasas de interés internacionales - Bonos del Tesoro EE.UU. - 10 años (%),20.Ene.26,4.294
rend_bono10_usa,PD04719XD,diaria,Tasas de interés internacionales - Bonos del Tesoro EE.UU. - 10 años (%),21.Ene.26,4.244
rend_bono10_usa,PD04719XD,diaria,Tasas de interés internacionales - Bonos del Tesoro EE.UU. - 10 años (%),22.Ene.26,4.246
rend_bono10_usa,PD04719XD,diaria,Tasas de interés internacionales - Bonos del Tesoro EE.UU. - 10 años (%),23.Ene.26,4.23
rend_bono10_usa,PD04719XD,diaria,Tasas de interés internacionales - Bonos del Tesoro EE.UU. - 10 años (%),26.Ene.26,4.21
rend_bono10_usa,PD04719XD,diaria,Tasas de interés internacionales - Bonos del Tesoro EE.UU. - 10 años (%),27.Ene.26,4.25
rend_bono10_usa,PD04719XD,diaria,Tasas de interés internacionales - Bonos del Tesoro EE.UU. - 10 años (%),28.Ene.26,4.24
rend_bono10_usa,PD04719XD,diaria,Tasas de interés internacionales - Bonos del Tesoro EE.UU. - 10 años (%),29.Ene.26,4.23
rend_bono10_usa,PD04719XD,diaria,Tasas de interés internacionales - Bonos del Tesoro EE.UU. - 10 años (%),30.Ene.26,4.24
rend_bono10_usa,PD04719XD,diaria,Tasas de interés internacionales - Bonos del Tesoro EE.UU. - 10 años (%),02.Feb.26,4.28
rend_bono10_usa,PD04719XD,diaria,Tasas de interés internacionales - Bonos del Tesoro EE.UU. - 10 años (%),03.Feb.26,4.27
rend_bono10_usa,PD04719XD,diaria,Tasas de interés internacionales - Bonos del Tesoro EE.UU. - 10 años (%),04.Feb.26,4.28
rend_bono10_usa,PD04719XD,diaria,Tasas de interés internacionales - Bonos del Tesoro EE.UU. - 10 años (%),05.Feb.26,4.18
rend_bono10_usa,PD04719XD,diaria,Tasas de interés internacionales - Bonos del Tesoro EE.UU. - 10 años (%),06.Feb.26,4.21
rend_bono10_usa,PD04719XD,diaria,Tasas de interés internacionales - Bonos del Tesoro EE.UU. - 10 años (%),09.Feb.26,4.2
rend_bono10_usa,PD04719XD,diaria,Tasas de interés internacionales - Bonos del Tesoro EE.UU. - 10 años (%),10.Feb.26,4.15
rend_bono10_usa,PD04719XD,diaria,Tasas de interés internacionales - Bonos del Tesoro EE.UU. - 10 años (%),11.Feb.26,4.173
rend_bono10_usa,PD04719XD,diaria,Tasas de interés internacionales - Bonos del Tesoro EE.UU. - 10 años (%),12.Feb.26,4.1
rend_bono10_usa,PD04719XD,diaria,Tasas de interés internacionales - Bonos del Tesoro EE.UU. - 10 años (%),13.Feb.26,4.05
rend_bono10_usa,PD04719XD,diaria,Tasas de interés internacionales - Bonos del Tesoro EE.UU. - 10 años (%),16.Feb.26,4.05
rend_bono10_usa,PD04719XD,diaria,Tasas de interés internacionales - Bonos del Tesoro EE.UU. - 10 años (%),17.Feb.26,4.06
rend_bono10_usa,PD04719XD,diaria,Tasas de interés internacionales - Bonos del Tesoro EE.UU. - 10 años (%),18.Feb.26,4.084
rend_bono10_usa,PD04719XD,diaria,Tasas de interés internacionales - Bonos del Tesoro EE.UU. - 10 años (%),19.Feb.26,4.068
rend_bono10_usa,PD04719XD,diaria,Tasas de interés internacionales - Bonos del Tesoro EE.UU. - 10 años (%),20.Feb.26,4.085
rend_bono10_usa,PD04719XD,diaria,Tasas de interés internacionales - Bonos del Tesoro EE.UU. - 10 años (%),23.Feb.26,4.033
rend_bono10_usa,PD04719XD,diaria,Tasas de interés internacionales - Bonos del Tesoro EE.UU. - 10 años (%),24.Feb.26,4.031
rend_bono10_usa,PD04719XD,diaria,Tasas de interés internacionales - Bonos del Tesoro EE.UU. - 10 años (%),25.Feb.26,4.054
rend_bono10_usa,PD04719XD,diaria,Tasas de interés internacionales - Bonos del Tesoro EE.UU. - 10 años (%),26.Feb.26,4.005
rend_bono10_usa,PD04719XD,diaria,Tasas de interés internacionales - Bonos del Tesoro EE.UU. - 10 años (%),27.Feb.26,3.941
rend_bono10_usa,PD04719XD,diaria,Tasas de interés internacionales - Bonos del Tesoro EE.UU. - 10 años (%),02.Mar.26,4.036
rend_bono10_usa,PD04719XD,diaria,Tasas de interés internacionales - Bonos del Tesoro EE.UU. - 10 años (%),03.Mar.26,4.061
rend_bono10_usa,PD04719XD,diaria,Tasas de interés internacionales - Bonos del Tesoro EE.UU. - 10 años (%),04.Mar.26,4.098
rend_bono10_usa,PD04719XD,diaria,Tasas de interés internacionales - Bonos del Tesoro EE.UU. - 10 años (%),05.Mar.26,4.137
rend_bono10_usa,PD04719XD,diaria,Tasas de interés internacionales - Bonos del Tesoro EE.UU. - 10 años (%),06.Mar.26,4.14
rend_bono10_usa,PD04719XD,diaria,Tasas de interés internacionales - Bonos del Tesoro EE.UU. - 10 años (%),09.Mar.26,4.098
rend_bono10_usa,PD04719XD,diaria,Tasas de interés internacionales - Bonos del Tesoro EE.UU. - 10 años (%),10.Mar.26,4.158
rend_bono10_usa,PD04719XD,diaria,Tasas de interés internacionales - Bonos del Tesoro EE.UU. - 10 años (%),11.Mar.26,4.232
rend_bono10_usa,PD04719XD,diaria,Tasas de interés internacionales - Bonos del Tesoro EE.UU. - 10 años (%),12.Mar.26,4.263
rend_bono10_usa,PD04719XD,diaria,Tasas de interés internacionales - Bonos del Tesoro EE.UU. - 10 años (%),13.Mar.26,4.278
rend_bono10_usa,PD04719XD,diaria,Tasas de interés internacionales - Bonos del Tesoro EE.UU. - 10 años (%),16.Mar.26,4.218
rend_bono10_usa,PD04719XD,diaria,Tasas de interés internacionales - Bonos del Tesoro EE.UU. - 10 años (%),17.Mar.26,4.2
rend_bono10_usa,PD04719XD,diaria,Tasas de interés internacionales - Bonos del Tesoro EE.UU. - 10 años (%),18.Mar.26,4.267
rend_bono10_usa,PD04719XD,diaria,Tasas de interés internacionales - Bonos del Tesoro EE.UU. - 10 años (%),19.Mar.26,4.251
rend_bono10_usa,PD04719XD,diaria,Tasas de interés internacionales - Bonos del Tesoro EE.UU. - 10 años (%),20.Mar.26,4.382
rend_bono10_usa,PD04719XD,diaria,Tasas de interés internacionales - Bonos del Tesoro EE.UU. - 10 años (%),23.Mar.26,4.345
rend_bono10_usa,PD04719XD,diaria,Tasas de interés internacionales - Bonos del Tesoro EE.UU. - 10 años (%),24.Mar.26,4.364
rend_bono10_usa,PD04719XD,diaria,Tasas de interés internacionales - Bonos del Tesoro EE.UU. - 10 años (%),25.Mar.26,4.334
rend_bono10_usa,PD04719XD,diaria,Tasas de interés internacionales - Bonos del Tesoro EE.UU. - 10 años (%),26.Mar.26,4.415
rend_bono10_usa,PD04719XD,diaria,Tasas de interés internacionales - Bonos del Tesoro EE.UU. - 10 años (%),27.Mar.26,4.43
rend_bono10_usa,PD04719XD,diaria,Tasas de interés internacionales - Bonos del Tesoro EE.UU. - 10 años (%),30.Mar.26,4.35
rend_bono10_usa,PD04719XD,diaria,Tasas de interés internacionales - Bonos del Tesoro EE.UU. - 10 años (%),31.Mar.26,4.319
rend_bono10_usa,PD04719XD,diaria,Tasas de interés internacionales - Bonos del Tesoro EE.UU. - 10 años (%),01.Abr.26,4.32
rend_bono10_usa,PD04719XD,diaria,Tasas de interés internacionales - Bonos del Tesoro EE.UU. - 10 años (%),02.Abr.26,4.307
rend_bono10_usa,PD04719XD,diaria,Tasas de interés internacionales - Bonos del Tesoro EE.UU. - 10 años (%),03.Abr.26,4.346
rend_bono10_usa,PD04719XD,diaria,Tasas de interés internacionales - Bonos del Tesoro EE.UU. - 10 años (%),06.Abr.26,4.333
rend_bono10_usa,PD04719XD,diaria,Tasas de interés internacionales - Bonos del Tesoro EE.UU. - 10 años (%),07.Abr.26,4.295
rend_bono10_usa,PD04719XD,diaria,Tasas de interés internacionales - Bonos del Tesoro EE.UU. - 10 años (%),08.Abr.26,4.293
rend_bono10_usa,PD04719XD,diaria,Tasas de interés internacionales - Bonos del Tesoro EE.UU. - 10 años (%),09.Abr.26,4.276
rend_bono10_usa,PD04719XD,diaria,Tasas de interés internacionales - Bonos del Tesoro EE.UU. - 10 años (%),10.Abr.26,4.319
rend_bono10_usa,PD04719XD,diaria,Tasas de interés internacionales - Bonos del Tesoro EE.UU. - 10 años (%),13.Abr.26,4.294
rend_bono10_usa,PD04719XD,diaria,Tasas de interés internacionales - Bonos del Tesoro EE.UU. - 10 años (%),14.Abr.26,4.249
rend_bono10_usa,PD04719XD,diaria,Tasas de interés internacionales - Bonos del Tesoro EE.UU. - 10 años (%),15.Abr.26,4.285
rend_bono10_usa,PD04719XD,diaria,Tasas de interés internacionales - Bonos del Tesoro EE.UU. - 10 años (%),16.Abr.26,4.313
rend_bono10_usa,PD04719XD,diaria,Tasas de interés internacionales - Bonos del Tesoro EE.UU. - 10 años (%),17.Abr.26,4.25
rend_bono10_usa,PD04719XD,diaria,Tasas de interés internacionales - Bonos del Tesoro EE.UU. - 10 años (%),20.Abr.26,4.252
rend_bono10_usa,PD04719XD,diaria,Tasas de interés internacionales - Bonos del Tesoro EE.UU. - 10 años (%),21.Abr.26,4.293
rend_bono10_usa,PD04719XD,diaria,Tasas de interés internacionales - Bonos del Tesoro EE.UU. - 10 años (%),22.Abr.26,4.303
rend_bono10_usa,PD04719XD,diaria,Tasas de interés internacionales - Bonos del Tesoro EE.UU. - 10 años (%),23.Abr.26,4.326
rend_bono10_usa,PD04719XD,diaria,Tasas de interés internacionales - Bonos del Tesoro EE.UU. - 10 años (%),24.Abr.26,4.302
rend_bono10_usa,PD04719XD,diaria,Tasas de interés internacionales - Bonos del Tesoro EE.UU. - 10 años (%),27.Abr.26,4.341
rend_bono10_usa,PD04719XD,diaria,Tasas de interés internacionales - Bonos del Tesoro EE.UU. - 10 años (%),28.Abr.26,4.347
rend_bono10_usa,PD04719XD,diaria,Tasas de interés internacionales - Bonos del Tesoro EE.UU. - 10 años (%),29.Abr.26,4.431
rend_bono10_usa,PD04719XD,diaria,Tasas de interés internacionales - Bonos del Tesoro EE.UU. - 10 años (%),30.Abr.26,4.372
rend_bono10_usa,PD04719XD,diaria,Tasas de interés internacionales - Bonos del Tesoro EE.UU. - 10 años (%),01.May.26,4.371
rend_bono10_usa,PD04719XD,diaria,Tasas de interés internacionales - Bonos del Tesoro EE.UU. - 10 años (%),04.May.26,4.439
rend_bono10_usa,PD04719XD,diaria,Tasas de interés internacionales - Bonos del Tesoro EE.UU. - 10 años (%),05.May.26,4.425
rend_bono10_usa,PD04719XD,diaria,Tasas de interés internacionales - Bonos del Tesoro EE.UU. - 10 años (%),06.May.26,4.349
rend_bono10_usa,PD04719XD,diaria,Tasas de interés internacionales - Bonos del Tesoro EE.UU. - 10 años (%),07.May.26,4.387
rend_bono10_usa,PD04719XD,diaria,Tasas de interés internacionales - Bonos del Tesoro EE.UU. - 10 años (%),08.May.26,4.355
rend_bono10_usa,PD04719XD,diaria,Tasas de interés internacionales - Bonos del Tesoro EE.UU. - 10 años (%),11.May.26,4.414
rend_bono10_usa,PD04719XD,diaria,Tasas de interés internacionales - Bonos del Tesoro EE.UU. - 10 años (%),12.May.26,4.463
rend_bono10_usa,PD04719XD,diaria,Tasas de interés internacionales - Bonos del Tesoro EE.UU. - 10 años (%),13.May.26,4.469
rend_bono10_usa,PD04719XD,diaria,Tasas de interés internacionales - Bonos del Tesoro EE.UU. - 10 años (%),14.May.26,4.483
rend_bono10_usa,PD04719XD,diaria,Tasas de interés internacionales - Bonos del Tesoro EE.UU. - 10 años (%),15.May.26,4.594
rend_bono10_usa,PD04719XD,diaria,Tasas de interés internacionales - Bonos del Tesoro EE.UU. - 10 años (%),18.May.26,4.588
rend_bono10_usa,PD04719XD,diaria,Tasas de interés internacionales - Bonos del Tesoro EE.UU. - 10 años (%),19.May.26,4.667
rend_bono10_usa,PD04719XD,diaria,Tasas de interés internacionales - Bonos del Tesoro EE.UU. - 10 años (%),20.May.26,4.586
rend_bono10_usa,PD04719XD,diaria,Tasas de interés internacionales - Bonos del Tesoro EE.UU. - 10 años (%),21.May.26,4.572
rend_bono10_usa,PD04719XD,diaria,Tasas de interés internacionales - Bonos del Tesoro EE.UU. - 10 años (%),22.May.26,4.559
rend_bono10_usa,PD04719XD,diaria,Tasas de interés internacionales - Bonos del Tesoro EE.UU. - 10 años (%),25.May.26,4.559
rend_bono10_usa,PD04719XD,diaria,Tasas de interés internacionales - Bonos del Tesoro EE.UU. - 10 años (%),26.May.26,4.486
rend_bono10_usa,PD04719XD,diaria,Tasas de interés internacionales - Bonos del Tesoro EE.UU. - 10 años (%),27.May.26,4.484
rend_bono10_usa,PD04719XD,diaria,Tasas de interés internacionales - Bonos del Tesoro EE.UU. - 10 años (%),28.May.26,4.448
rend_bono10_usa,PD04719XD,diaria,Tasas de interés internacionales - Bonos del Tesoro EE.UU. - 10 años (%),29.May.26,4.437
rend_bono10_usa,PD04719XD,diaria,Tasas de interés internacionales - Bonos del Tesoro EE.UU. - 10 años (%),01.Jun.26,4.454
rend_bono10_usa,PD04719XD,diaria,Tasas de interés internacionales - Bonos del Tesoro EE.UU. - 10 años (%),02.Jun.26,4.444
rend_bono10_usa,PD04719XD,diaria,Tasas de interés internacionales - Bonos del Tesoro EE.UU. - 10 años (%),03.Jun.26,4.496
rend_bono10_usa,PD04719XD,diaria,Tasas de interés internacionales - Bonos del Tesoro EE.UU. - 10 años (%),04.Jun.26,4.475
rend_bono10_usa,PD04719XD,diaria,Tasas de interés internacionales - Bonos del Tesoro EE.UU. - 10 años (%),05.Jun.26,4.531
rend_bono10_usa,PD04719XD,diaria,Tasas de interés internacionales - Bonos del Tesoro EE.UU. - 10 años (%),08.Jun.26,4.564
rend_bono10_usa,PD04719XD,diaria,Tasas de interés internacionales - Bonos del Tesoro EE.UU. - 10 años (%),09.Jun.26,4.518
rend_bono10_usa,PD04719XD,diaria,Tasas de interés internacionales - Bonos del Tesoro EE.UU. - 10 años (%),10.Jun.26,4.553
rend_bono10_usa,PD04719XD,diaria,Tasas de interés internacionales - Bonos del Tesoro EE.UU. - 10 años (%),11.Jun.26,4.462
rend_bono10_usa,PD04719XD,diaria,Tasas de interés internacionales - Bonos del Tesoro EE.UU. - 10 años (%),12.Jun.26,4.481
rend_bono10_usa,PD04719XD,diaria,Tasas de interés internacionales - Bonos del Tesoro EE.UU. - 10 años (%),15.Jun.26,4.475
rend_bono10_usa,PD04719XD,diaria,Tasas de interés internacionales - Bonos del Tesoro EE.UU. - 10 años (%),16.Jun.26,4.44
rend_bono10_usa,PD04719XD,diaria,Tasas de interés internacionales - Bonos del Tesoro EE.UU. - 10 años (%),17.Jun.26,4.489
rend_bono10_usa,PD04719XD,diaria,Tasas de interés internacionales - Bonos del Tesoro EE.UU. - 10 años (%),18.Jun.26,4.455
rend_bono10_usa,PD04719XD,diaria,Tasas de interés internacionales - Bonos del Tesoro EE.UU. - 10 años (%),19.Jun.26,4.455
rend_bono10_usa,PD04719XD,diaria,Tasas de interés internacionales - Bonos del Tesoro EE.UU. - 10 años (%),22.Jun.26,4.51
rend_bono10_usa,PD04719XD,diaria,Tasas de interés internacionales - Bonos del Tesoro EE.UU. - 10 años (%),23.Jun.26,4.498
rend_bono10_usa,PD04719XD,diaria,Tasas de interés internacionales - Bonos del Tesoro EE.UU. - 10 años (%),24.Jun.26,4.393
rend_bono10_usa,PD04719XD,diaria,Tasas de interés internacionales - Bonos del Tesoro EE.UU. - 10 años (%),25.Jun.26,4.394
rend_bono10_usa,PD04719XD,diaria,Tasas de interés internacionales - Bonos del Tesoro EE.UU. - 10 años (%),26.Jun.26,4.371
rend_bono10_usa,PD04719XD,diaria,Tasas de interés internacionales - Bonos del Tesoro EE.UU. - 10 años (%),29.Jun.26,4.376
rend_bono10_usa,PD04719XD,diaria,Tasas de interés internacionales - Bonos del Tesoro EE.UU. - 10 años (%),30.Jun.26,4.466
rend_bono10_usa,PD04719XD,diaria,Tasas de interés internacionales - Bonos del Tesoro EE.UU. - 10 años (%),01.Jul.26,4.48
rend_bono10_usa,PD04719XD,diaria,Tasas de interés internacionales - Bonos del Tesoro EE.UU. - 10 años (%),02.Jul.26,4.485
rend_bono10_usa,PD04719XD,diaria,Tasas de interés internacionales - Bonos del Tesoro EE.UU. - 10 años (%),03.Jul.26,4.485
rend_bono10_usa,PD04719XD,diaria,Tasas de interés internacionales - Bonos del Tesoro EE.UU. - 10 años (%),06.Jul.26,4.47
rend_bono10_usa,PD04719XD,diaria,Tasas de interés internacionales - Bonos del Tesoro EE.UU. - 10 años (%),07.Jul.26,4.552
rend_bono10_usa,PD04719XD,diaria,Tasas de interés internacionales - Bonos del Tesoro EE.UU. - 10 años (%),08.Jul.26,4.581
rend_bono10_usa,PD04719XD,diaria,Tasas de interés internacionales - Bonos del Tesoro EE.UU. - 10 años (%),09.Jul.26,4.553
rend_bono10_usa,PD04719XD,diaria,Tasas de interés internacionales - Bonos del Tesoro EE.UU. - 10 años (%),10.Jul.26,4.562
rend_bono10_usa,PD04719XD,diaria,Tasas de interés internacionales - Bonos del Tesoro EE.UU. - 10 años (%),13.Jul.26,4.625
rend_bono10_usa,PD04719XD,diaria,Tasas de interés internacionales - Bonos del Tesoro EE.UU. - 10 años (%),14.Jul.26,4.591
rend_bono10_usa,PD04719XD,diaria,Tasas de interés internacionales - Bonos del Tesoro EE.UU. - 10 años (%),15.Jul.26,4.549
rend_bono10_usa,PD04719XD,diaria,Tasas de interés internacionales - Bonos del Tesoro EE.UU. - 10 años (%),16.Jul.26,4.554
rend_bono10_usa,PD04719XD,diaria,Tasas de interés internacionales - Bonos del Tesoro EE.UU. - 10 años (%),17.Jul.26,4.549
rend_bono10_usa,PD04719XD,diaria,Tasas de interés internacionales - Bonos del Tesoro EE.UU. - 10 años (%),20.Jul.26,4.593
rend_bono10_usa,PD04719XD,diaria,Tasas de interés internacionales - Bonos del Tesoro EE.UU. - 10 años (%),21.Jul.26,4.629
rend_bono10_usa,PD04719XD,diaria,Tasas de interés internacionales - Bonos del Tesoro EE.UU. - 10 años (%),22.Jul.26,4.656
rend_bono10_usa,PD04719XD,diaria,Tasas de interés internacionales - Bonos del Tesoro EE.UU. - 10 años (%),23.Jul.26,4.694
rend_bono10_usa,PD04719XD,diaria,Tasas de interés internacionales - Bonos del Tesoro EE.UU. - 10 años (%),24.Jul.26,4.678
rend_bono10_usa,PD04719XD,diaria,Tasas de interés internacionales - Bonos del Tesoro EE.UU. - 10 años (%),27.Jul.26,4.65
rend_bono10_usa,PD04719XD,diaria,Tasas de interés internacionales - Bonos del Tesoro EE.UU. - 10 años (%),28.Jul.26,4.607
rend_bono10_usa,PD04719XD,diaria,Tasas de interés internacionales - Bonos del Tesoro EE.UU. - 10 años (%),29.Jul.26,4.679
rend_bono10_usa,PD04719XD,diaria,Tasas de interés internacionales - Bonos del Tesoro EE.UU. - 10 años (%),30.Jul.26,4.674
rend_bono10_usa,PD04719XD,diaria,Tasas de interés internacionales - Bonos del Tesoro EE.UU. - 10 años (%),31.Jul.26,4.736
rend_bono10_usa,PD04719XD,diaria,Tasas de interés internacionales - Bonos del Tesoro EE.UU. - 10 años (%),03.Ago.26,4.678
rend_bono10_usa,PD04719XD,diaria,Tasas de interés internacionales - Bonos del Tesoro EE.UU. - 10 años (%),04.Ago.26,4.615
rend_bono10_usa,PD04719XD,diaria,Tasas de interés internacionales - Bonos del Tesoro EE.UU. - 10 años (%),05.Ago.26,4.615
rend_bono10_usa,PD04719XD,diaria,Tasas de interés internacionales - Bonos del Tesoro EE.UU. - 10 años (%),06.Ago.26,4.681
rend_bono10_usa,PD04719XD,diaria,Tasas de interés internacionales - Bonos del Tesoro EE.UU. - 10 años (%),07.Ago.26,4.646
rend_bono10_usa,PD04719XD,diaria,Tasas de interés internacionales - Bonos del Tesoro EE.UU. - 10 años (%),10.Ago.26,4.708
rend_bono10_usa,PD04719XD,diaria,Tasas de interés internacionales - Bonos del Tesoro EE.UU. - 10 años (%),11.Ago.26,4.69
rend_bono10_usa,PD04719XD,diaria,Tasas de interés internacionales - Bonos del Tesoro EE.UU. - 10 años (%),12.Ago.26,4.695
rend_bono10_usa,PD04719XD,diaria,Tasas de interés internacionales - Bonos del Tesoro EE.UU. - 10 años (%),13.Ago.26,4.644
rend_bono10_usa,PD04719XD,diaria,Tasas de interés internacionales - Bonos del Tesoro EE.UU. - 10 años (%),14.Ago.26,4.693
rend_bono10_usa,PD04719XD,diaria,Tasas de interés internacionales - Bonos del Tesoro EE.UU. - 10 años (%),17.Ago.26,4.723
rend_bono10_usa,PD04719XD,diaria,Tasas de interés internacionales - Bonos del Tesoro EE.UU. - 10 años (%),18.Ago.26,4.705
rend_bono10_usa,PD04719XD,diaria,Tasas de interés internacionales - Bonos del Tesoro EE.UU. - 10 años (%),19.Ago.26,4.648
rend_bono10_usa,PD04719XD,diaria,Tasas de interés internacionales - Bonos del Tesoro EE.UU. - 10 años (%),20.Ago.26,4.706
rend_bono10_usa,PD04719XD,diaria,Tasas de interés internacionales - Bonos del Tesoro EE.UU. - 10 años (%),21.Ago.26,4.735
rend_bono10_usa,PD04719XD,diaria,Tasas de interés internacionales - Bonos del Tesoro EE.UU. - 10 años (%),24.Ago.26,4.698
rend_bono10_usa,PD04719XD,diaria,Tasas de interés internacionales - Bonos del Tesoro EE.UU. - 10 años (%),25.Ago.26,4.63
rend_bono10_usa,PD04719XD,diaria,Tasas de interés internacionales - Bonos del Tesoro EE.UU. - 10 años (%),26.Ago.26,4.648
rend_bono10_usa,PD04719XD,diaria,Tasas de interés internacionales - Bonos del Tesoro EE.UU. - 10 años (%),27.Ago.26,4.677
rend_bono10_usa,PD04719XD,diaria,Tasas de interés internacionales - Bonos del Tesoro EE.UU. - 10 años (%),28.Ago.26,4.72
rend_bono10_usa,PD04719XD,diaria,Tasas de interés internacionales - Bonos del Tesoro EE.UU. - 10 años (%),31.Ago.26,4.751
tipo_cambio,PD04640PD,diaria,Tipo de cambio - TC Sistema bancario SBS (S/ por US$) - Venta,04.Ene.21,3.628
tipo_cambio,PD04640PD,diaria,Tipo de cambio - TC Sistema bancario SBS (S/ por US$) - Venta,05.Ene.21,3.631
tipo_cambio,PD04640PD,diaria,Tipo de cambio - TC Sistema bancario SBS (S/ por US$) - Venta,06.Ene.21,3.63
tipo_cambio,PD04640PD,diaria,Tipo de cambio - TC Sistema bancario SBS (S/ por US$) - Venta,07.Ene.21,3.623
tipo_cambio,PD04640PD,diaria,Tipo de cambio - TC Sistema bancario SBS (S/ por US$) - Venta,08.Ene.21,3.615
tipo_cambio,PD04640PD,diaria,Tipo de cambio - TC Sistema bancario SBS (S/ por US$) - Venta,11.Ene.21,3.618
tipo_cambio,PD04640PD,diaria,Tipo de cambio - TC Sistema bancario SBS (S/ por US$) - Venta,12.Ene.21,3.608
tipo_cambio,PD04640PD,diaria,Tipo de cambio - TC Sistema bancario SBS (S/ por US$) - Venta,13.Ene.21,3.615
tipo_cambio,PD04640PD,diaria,Tipo de cambio - TC Sistema bancario SBS (S/ por US$) - Venta,14.Ene.21,3.613
tipo_cambio,PD04640PD,diaria,Tipo de cambio - TC Sistema bancario SBS (S/ por US$) - Venta,15.Ene.21,3.614
tipo_cambio,PD04640PD,diaria,Tipo de cambio - TC Sistema bancario SBS (S/ por US$) - Venta,18.Ene.21,3.617
tipo_cambio,PD04640PD,diaria,Tipo de cambio - TC Sistema bancario SBS (S/ por US$) - Venta,19.Ene.21,3.615
tipo_cambio,PD04640PD,diaria,Tipo de cambio - TC Sistema bancario SBS (S/ por US$) - Venta,20.Ene.21,3.615
tipo_cambio,PD04640PD,diaria,Tipo de cambio - TC Sistema bancario SBS (S/ por US$) - Venta,21.Ene.21,3.622
tipo_cambio,PD04640PD,diaria,Tipo de cambio - TC Sistema bancario SBS (S/ por US$) - Venta,22.Ene.21,3.634
tipo_cambio,PD04640PD,diaria,Tipo de cambio - TC Sistema bancario SBS (S/ por US$) - Venta,25.Ene.21,3.645
tipo_cambio,PD04640PD,diaria,Tipo de cambio - TC Sistema bancario SBS (S/ por US$) - Venta,26.Ene.21,3.647
tipo_cambio,PD04640PD,diaria,Tipo de cambio - TC Sistema bancario SBS (S/ por US$) - Venta,27.Ene.21,3.653
tipo_cambio,PD04640PD,diaria,Tipo de cambio - TC Sistema bancario SBS (S/ por US$) - Venta,28.Ene.21,3.647
tipo_cambio,PD04640PD,diaria,Tipo de cambio - TC Sistema bancario SBS (S/ por US$) - Venta,29.Ene.21,3.642
tipo_cambio,PD04640PD,diaria,Tipo de cambio - TC Sistema bancario SBS (S/ por US$) - Venta,01.Feb.21,3.641
tipo_cambio,PD04640PD,diaria,Tipo de cambio - TC Sistema bancario SBS (S/ por US$) - Venta,02.Feb.21,3.641
tipo_cambio,PD04640PD,diaria,Tipo de cambio - TC Sistema bancario SBS (S/ por US$) - Venta,03.Feb.21,3.64
tipo_cambio,PD04640PD,diaria,Tipo de cambio - TC Sistema bancario SBS (S/ por US$) - Venta,04.Feb.21,3.647
tipo_cambio,PD04640PD,diaria,Tipo de cambio - TC Sistema bancario SBS (S/ por US$) - Venta,05.Feb.21,3.64
tipo_cambio,PD04640PD,diaria,Tipo de cambio - TC Sistema bancario SBS (S/ por US$) - Venta,08.Feb.21,3.644
tipo_cambio,PD04640PD,diaria,Tipo de cambio - TC Sistema bancario SBS (S/ por US$) - Venta,09.Feb.21,3.645
tipo_cambio,PD04640PD,diaria,Tipo de cambio - TC Sistema bancario SBS (S/ por US$) - Venta,10.Feb.21,3.64
tipo_cambio,PD04640PD,diaria,Tipo de cambio - TC Sistema bancario SBS (S/ por US$) - Venta,11.Feb.21,3.64
tipo_cambio,PD04640PD,diaria,Tipo de cambio - TC Sistema bancario SBS (S/ por US$) - Venta,12.Feb.21,3.646
tipo_cambio,PD04640PD,diaria,Tipo de cambio - TC Sistema bancario SBS (S/ por US$) - Venta,15.Feb.21,3.647
tipo_cambio,PD04640PD,diaria,Tipo de cambio - TC Sistema bancario SBS (S/ por US$) - Venta,16.Feb.21,3.652
tipo_cambio,PD04640PD,diaria,Tipo de cambio - TC Sistema bancario SBS (S/ por US$) - Venta,17.Feb.21,3.655
tipo_cambio,PD04640PD,diaria,Tipo de cambio - TC Sistema bancario SBS (S/ por US$) - Venta,18.Feb.21,3.652
tipo_cambio,PD04640PD,diaria,Tipo de cambio - TC Sistema bancario SBS (S/ por US$) - Venta,19.Feb.21,3.655
tipo_cambio,PD04640PD,diaria,Tipo de cambio - TC Sistema bancario SBS (S/ por US$) - Venta,22.Feb.21,3.657
tipo_cambio,PD04640PD,diaria,Tipo de cambio - TC Sistema bancario SBS (S/ por US$) - Venta,23.Feb.21,3.656
tipo_cambio,PD04640PD,diaria,Tipo de cambio - TC Sistema bancario SBS (S/ por US$) - Venta,24.Feb.21,3.653
tipo_cambio,PD04640PD,diaria,Tipo de cambio - TC Sistema bancario SBS (S/ por US$) - Venta,25.Feb.21,3.649
tipo_cambio,PD04640PD,diaria,Tipo de cambio - TC Sistema bancario SBS (S/ por US$) - Venta,26.Feb.21,3.651
tipo_cambio,PD04640PD,diaria,Tipo de cambio - TC Sistema bancario SBS (S/ por US$) - Venta,01.Mar.21,3.656
tipo_cambio,PD04640PD,diaria,Tipo de cambio - TC Sistema bancario SBS (S/ por US$) - Venta,02.Mar.21,3.665
tipo_cambio,PD04640PD,diaria,Tipo de cambio - TC Sistema bancario SBS (S/ por US$) - Venta,03.Mar.21,3.675
tipo_cambio,PD04640PD,diaria,Tipo de cambio - TC Sistema bancario SBS (S/ por US$) - Venta,04.Mar.21,3.676
tipo_cambio,PD04640PD,diaria,Tipo de cambio - TC Sistema bancario SBS (S/ por US$) - Venta,05.Mar.21,3.693
tipo_cambio,PD04640PD,diaria,Tipo de cambio - TC Sistema bancario SBS (S/ por US$) - Venta,08.Mar.21,3.704
tipo_cambio,PD04640PD,diaria,Tipo de cambio - TC Sistema bancario SBS (S/ por US$) - Venta,09.Mar.21,3.705
tipo_cambio,PD04640PD,diaria,Tipo de cambio - TC Sistema bancario SBS (S/ por US$) - Venta,10.Mar.21,3.696
tipo_cambio,PD04640PD,diaria,Tipo de cambio - TC Sistema bancario SBS (S/ por US$) - Venta,11.Mar.21,3.695
tipo_cambio,PD04640PD,diaria,Tipo de cambio - TC Sistema bancario SBS (S/ por US$) - Venta,12.Mar.21,3.705
tipo_cambio,PD04640PD,diaria,Tipo de cambio - TC Sistema bancario SBS (S/ por US$) - Venta,15.Mar.21,3.719
tipo_cambio,PD04640PD,diaria,Tipo de cambio - TC Sistema bancario SBS (S/ por US$) - Venta,16.Mar.21,3.708
tipo_cambio,PD04640PD,diaria,Tipo de cambio - TC Sistema bancario SBS (S/ por US$) - Venta,17.Mar.21,3.709
tipo_cambio,PD04640PD,diaria,Tipo de cambio - TC Sistema bancario SBS (S/ por US$) - Venta,18.Mar.21,3.707
tipo_cambio,PD04640PD,diaria,Tipo de cambio - TC Sistema bancario SBS (S/ por US$) - Venta,19.Mar.21,3.715
tipo_cambio,PD04640PD,diaria,Tipo de cambio - TC Sistema bancario SBS (S/ por US$) - Venta,22.Mar.21,3.723
tipo_cambio,PD04640PD,diaria,Tipo de cambio - TC Sistema bancario SBS (S/ por US$) - Venta,23.Mar.21,3.719
tipo_cambio,PD04640PD,diaria,Tipo de cambio - TC Sistema bancario SBS (S/ por US$) - Venta,24.Mar.21,3.724
tipo_cambio,PD04640PD,diaria,Tipo de cambio - TC Sistema bancario SBS (S/ por US$) - Venta,25.Mar.21,3.734
tipo_cambio,PD04640PD,diaria,Tipo de cambio - TC Sistema bancario SBS (S/ por US$) - Venta,26.Mar.21,3.739
tipo_cambio,PD04640PD,diaria,Tipo de cambio - TC Sistema bancario SBS (S/ por US$) - Venta,29.Mar.21,3.75
tipo_cambio,PD04640PD,diaria,Tipo de cambio - TC Sistema bancario SBS (S/ por US$) - Venta,30.Mar.21,3.763
tipo_cambio,PD04640PD,diaria,Tipo de cambio - TC Sistema bancario SBS (S/ por US$) - Venta,31.Mar.21,3.758
tipo_cambio,PD04640PD,diaria,Tipo de cambio - TC Sistema bancario SBS (S/ por US$) - Venta,01.Abr.21,n.d.
tipo_cambio,PD04640PD,diaria,Tipo de cambio - TC Sistema bancario SBS (S/ por US$) - Venta,02.Abr.21,n.d.
tipo_cambio,PD04640PD,diaria,Tipo de cambio - TC Sistema bancario SBS (S/ por US$) - Venta,05.Abr.21,3.721
tipo_cambio,PD04640PD,diaria,Tipo de cambio - TC Sistema bancario SBS (S/ por US$) - Venta,06.Abr.21,3.661
tipo_cambio,PD04640PD,diaria,Tipo de cambio - TC Sistema bancario SBS (S/ por US$) - Venta,07.Abr.21,3.625
tipo_cambio,PD04640PD,diaria,Tipo de cambio - TC Sistema bancario SBS (S/ por US$) - Venta,08.Abr.21,3.599
tipo_cambio,PD04640PD,diaria,Tipo de cambio - TC Sistema bancario SBS (S/ por US$) - Venta,09.Abr.21,3.624
tipo_cambio,PD04640PD,diaria,Tipo de cambio - TC Sistema bancario SBS (S/ por US$) - Venta,12.Abr.21,3.654
tipo_cambio,PD04640PD,diaria,Tipo de cambio - TC Sistema bancario SBS (S/ por US$) - Venta,13.Abr.21,3.626
tipo_cambio,PD04640PD,diaria,Tipo de cambio - TC Sistema bancario SBS (S/ por US$) - Venta,14.Abr.21,3.631
tipo_cambio,PD04640PD,diaria,Tipo de cambio - TC Sistema bancario SBS (S/ por US$) - Venta,15.Abr.21,3.623
tipo_cambio,PD04640PD,diaria,Tipo de cambio - TC Sistema bancario SBS (S/ por US$) - Venta,16.Abr.21,3.633
tipo_cambio,PD04640PD,diaria,Tipo de cambio - TC Sistema bancario SBS (S/ por US$) - Venta,19.Abr.21,3.677
tipo_cambio,PD04640PD,diaria,Tipo de cambio - TC Sistema bancario SBS (S/ por US$) - Venta,20.Abr.21,3.686
tipo_cambio,PD04640PD,diaria,Tipo de cambio - TC Sistema bancario SBS (S/ por US$) - Venta,21.Abr.21,3.705
tipo_cambio,PD04640PD,diaria,Tipo de cambio - TC Sistema bancario SBS (S/ por US$) - Venta,22.Abr.21,3.763
tipo_cambio,PD04640PD,diaria,Tipo de cambio - TC Sistema bancario SBS (S/ por US$) - Venta,23.Abr.21,3.776
tipo_cambio,PD04640PD,diaria,Tipo de cambio - TC Sistema bancario SBS (S/ por US$) - Venta,26.Abr.21,3.831
tipo_cambio,PD04640PD,diaria,Tipo de cambio - TC Sistema bancario SBS (S/ por US$) - Venta,27.Abr.21,3.841
tipo_cambio,PD04640PD,diaria,Tipo de cambio - TC Sistema bancario SBS (S/ por US$) - Venta,28.Abr.21,3.81
tipo_cambio,PD04640PD,diaria,Tipo de cambio - TC Sistema bancario SBS (S/ por US$) - Venta,29.Abr.21,3.794
tipo_cambio,PD04640PD,diaria,Tipo de cambio - TC Sistema bancario SBS (S/ por US$) - Venta,30.Abr.21,3.792
tipo_cambio,PD04640PD,diaria,Tipo de cambio - TC Sistema bancario SBS (S/ por US$) - Venta,03.May.21,3.813
tipo_cambio,PD04640PD,diaria,Tipo de cambio - TC Sistema bancario SBS (S/ por US$) - Venta,04.May.21,3.832
tipo_cambio,PD04640PD,diaria,Tipo de cambio - TC Sistema bancario SBS (S/ por US$) - Venta,05.May.21,3.829
tipo_cambio,PD04640PD,diaria,Tipo de cambio - TC Sistema bancario SBS (S/ por US$) - Venta,06.May.21,3.821
tipo_cambio,PD04640PD,diaria,Tipo de cambio - TC Sistema bancario SBS (S/ por US$) - Venta,07.May.21,3.8
tipo_cambio,PD04640PD,diaria,Tipo de cambio - TC Sistema bancario SBS (S/ por US$) - Venta,10.May.21,3.776
tipo_cambio,PD04640PD,diaria,Tipo de cambio - TC Sistema bancario SBS (S/ por US$) - Venta,11.May.21,3.709
tipo_cambio,PD04640PD,diaria,Tipo de cambio - TC Sistema bancario SBS (S/ por US$) - Venta,12.May.21,3.725
tipo_cambio,PD04640PD,diaria,Tipo de cambio - TC Sistema bancario SBS (S/ por US$) - Venta,13.May.21,3.686
tipo_cambio,PD04640PD,diaria,Tipo de cambio - TC Sistema bancario SBS (S/ por US$) - Venta,14.May.21,3.678
tipo_cambio,PD04640PD,diaria,Tipo de cambio - TC Sistema bancario SBS (S/ por US$) - Venta,17.May.21,3.704
tipo_cambio,PD04640PD,diaria,Tipo de cambio - TC Sistema bancario SBS (S/ por US$) - Venta,18.May.21,3.728
tipo_cambio,PD04640PD,diaria,Tipo de cambio - TC Sistema bancario SBS (S/ por US$) - Venta,19.May.21,3.747
tipo_cambio,PD04640PD,diaria,Tipo de cambio - TC Sistema bancario SBS (S/ por US$) - Venta,20.May.21,3.741
tipo_cambio,PD04640PD,diaria,Tipo de cambio - TC Sistema bancario SBS (S/ por US$) - Venta,21.May.21,3.745
tipo_cambio,PD04640PD,diaria,Tipo de cambio - TC Sistema bancario SBS (S/ por US$) - Venta,24.May.21,3.796
tipo_cambio,PD04640PD,diaria,Tipo de cambio - TC Sistema bancario SBS (S/ por US$) - Venta,25.May.21,3.832
tipo_cambio,PD04640PD,diaria,Tipo de cambio - TC Sistema bancario SBS (S/ por US$) - Venta,26.May.21,3.842
tipo_cambio,PD04640PD,diaria,Tipo de cambio - TC Sistema bancario SBS (S/ por US$) - Venta,27.May.21,3.865
tipo_cambio,PD04640PD,diaria,Tipo de cambio - TC Sistema bancario SBS (S/ por US$) - Venta,28.May.21,3.808
tipo_cambio,PD04640PD,diaria,Tipo de cambio - TC Sistema bancario SBS (S/ por US$) - Venta,31.May.21,3.827
tipo_cambio,PD04640PD,diaria,Tipo de cambio - TC Sistema bancario SBS (S/ por US$) - Venta,01.Jun.21,3.845
tipo_cambio,PD04640PD,diaria,Tipo de cambio - TC Sistema bancario SBS (S/ por US$) - Venta,02.Jun.21,3.862
tipo_cambio,PD04640PD,diaria,Tipo de cambio - TC Sistema bancario SBS (S/ por US$) - Venta,03.Jun.21,3.855
tipo_cambio,PD04640PD,diaria,Tipo de cambio - TC Sistema bancario SBS (S/ por US$) - Venta,04.Jun.21,3.827
tipo_cambio,PD04640PD,diaria,Tipo de cambio - TC Sistema bancario SBS (S/ por US$) - Venta,07.Jun.21,3.912
tipo_cambio,PD04640PD,diaria,Tipo de cambio - TC Sistema bancario SBS (S/ por US$) - Venta,08.Jun.21,3.954
tipo_cambio,PD04640PD,diaria,Tipo de cambio - TC Sistema bancario SBS (S/ por US$) - Venta,09.Jun.21,3.894
tipo_cambio,PD04640PD,diaria,Tipo de cambio - TC Sistema bancario SBS (S/ por US$) - Venta,10.Jun.21,3.891
tipo_cambio,PD04640PD,diaria,Tipo de cambio - TC Sistema bancario SBS (S/ por US$) - Venta,11.Jun.21,3.904
tipo_cambio,PD04640PD,diaria,Tipo de cambio - TC Sistema bancario SBS (S/ por US$) - Venta,14.Jun.21,3.909
tipo_cambio,PD04640PD,diaria,Tipo de cambio - TC Sistema bancario SBS (S/ por US$) - Venta,15.Jun.21,3.922
tipo_cambio,PD04640PD,diaria,Tipo de cambio - TC Sistema bancario SBS (S/ por US$) - Venta,16.Jun.21,3.907
tipo_cambio,PD04640PD,diaria,Tipo de cambio - TC Sistema bancario SBS (S/ por US$) - Venta,17.Jun.21,3.917
tipo_cambio,PD04640PD,diaria,Tipo de cambio - TC Sistema bancario SBS (S/ por US$) - Venta,18.Jun.21,3.94
tipo_cambio,PD04640PD,diaria,Tipo de cambio - TC Sistema bancario SBS (S/ por US$) - Venta,21.Jun.21,3.965
tipo_cambio,PD04640PD,diaria,Tipo de cambio - TC Sistema bancario SBS (S/ por US$) - Venta,22.Jun.21,3.975
tipo_cambio,PD04640PD,diaria,Tipo de cambio - TC Sistema bancario SBS (S/ por US$) - Venta,23.Jun.21,3.981
tipo_cambio,PD04640PD,diaria,Tipo de cambio - TC Sistema bancario SBS (S/ por US$) - Venta,24.Jun.21,3.988
tipo_cambio,PD04640PD,diaria,Tipo de cambio - TC Sistema bancario SBS (S/ por US$) - Venta,25.Jun.21,3.985
tipo_cambio,PD04640PD,diaria,Tipo de cambio - TC Sistema bancario SBS (S/ por US$) - Venta,28.Jun.21,3.932
tipo_cambio,PD04640PD,diaria,Tipo de cambio - TC Sistema bancario SBS (S/ por US$) - Venta,29.Jun.21,n.d.
tipo_cambio,PD04640PD,diaria,Tipo de cambio - TC Sistema bancario SBS (S/ por US$) - Venta,30.Jun.21,3.866
tipo_cambio,PD04640PD,diaria,Tipo de cambio - TC Sistema bancario SBS (S/ por US$) - Venta,01.Jul.21,3.866
tipo_cambio,PD04640PD,diaria,Tipo de cambio - TC Sistema bancario SBS (S/ por US$) - Venta,02.Jul.21,3.887
tipo_cambio,PD04640PD,diaria,Tipo de cambio - TC Sistema bancario SBS (S/ por US$) - Venta,05.Jul.21,3.919
tipo_cambio,PD04640PD,diaria,Tipo de cambio - TC Sistema bancario SBS (S/ por US$) - Venta,06.Jul.21,3.951
tipo_cambio,PD04640PD,diaria,Tipo de cambio - TC Sistema bancario SBS (S/ por US$) - Venta,07.Jul.21,3.959
tipo_cambio,PD04640PD,diaria,Tipo de cambio - TC Sistema bancario SBS (S/ por US$) - Venta,08.Jul.21,3.971
tipo_cambio,PD04640PD,diaria,Tipo de cambio - TC Sistema bancario SBS (S/ por US$) - Venta,09.Jul.21,3.966
tipo_cambio,PD04640PD,diaria,Tipo de cambio - TC Sistema bancario SBS (S/ por US$) - Venta,12.Jul.21,3.96
tipo_cambio,PD04640PD,diaria,Tipo de cambio - TC Sistema bancario SBS (S/ por US$) - Venta,13.Jul.21,3.973
tipo_cambio,PD04640PD,diaria,Tipo de cambio - TC Sistema bancario SBS (S/ por US$) - Venta,14.Jul.21,3.967
tipo_cambio,PD04640PD,diaria,Tipo de cambio - TC Sistema bancario SBS (S/ por US$) - Venta,15.Jul.21,3.961
tipo_cambio,PD04640PD,diaria,Tipo de cambio - TC Sistema bancario SBS (S/ por US$) - Venta,16.Jul.21,3.913
tipo_cambio,PD04640PD,diaria,Tipo de cambio - TC Sistema bancario SBS (S/ por US$) - Venta,19.Jul.21,3.939
tipo_cambio,PD04640PD,diaria,Tipo de cambio - TC Sistema bancario SBS (S/ por US$) - Venta,20.Jul.21,3.956
tipo_cambio,PD04640PD,diaria,Tipo de cambio - TC Sistema bancario SBS (S/ por US$) - Venta,21.Jul.21,3.954
tipo_cambio,PD04640PD,diaria,Tipo de cambio - TC Sistema bancario SBS (S/ por US$) - Venta,22.Jul.21,3.944
tipo_cambio,PD04640PD,diaria,Tipo de cambio - TC Sistema bancario SBS (S/ por US$) - Venta,23.Jul.21,3.929
tipo_cambio,PD04640PD,diaria,Tipo de cambio - TC Sistema bancario SBS (S/ por US$) - Venta,26.Jul.21,3.915
tipo_cambio,PD04640PD,diaria,Tipo de cambio - TC Sistema bancario SBS (S/ por US$) - Venta,27.Jul.21,3.924
tipo_cambio,PD04640PD,diaria,Tipo de cambio - TC Sistema bancario SBS (S/ por US$) - Venta,28.Jul.21,n.d.
tipo_cambio,PD04640PD,diaria,Tipo de cambio - TC Sistema bancario SBS (S/ por US$) - Venta,29.Jul.21,n.d.
tipo_cambio,PD04640PD,diaria,Tipo de cambio - TC Sistema bancario SBS (S/ por US$) - Venta,30.Jul.21,4.044
tipo_cambio,PD04640PD,diaria,Tipo de cambio - TC Sistema bancario SBS (S/ por US$) - Venta,02.Ago.21,4.061
tipo_cambio,PD04640PD,diaria,Tipo de cambio - TC Sistema bancario SBS (S/ por US$) - Venta,03.Ago.21,4.081
tipo_cambio,PD04640PD,diaria,Tipo de cambio - TC Sistema bancario SBS (S/ por US$) - Venta,04.Ago.21,4.084
tipo_cambio,PD04640PD,diaria,Tipo de cambio - TC Sistema bancario SBS (S/ por US$) - Venta,05.Ago.21,4.074
tipo_cambio,PD04640PD,diaria,Tipo de cambio - TC Sistema bancario SBS (S/ por US$) - Venta,06.Ago.21,4.09
tipo_cambio,PD04640PD,diaria,Tipo de cambio - TC Sistema bancario SBS (S/ por US$) - Venta,09.Ago.21,4.106
tipo_cambio,PD04640PD,diaria,Tipo de cambio - TC Sistema bancario SBS (S/ por US$) - Venta,10.Ago.21,4.069
tipo_cambio,PD04640PD,diaria,Tipo de cambio - TC Sistema bancario SBS (S/ por US$) - Venta,11.Ago.21,4.088
tipo_cambio,PD04640PD,diaria,Tipo de cambio - TC Sistema bancario SBS (S/ por US$) - Venta,12.Ago.21,4.1
tipo_cambio,PD04640PD,diaria,Tipo de cambio - TC Sistema bancario SBS (S/ por US$) - Venta,13.Ago.21,4.081
tipo_cambio,PD04640PD,diaria,Tipo de cambio - TC Sistema bancario SBS (S/ por US$) - Venta,16.Ago.21,4.079
tipo_cambio,PD04640PD,diaria,Tipo de cambio - TC Sistema bancario SBS (S/ por US$) - Venta,17.Ago.21,4.089
tipo_cambio,PD04640PD,diaria,Tipo de cambio - TC Sistema bancario SBS (S/ por US$) - Venta,18.Ago.21,4.095
tipo_cambio,PD04640PD,diaria,Tipo de cambio - TC Sistema bancario SBS (S/ por US$) - Venta,19.Ago.21,4.111
tipo_cambio,PD04640PD,diaria,Tipo de cambio - TC Sistema bancario SBS (S/ por US$) - Venta,20.Ago.21,4.115
tipo_cambio,PD04640PD,diaria,Tipo de cambio - TC Sistema bancario SBS (S/ por US$) - Venta,23.Ago.21,4.111
tipo_cambio,PD04640PD,diaria,Tipo de cambio - TC Sistema bancario SBS (S/ por US$) - Venta,24.Ago.21,4.095
tipo_cambio,PD04640PD,diaria,Tipo de cambio - TC Sistema bancario SBS (S/ por US$) - Venta,25.Ago.21,4.099
tipo_cambio,PD04640PD,diaria,Tipo de cambio - TC Sistema bancario SBS (S/ por US$) - Venta,26.Ago.21,4.098
tipo_cambio,PD04640PD,diaria,Tipo de cambio - TC Sistema bancario SBS (S/ por US$) - Venta,27.Ago.21,4.078
tipo_cambio,PD04640PD,diaria,Tipo de cambio - TC Sistema bancario SBS (S/ por US$) - Venta,30.Ago.21,n.d.
tipo_cambio,PD04640PD,diaria,Tipo de cambio - TC Sistema bancario SBS (S/ por US$) - Venta,31.Ago.21,4.086
tipo_cambio,PD04640PD,diaria,Tipo de cambio - TC Sistema bancario SBS (S/ por US$) - Venta,01.Set.21,4.087
tipo_cambio,PD04640PD,diaria,Tipo de cambio - TC Sistema bancario SBS (S/ por US$) - Venta,02.Set.21,4.099
tipo_cambio,PD04640PD,diaria,Tipo de cambio - TC Sistema bancario SBS (S/ por US$) - Venta,03.Set.21,4.097
tipo_cambio,PD04640PD,diaria,Tipo de cambio - TC Sistema bancario SBS (S/ por US$) - Venta,06.Set.21,4.105
tipo_cambio,PD04640PD,diaria,Tipo de cambio - TC Sistema bancario SBS (S/ por US$) - Venta,07.Set.21,4.105
tipo_cambio,PD04640PD,diaria,Tipo de cambio - TC Sistema bancario SBS (S/ por US$) - Venta,08.Set.21,4.092
tipo_cambio,PD04640PD,diaria,Tipo de cambio - TC Sistema bancario SBS (S/ por US$) - Venta,09.Set.21,4.101
tipo_cambio,PD04640PD,diaria,Tipo de cambio - TC Sistema bancario SBS (S/ por US$) - Venta,10.Set.21,4.102
tipo_cambio,PD04640PD,diaria,Tipo de cambio - TC Sistema bancario SBS (S/ por US$) - Venta,13.Set.21,4.108
tipo_cambio,PD04640PD,diaria,Tipo de cambio - TC Sistema bancario SBS (S/ por US$) - Venta,14.Set.21,4.105
tipo_cambio,PD04640PD,diaria,Tipo de cambio - TC Sistema bancario SBS (S/ por US$) - Venta,15.Set.21,4.109
tipo_cambio,PD04640PD,diaria,Tipo de cambio - TC Sistema bancario SBS (S/ por US$) - Venta,16.Set.21,4.114
tipo_cambio,PD04640PD,diaria,Tipo de cambio - TC Sistema bancario SBS (S/ por US$) - Venta,17.Set.21,4.113
tipo_cambio,PD04640PD,diaria,Tipo de cambio - TC Sistema bancario SBS (S/ por US$) - Venta,20.Set.21,4.12
tipo_cambio,PD04640PD,diaria,Tipo de cambio - TC Sistema bancario SBS (S/ por US$) - Venta,21.Set.21,4.117
tipo_cambio,PD04640PD,diaria,Tipo de cambio - TC Sistema bancario SBS (S/ por US$) - Venta,22.Set.21,4.113
tipo_cambio,PD04640PD,diaria,Tipo de cambio - TC Sistema bancario SBS (S/ por US$) - Venta,23.Set.21,4.114
tipo_cambio,PD04640PD,diaria,Tipo de cambio - TC Sistema bancario SBS (S/ por US$) - Venta,24.Set.21,4.111
tipo_cambio,PD04640PD,diaria,Tipo de cambio - TC Sistema bancario SBS (S/ por US$) - Venta,27.Set.21,4.127
tipo_cambio,PD04640PD,diaria,Tipo de cambio - TC Sistema bancario SBS (S/ por US$) - Venta,28.Set.21,4.129
tipo_cambio,PD04640PD,diaria,Tipo de cambio - TC Sistema bancario SBS (S/ por US$) - Venta,29.Set.21,4.13
tipo_cambio,PD04640PD,diaria,Tipo de cambio - TC Sistema bancario SBS (S/ por US$) - Venta,30.Set.21,4.136
tipo_cambio,PD04640PD,diaria,Tipo de cambio - TC Sistema bancario SBS (S/ por US$) - Venta,01.Oct.21,4.134
tipo_cambio,PD04640PD,diaria,Tipo de cambio - TC Sistema bancario SBS (S/ por US$) - Venta,04.Oct.21,4.136
tipo_cambio,PD04640PD,diaria,Tipo de cambio - TC Sistema bancario SBS (S/ por US$) - Venta,05.Oct.21,4.133
tipo_cambio,PD04640PD,diaria,Tipo de cambio - TC Sistema bancario SBS (S/ por US$) - Venta,06.Oct.21,4.135
tipo_cambio,PD04640PD,diaria,Tipo de cambio - TC Sistema bancario SBS (S/ por US$) - Venta,07.Oct.21,4.109
tipo_cambio,PD04640PD,diaria,Tipo de cambio - TC Sistema bancario SBS (S/ por US$) - Venta,08.Oct.21,n.d.
tipo_cambio,PD04640PD,diaria,Tipo de cambio - TC Sistema bancario SBS (S/ por US$) - Venta,11.Oct.21,4.08
tipo_cambio,PD04640PD,diaria,Tipo de cambio - TC Sistema bancario SBS (S/ por US$) - Venta,12.Oct.21,4.067
tipo_cambio,PD04640PD,diaria,Tipo de cambio - TC Sistema bancario SBS (S/ por US$) - Venta,13.Oct.21,4.002
tipo_cambio,PD04640PD,diaria,Tipo de cambio - TC Sistema bancario SBS (S/ por US$) - Venta,14.Oct.21,3.95
tipo_cambio,PD04640PD,diaria,Tipo de cambio - TC Sistema bancario SBS (S/ por US$) - Venta,15.Oct.21,3.938
tipo_cambio,PD04640PD,diaria,Tipo de cambio - TC Sistema bancario SBS (S/ por US$) - Venta,18.Oct.21,3.951
tipo_cambio,PD04640PD,diaria,Tipo de cambio - TC Sistema bancario SBS (S/ por US$) - Venta,19.Oct.21,3.949
tipo_cambio,PD04640PD,diaria,Tipo de cambio - TC Sistema bancario SBS (S/ por US$) - Venta,20.Oct.21,3.947
tipo_cambio,PD04640PD,diaria,Tipo de cambio - TC Sistema bancario SBS (S/ por US$) - Venta,21.Oct.21,3.953
tipo_cambio,PD04640PD,diaria,Tipo de cambio - TC Sistema bancario SBS (S/ por US$) - Venta,22.Oct.21,3.964
tipo_cambio,PD04640PD,diaria,Tipo de cambio - TC Sistema bancario SBS (S/ por US$) - Venta,25.Oct.21,3.973
tipo_cambio,PD04640PD,diaria,Tipo de cambio - TC Sistema bancario SBS (S/ por US$) - Venta,26.Oct.21,3.992
tipo_cambio,PD04640PD,diaria,Tipo de cambio - TC Sistema bancario SBS (S/ por US$) - Venta,27.Oct.21,3.989
tipo_cambio,PD04640PD,diaria,Tipo de cambio - TC Sistema bancario SBS (S/ por US$) - Venta,28.Oct.21,3.98
tipo_cambio,PD04640PD,diaria,Tipo de cambio - TC Sistema bancario SBS (S/ por US$) - Venta,29.Oct.21,3.992
tipo_cambio,PD04640PD,diaria,Tipo de cambio - TC Sistema bancario SBS (S/ por US$) - Venta,01.Nov.21,n.d.
tipo_cambio,PD04640PD,diaria,Tipo de cambio - TC Sistema bancario SBS (S/ por US$) - Venta,02.Nov.21,4.012
tipo_cambio,PD04640PD,diaria,Tipo de cambio - TC Sistema bancario SBS (S/ por US$) - Venta,03.Nov.21,4.014
tipo_cambio,PD04640PD,diaria,Tipo de cambio - TC Sistema bancario SBS (S/ por US$) - Venta,04.Nov.21,4.013
tipo_cambio,PD04640PD,diaria,Tipo de cambio - TC Sistema bancario SBS (S/ por US$) - Venta,05.Nov.21,4.017
tipo_cambio,PD04640PD,diaria,Tipo de cambio - TC Sistema bancario SBS (S/ por US$) - Venta,08.Nov.21,4.016
tipo_cambio,PD04640PD,diaria,Tipo de cambio - TC Sistema bancario SBS (S/ por US$) - Venta,09.Nov.21,4.018
tipo_cambio,PD04640PD,diaria,Tipo de cambio - TC Sistema bancario SBS (S/ por US$) - Venta,10.Nov.21,4.025
tipo_cambio,PD04640PD,diaria,Tipo de cambio - TC Sistema bancario SBS (S/ por US$) - Venta,11.Nov.21,4.025
tipo_cambio,PD04640PD,diaria,Tipo de cambio - TC Sistema bancario SBS (S/ por US$) - Venta,12.Nov.21,4.026
tipo_cambio,PD04640PD,diaria,Tipo de cambio - TC Sistema bancario SBS (S/ por US$) - Venta,15.Nov.21,4.013
tipo_cambio,PD04640PD,diaria,Tipo de cambio - TC Sistema bancario SBS (S/ por US$) - Venta,16.Nov.21,4.004
tipo_cambio,PD04640PD,diaria,Tipo de cambio - TC Sistema bancario SBS (S/ por US$) - Venta,17.Nov.21,4.007
tipo_cambio,PD04640PD,diaria,Tipo de cambio - TC Sistema bancario SBS (S/ por US$) - Venta,18.Nov.21,4.02
tipo_cambio,PD04640PD,diaria,Tipo de cambio - TC Sistema bancario SBS (S/ por US$) - Venta,19.Nov.21,4.026
tipo_cambio,PD04640PD,diaria,Tipo de cambio - TC Sistema bancario SBS (S/ por US$) - Venta,22.Nov.21,4.023
tipo_cambio,PD04640PD,diaria,Tipo de cambio - TC Sistema bancario SBS (S/ por US$) - Venta,23.Nov.21,4.011
tipo_cambio,PD04640PD,diaria,Tipo de cambio - TC Sistema bancario SBS (S/ por US$) - Venta,24.Nov.21,4.023
tipo_cambio,PD04640PD,diaria,Tipo de cambio - TC Sistema bancario SBS (S/ por US$) - Venta,25.Nov.21,4.031
tipo_cambio,PD04640PD,diaria,Tipo de cambio - TC Sistema bancario SBS (S/ por US$) - Venta,26.Nov.21,4.041
tipo_cambio,PD04640PD,diaria,Tipo de cambio - TC Sistema bancario SBS (S/ por US$) - Venta,29.Nov.21,4.059
tipo_cambio,PD04640PD,diaria,Tipo de cambio - TC Sistema bancario SBS (S/ por US$) - Venta,30.Nov.21,4.066
tipo_cambio,PD04640PD,diaria,Tipo de cambio - TC Sistema bancario SBS (S/ por US$) - Venta,01.Dic.21,4.071
tipo_cambio,PD04640PD,diaria,Tipo de cambio - TC Sistema bancario SBS (S/ por US$) - Venta,02.Dic.21,4.075
tipo_cambio,PD04640PD,diaria,Tipo de cambio - TC Sistema bancario SBS (S/ por US$) - Venta,03.Dic.21,4.078
tipo_cambio,PD04640PD,diaria,Tipo de cambio - TC Sistema bancario SBS (S/ por US$) - Venta,06.Dic.21,4.085
tipo_cambio,PD04640PD,diaria,Tipo de cambio - TC Sistema bancario SBS (S/ por US$) - Venta,07.Dic.21,4.08
tipo_cambio,PD04640PD,diaria,Tipo de cambio - TC Sistema bancario SBS (S/ por US$) - Venta,08.Dic.21,n.d.
tipo_cambio,PD04640PD,diaria,Tipo de cambio - TC Sistema bancario SBS (S/ por US$) - Venta,09.Dic.21,4.085
tipo_cambio,PD04640PD,diaria,Tipo de cambio - TC Sistema bancario SBS (S/ por US$) - Venta,10.Dic.21,4.076
tipo_cambio,PD04640PD,diaria,Tipo de cambio - TC Sistema bancario SBS (S/ por US$) - Venta,13.Dic.21,4.067
tipo_cambio,PD04640PD,diaria,Tipo de cambio - TC Sistema bancario SBS (S/ por US$) - Venta,14.Dic.21,4.06
tipo_cambio,PD04640PD,diaria,Tipo de cambio - TC Sistema bancario SBS (S/ por US$) - Venta,15.Dic.21,4.058
tipo_cambio,PD04640PD,diaria,Tipo de cambio - TC Sistema bancario SBS (S/ por US$) - Venta,16.Dic.21,4.04
tipo_cambio,PD04640PD,diaria,Tipo de cambio - TC Sistema bancario SBS (S/ por US$) - Venta,17.Dic.21,4.043
tipo_cambio,PD04640PD,diaria,Tipo de cambio - TC Sistema bancario SBS (S/ por US$) - Venta,20.Dic.21,4.049
tipo_cambio,PD04640PD,diaria,Tipo de cambio - TC Sistema bancario SBS (S/ por US$) - Venta,21.Dic.21,4.055
tipo_cambio,PD04640PD,diaria,Tipo de cambio - TC Sistema bancario SBS (S/ por US$) - Venta,22.Dic.21,4.05
tipo_cambio,PD04640PD,diaria,Tipo de cambio - TC Sistema bancario SBS (S/ por US$) - Venta,23.Dic.21,4.027
tipo_cambio,PD04640PD,diaria,Tipo de cambio - TC Sistema bancario SBS (S/ por US$) - Venta,24.Dic.21,4.018
tipo_cambio,PD04640PD,diaria,Tipo de cambio - TC Sistema bancario SBS (S/ por US$) - Venta,27.Dic.21,3.991
tipo_cambio,PD04640PD,diaria,Tipo de cambio - TC Sistema bancario SBS (S/ por US$) - Venta,28.Dic.21,3.958
tipo_cambio,PD04640PD,diaria,Tipo de cambio - TC Sistema bancario SBS (S/ por US$) - Venta,29.Dic.21,3.976
tipo_cambio,PD04640PD,diaria,Tipo de cambio - TC Sistema bancario SBS (S/ por US$) - Venta,30.Dic.21,3.991
tipo_cambio,PD04640PD,diaria,Tipo de cambio - TC Sistema bancario SBS (S/ por US$) - Venta,31.Dic.21,3.998
tipo_cambio,PD04640PD,diaria,Tipo de cambio - TC Sistema bancario SBS (S/ por US$) - Venta,03.Ene.22,3.995
tipo_cambio,PD04640PD,diaria,Tipo de cambio - TC Sistema bancario SBS (S/ por US$) - Venta,04.Ene.22,3.968
tipo_cambio,PD04640PD,diaria,Tipo de cambio - TC Sistema bancario SBS (S/ por US$) - Venta,05.Ene.22,3.965
tipo_cambio,PD04640PD,diaria,Tipo de cambio - TC Sistema bancario SBS (S/ por US$) - Venta,06.Ene.22,3.973
tipo_cambio,PD04640PD,diaria,Tipo de cambio - TC Sistema bancario SBS (S/ por US$) - Venta,07.Ene.22,3.955
tipo_cambio,PD04640PD,diaria,Tipo de cambio - TC Sistema bancario SBS (S/ por US$) - Venta,10.Ene.22,3.933
tipo_cambio,PD04640PD,diaria,Tipo de cambio - TC Sistema bancario SBS (S/ por US$) - Venta,11.Ene.22,3.925
tipo_cambio,PD04640PD,diaria,Tipo de cambio - TC Sistema bancario SBS (S/ por US$) - Venta,12.Ene.22,3.901
tipo_cambio,PD04640PD,diaria,Tipo de cambio - TC Sistema bancario SBS (S/ por US$) - Venta,13.Ene.22,3.9
tipo_cambio,PD04640PD,diaria,Tipo de cambio - TC Sistema bancario SBS (S/ por US$) - Venta,14.Ene.22,3.887
tipo_cambio,PD04640PD,diaria,Tipo de cambio - TC Sistema bancario SBS (S/ por US$) - Venta,17.Ene.22,3.869
tipo_cambio,PD04640PD,diaria,Tipo de cambio - TC Sistema bancario SBS (S/ por US$) - Venta,18.Ene.22,3.856
tipo_cambio,PD04640PD,diaria,Tipo de cambio - TC Sistema bancario SBS (S/ por US$) - Venta,19.Ene.22,3.866
tipo_cambio,PD04640PD,diaria,Tipo de cambio - TC Sistema bancario SBS (S/ por US$) - Venta,20.Ene.22,3.859
tipo_cambio,PD04640PD,diaria,Tipo de cambio - TC Sistema bancario SBS (S/ por US$) - Venta,21.Ene.22,3.834
tipo_cambio,PD04640PD,diaria,Tipo de cambio - TC Sistema bancario SBS (S/ por US$) - Venta,24.Ene.22,3.842
tipo_cambio,PD04640PD,diaria,Tipo de cambio - TC Sistema bancario SBS (S/ por US$) - Venta,25.Ene.22,3.852
tipo_cambio,PD04640PD,diaria,Tipo de cambio - TC Sistema bancario SBS (S/ por US$) - Venta,26.Ene.22,3.849
tipo_cambio,PD04640PD,diaria,Tipo de cambio - TC Sistema bancario SBS (S/ por US$) - Venta,27.Ene.22,3.839
tipo_cambio,PD04640PD,diaria,Tipo de cambio - TC Sistema bancario SBS (S/ por US$) - Venta,28.Ene.22,3.849
tipo_cambio,PD04640PD,diaria,Tipo de cambio - TC Sistema bancario SBS (S/ por US$) - Venta,31.Ene.22,3.846
tipo_cambio,PD04640PD,diaria,Tipo de cambio - TC Sistema bancario SBS (S/ por US$) - Venta,01.Feb.22,3.878
tipo_cambio,PD04640PD,diaria,Tipo de cambio - TC Sistema bancario SBS (S/ por US$) - Venta,02.Feb.22,3.86
tipo_cambio,PD04640PD,diaria,Tipo de cambio - TC Sistema bancario SBS (S/ por US$) - Venta,03.Feb.22,3.863
tipo_cambio,PD04640PD,diaria,Tipo de cambio - TC Sistema bancario SBS (S/ por US$) - Venta,04.Feb.22,3.873
tipo_cambio,PD04640PD,diaria,Tipo de cambio - TC Sistema bancario SBS (S/ por US$) - Venta,07.Feb.22,3.848
tipo_cambio,PD04640PD,diaria,Tipo de cambio - TC Sistema bancario SBS (S/ por US$) - Venta,08.Feb.22,3.845
tipo_cambio,PD04640PD,diaria,Tipo de cambio - TC Sistema bancario SBS (S/ por US$) - Venta,09.Feb.22,3.834
tipo_cambio,PD04640PD,diaria,Tipo de cambio - TC Sistema bancario SBS (S/ por US$) - Venta,10.Feb.22,3.767
tipo_cambio,PD04640PD,diaria,Tipo de cambio - TC Sistema bancario SBS (S/ por US$) - Venta,11.Feb.22,3.758
tipo_cambio,PD04640PD,diaria,Tipo de cambio - TC Sistema bancario SBS (S/ por US$) - Venta,14.Feb.22,3.789
tipo_cambio,PD04640PD,diaria,Tipo de cambio - TC Sistema bancario SBS (S/ por US$) - Venta,15.Feb.22,3.806
tipo_cambio,PD04640PD,diaria,Tipo de cambio - TC Sistema bancario SBS (S/ por US$) - Venta,16.Feb.22,3.785
tipo_cambio,PD04640PD,diaria,Tipo de cambio - TC Sistema bancario SBS (S/ por US$) - Venta,17.Feb.22,3.75
tipo_cambio,PD04640PD,diaria,Tipo de cambio - TC Sistema bancario SBS (S/ por US$) - Venta,18.Feb.22,3.726
tipo_cambio,PD04640PD,diaria,Tipo de cambio - TC Sistema bancario SBS (S/ por US$) - Venta,21.Feb.22,3.752
tipo_cambio,PD04640PD,diaria,Tipo de cambio - TC Sistema bancario SBS (S/ por US$) - Venta,22.Feb.22,3.745
tipo_cambio,PD04640PD,diaria,Tipo de cambio - TC Sistema bancario SBS (S/ por US$) - Venta,23.Feb.22,3.715
tipo_cambio,PD04640PD,diaria,Tipo de cambio - TC Sistema bancario SBS (S/ por US$) - Venta,24.Feb.22,3.788
tipo_cambio,PD04640PD,diaria,Tipo de cambio - TC Sistema bancario SBS (S/ por US$) - Venta,25.Feb.22,3.763
tipo_cambio,PD04640PD,diaria,Tipo de cambio - TC Sistema bancario SBS (S/ por US$) - Venta,28.Feb.22,3.759
tipo_cambio,PD04640PD,diaria,Tipo de cambio - TC Sistema bancario SBS (S/ por US$) - Venta,01.Mar.22,3.791
tipo_cambio,PD04640PD,diaria,Tipo de cambio - TC Sistema bancario SBS (S/ por US$) - Venta,02.Mar.22,3.77
tipo_cambio,PD04640PD,diaria,Tipo de cambio - TC Sistema bancario SBS (S/ por US$) - Venta,03.Mar.22,3.735
tipo_cambio,PD04640PD,diaria,Tipo de cambio - TC Sistema bancario SBS (S/ por US$) - Venta,04.Mar.22,3.76
tipo_cambio,PD04640PD,diaria,Tipo de cambio - TC Sistema bancario SBS (S/ por US$) - Venta,07.Mar.22,3.751
tipo_cambio,PD04640PD,diaria,Tipo de cambio - TC Sistema bancario SBS (S/ por US$) - Venta,08.Mar.22,3.736
tipo_cambio,PD04640PD,diaria,Tipo de cambio - TC Sistema bancario SBS (S/ por US$) - Venta,09.Mar.22,3.718
tipo_cambio,PD04640PD,diaria,Tipo de cambio - TC Sistema bancario SBS (S/ por US$) - Venta,10.Mar.22,3.721
tipo_cambio,PD04640PD,diaria,Tipo de cambio - TC Sistema bancario SBS (S/ por US$) - Venta,11.Mar.22,3.698
tipo_cambio,PD04640PD,diaria,Tipo de cambio - TC Sistema bancario SBS (S/ por US$) - Venta,14.Mar.22,3.715
tipo_cambio,PD04640PD,diaria,Tipo de cambio - TC Sistema bancario SBS (S/ por US$) - Venta,15.Mar.22,3.735
tipo_cambio,PD04640PD,diaria,Tipo de cambio - TC Sistema bancario SBS (S/ por US$) - Venta,16.Mar.22,3.729
tipo_cambio,PD04640PD,diaria,Tipo de cambio - TC Sistema bancario SBS (S/ por US$) - Venta,17.Mar.22,3.736
tipo_cambio,PD04640PD,diaria,Tipo de cambio - TC Sistema bancario SBS (S/ por US$) - Venta,18.Mar.22,3.776
tipo_cambio,PD04640PD,diaria,Tipo de cambio - TC Sistema bancario SBS (S/ por US$) - Venta,21.Mar.22,3.79
tipo_cambio,PD04640PD,diaria,Tipo de cambio - TC Sistema bancario SBS (S/ por US$) - Venta,22.Mar.22,3.776
tipo_cambio,PD04640PD,diaria,Tipo de cambio - TC Sistema bancario SBS (S/ por US$) - Venta,23.Mar.22,3.773
tipo_cambio,PD04640PD,diaria,Tipo de cambio - TC Sistema bancario SBS (S/ por US$) - Venta,24.Mar.22,3.756
tipo_cambio,PD04640PD,diaria,Tipo de cambio - TC Sistema bancario SBS (S/ por US$) - Venta,25.Mar.22,3.731
tipo_cambio,PD04640PD,diaria,Tipo de cambio - TC Sistema bancario SBS (S/ por US$) - Venta,28.Mar.22,3.737
tipo_cambio,PD04640PD,diaria,Tipo de cambio - TC Sistema bancario SBS (S/ por US$) - Venta,29.Mar.22,3.724
tipo_cambio,PD04640PD,diaria,Tipo de cambio - TC Sistema bancario SBS (S/ por US$) - Venta,30.Mar.22,3.728
tipo_cambio,PD04640PD,diaria,Tipo de cambio - TC Sistema bancario SBS (S/ por US$) - Venta,31.Mar.22,3.701
tipo_cambio,PD04640PD,diaria,Tipo de cambio - TC Sistema bancario SBS (S/ por US$) - Venta,01.Abr.22,3.663
tipo_cambio,PD04640PD,diaria,Tipo de cambio - TC Sistema bancario SBS (S/ por US$) - Venta,04.Abr.22,3.634
tipo_cambio,PD04640PD,diaria,Tipo de cambio - TC Sistema bancario SBS (S/ por US$) - Venta,05.Abr.22,3.69
tipo_cambio,PD04640PD,diaria,Tipo de cambio - TC Sistema bancario SBS (S/ por US$) - Venta,06.Abr.22,3.72
tipo_cambio,PD04640PD,diaria,Tipo de cambio - TC Sistema bancario SBS (S/ por US$) - Venta,07.Abr.22,3.714
tipo_cambio,PD04640PD,diaria,Tipo de cambio - TC Sistema bancario SBS (S/ por US$) - Venta,08.Abr.22,3.715
tipo_cambio,PD04640PD,diaria,Tipo de cambio - TC Sistema bancario SBS (S/ por US$) - Venta,11.Abr.22,3.721
tipo_cambio,PD04640PD,diaria,Tipo de cambio - TC Sistema bancario SBS (S/ por US$) - Venta,12.Abr.22,3.706
tipo_cambio,PD04640PD,diaria,Tipo de cambio - TC Sistema bancario SBS (S/ por US$) - Venta,13.Abr.22,3.736
tipo_cambio,PD04640PD,diaria,Tipo de cambio - TC Sistema bancario SBS (S/ por US$) - Venta,14.Abr.22,n.d.
tipo_cambio,PD04640PD,diaria,Tipo de cambio - TC Sistema bancario SBS (S/ por US$) - Venta,15.Abr.22,n.d.
tipo_cambio,PD04640PD,diaria,Tipo de cambio - TC Sistema bancario SBS (S/ por US$) - Venta,18.Abr.22,3.742
tipo_cambio,PD04640PD,diaria,Tipo de cambio - TC Sistema bancario SBS (S/ por US$) - Venta,19.Abr.22,3.736
tipo_cambio,PD04640PD,diaria,Tipo de cambio - TC Sistema bancario SBS (S/ por US$) - Venta,20.Abr.22,3.709
tipo_cambio,PD04640PD,diaria,Tipo de cambio - TC Sistema bancario SBS (S/ por US$) - Venta,21.Abr.22,3.734
tipo_cambio,PD04640PD,diaria,Tipo de cambio - TC Sistema bancario SBS (S/ por US$) - Venta,22.Abr.22,3.766
tipo_cambio,PD04640PD,diaria,Tipo de cambio - TC Sistema bancario SBS (S/ por US$) - Venta,25.Abr.22,3.815
tipo_cambio,PD04640PD,diaria,Tipo de cambio - TC Sistema bancario SBS (S/ por US$) - Venta,26.Abr.22,3.818
tipo_cambio,PD04640PD,diaria,Tipo de cambio - TC Sistema bancario SBS (S/ por US$) - Venta,27.Abr.22,3.83
tipo_cambio,PD04640PD,diaria,Tipo de cambio - TC Sistema bancario SBS (S/ por US$) - Venta,28.Abr.22,3.852
tipo_cambio,PD04640PD,diaria,Tipo de cambio - TC Sistema bancario SBS (S/ por US$) - Venta,29.Abr.22,3.838
tipo_cambio,PD04640PD,diaria,Tipo de cambio - TC Sistema bancario SBS (S/ por US$) - Venta,02.May.22,3.848
tipo_cambio,PD04640PD,diaria,Tipo de cambio - TC Sistema bancario SBS (S/ por US$) - Venta,03.May.22,3.826
tipo_cambio,PD04640PD,diaria,Tipo de cambio - TC Sistema bancario SBS (S/ por US$) - Venta,04.May.22,3.805
tipo_cambio,PD04640PD,diaria,Tipo de cambio - TC Sistema bancario SBS (S/ por US$) - Venta,05.May.22,3.79
tipo_cambio,PD04640PD,diaria,Tipo de cambio - TC Sistema bancario SBS (S/ por US$) - Venta,06.May.22,3.811
tipo_cambio,PD04640PD,diaria,Tipo de cambio - TC Sistema bancario SBS (S/ por US$) - Venta,09.May.22,3.814
tipo_cambio,PD04640PD,diaria,Tipo de cambio - TC Sistema bancario SBS (S/ por US$) - Venta,10.May.22,3.816
tipo_cambio,PD04640PD,diaria,Tipo de cambio - TC Sistema bancario SBS (S/ por US$) - Venta,11.May.22,3.788
tipo_cambio,PD04640PD,diaria,Tipo de cambio - TC Sistema bancario SBS (S/ por US$) - Venta,12.May.22,3.801
tipo_cambio,PD04640PD,diaria,Tipo de cambio - TC Sistema bancario SBS (S/ por US$) - Venta,13.May.22,3.786
tipo_cambio,PD04640PD,diaria,Tipo de cambio - TC Sistema bancario SBS (S/ por US$) - Venta,16.May.22,3.787
tipo_cambio,PD04640PD,diaria,Tipo de cambio - TC Sistema bancario SBS (S/ por US$) - Venta,17.May.22,3.762
tipo_cambio,PD04640PD,diaria,Tipo de cambio - TC Sistema bancario SBS (S/ por US$) - Venta,18.May.22,3.772
tipo_cambio,PD04640PD,diaria,Tipo de cambio - TC Sistema bancario SBS (S/ por US$) - Venta,19.May.22,3.754
tipo_cambio,PD04640PD,diaria,Tipo de cambio - TC Sistema bancario SBS (S/ por US$) - Venta,20.May.22,3.738
tipo_cambio,PD04640PD,diaria,Tipo de cambio - TC Sistema bancario SBS (S/ por US$) - Venta,23.May.22,3.72
tipo_cambio,PD04640PD,diaria,Tipo de cambio - TC Sistema bancario SBS (S/ por US$) - Venta,24.May.22,3.719
tipo_cambio,PD04640PD,diaria,Tipo de cambio - TC Sistema bancario SBS (S/ por US$) - Venta,25.May.22,3.694
tipo_cambio,PD04640PD,diaria,Tipo de cambio - TC Sistema bancario SBS (S/ por US$) - Venta,26.May.22,3.663
tipo_cambio,PD04640PD,diaria,Tipo de cambio - TC Sistema bancario SBS (S/ por US$) - Venta,27.May.22,3.669
tipo_cambio,PD04640PD,diaria,Tipo de cambio - TC Sistema bancario SBS (S/ por US$) - Venta,30.May.22,3.683
tipo_cambio,PD04640PD,diaria,Tipo de cambio - TC Sistema bancario SBS (S/ por US$) - Venta,31.May.22,3.707
tipo_cambio,PD04640PD,diaria,Tipo de cambio - TC Sistema bancario SBS (S/ por US$) - Venta,01.Jun.22,3.726
tipo_cambio,PD04640PD,diaria,Tipo de cambio - TC Sistema bancario SBS (S/ por US$) - Venta,02.Jun.22,3.714
tipo_cambio,PD04640PD,diaria,Tipo de cambio - TC Sistema bancario SBS (S/ por US$) - Venta,03.Jun.22,3.712
tipo_cambio,PD04640PD,diaria,Tipo de cambio - TC Sistema bancario SBS (S/ por US$) - Venta,06.Jun.22,3.731
tipo_cambio,PD04640PD,diaria,Tipo de cambio - TC Sistema bancario SBS (S/ por US$) - Venta,07.Jun.22,3.755
tipo_cambio,PD04640PD,diaria,Tipo de cambio - TC Sistema bancario SBS (S/ por US$) - Venta,08.Jun.22,3.758
tipo_cambio,PD04640PD,diaria,Tipo de cambio - TC Sistema bancario SBS (S/ por US$) - Venta,09.Jun.22,3.756
tipo_cambio,PD04640PD,diaria,Tipo de cambio - TC Sistema bancario SBS (S/ por US$) - Venta,10.Jun.22,3.778
tipo_cambio,PD04640PD,diaria,Tipo de cambio - TC Sistema bancario SBS (S/ por US$) - Venta,13.Jun.22,3.783
tipo_cambio,PD04640PD,diaria,Tipo de cambio - TC Sistema bancario SBS (S/ por US$) - Venta,14.Jun.22,3.759
tipo_cambio,PD04640PD,diaria,Tipo de cambio - TC Sistema bancario SBS (S/ por US$) - Venta,15.Jun.22,3.731
tipo_cambio,PD04640PD,diaria,Tipo de cambio - TC Sistema bancario SBS (S/ por US$) - Venta,16.Jun.22,3.727
tipo_cambio,PD04640PD,diaria,Tipo de cambio - TC Sistema bancario SBS (S/ por US$) - Venta,17.Jun.22,3.728
tipo_cambio,PD04640PD,diaria,Tipo de cambio - TC Sistema bancario SBS (S/ por US$) - Venta,20.Jun.22,3.729
tipo_cambio,PD04640PD,diaria,Tipo de cambio - TC Sistema bancario SBS (S/ por US$) - Venta,21.Jun.22,3.724
tipo_cambio,PD04640PD,diaria,Tipo de cambio - TC Sistema bancario SBS (S/ por US$) - Venta,22.Jun.22,3.731
tipo_cambio,PD04640PD,diaria,Tipo de cambio - TC Sistema bancario SBS (S/ por US$) - Venta,23.Jun.22,3.753
tipo_cambio,PD04640PD,diaria,Tipo de cambio - TC Sistema bancario SBS (S/ por US$) - Venta,24.Jun.22,3.782
tipo_cambio,PD04640PD,diaria,Tipo de cambio - TC Sistema bancario SBS (S/ por US$) - Venta,27.Jun.22,3.791
tipo_cambio,PD04640PD,diaria,Tipo de cambio - TC Sistema bancario SBS (S/ por US$) - Venta,28.Jun.22,3.788
tipo_cambio,PD04640PD,diaria,Tipo de cambio - TC Sistema bancario SBS (S/ por US$) - Venta,29.Jun.22,n.d.
tipo_cambio,PD04640PD,diaria,Tipo de cambio - TC Sistema bancario SBS (S/ por US$) - Venta,30.Jun.22,3.83
tipo_cambio,PD04640PD,diaria,Tipo de cambio - TC Sistema bancario SBS (S/ por US$) - Venta,01.Jul.22,3.854
tipo_cambio,PD04640PD,diaria,Tipo de cambio - TC Sistema bancario SBS (S/ por US$) - Venta,04.Jul.22,3.839
tipo_cambio,PD04640PD,diaria,Tipo de cambio - TC Sistema bancario SBS (S/ por US$) - Venta,05.Jul.22,3.862
tipo_cambio,PD04640PD,diaria,Tipo de cambio - TC Sistema bancario SBS (S/ por US$) - Venta,06.Jul.22,3.888
tipo_cambio,PD04640PD,diaria,Tipo de cambio - TC Sistema bancario SBS (S/ por US$) - Venta,07.Jul.22,3.888
tipo_cambio,PD04640PD,diaria,Tipo de cambio - TC Sistema bancario SBS (S/ por US$) - Venta,08.Jul.22,3.905
tipo_cambio,PD04640PD,diaria,Tipo de cambio - TC Sistema bancario SBS (S/ por US$) - Venta,11.Jul.22,3.939
tipo_cambio,PD04640PD,diaria,Tipo de cambio - TC Sistema bancario SBS (S/ por US$) - Venta,12.Jul.22,3.972
tipo_cambio,PD04640PD,diaria,Tipo de cambio - TC Sistema bancario SBS (S/ por US$) - Venta,13.Jul.22,3.968
tipo_cambio,PD04640PD,diaria,Tipo de cambio - TC Sistema bancario SBS (S/ por US$) - Venta,14.Jul.22,3.958
tipo_cambio,PD04640PD,diaria,Tipo de cambio - TC Sistema bancario SBS (S/ por US$) - Venta,15.Jul.22,3.906
tipo_cambio,PD04640PD,diaria,Tipo de cambio - TC Sistema bancario SBS (S/ por US$) - Venta,18.Jul.22,3.892
tipo_cambio,PD04640PD,diaria,Tipo de cambio - TC Sistema bancario SBS (S/ por US$) - Venta,19.Jul.22,3.878
tipo_cambio,PD04640PD,diaria,Tipo de cambio - TC Sistema bancario SBS (S/ por US$) - Venta,20.Jul.22,3.888
tipo_cambio,PD04640PD,diaria,Tipo de cambio - TC Sistema bancario SBS (S/ por US$) - Venta,21.Jul.22,3.914
tipo_cambio,PD04640PD,diaria,Tipo de cambio - TC Sistema bancario SBS (S/ por US$) - Venta,22.Jul.22,3.918
tipo_cambio,PD04640PD,diaria,Tipo de cambio - TC Sistema bancario SBS (S/ por US$) - Venta,25.Jul.22,3.919
tipo_cambio,PD04640PD,diaria,Tipo de cambio - TC Sistema bancario SBS (S/ por US$) - Venta,26.Jul.22,3.921
tipo_cambio,PD04640PD,diaria,Tipo de cambio - TC Sistema bancario SBS (S/ por US$) - Venta,27.Jul.22,3.925
tipo_cambio,PD04640PD,diaria,Tipo de cambio - TC Sistema bancario SBS (S/ por US$) - Venta,28.Jul.22,n.d.
tipo_cambio,PD04640PD,diaria,Tipo de cambio - TC Sistema bancario SBS (S/ por US$) - Venta,29.Jul.22,n.d.
tipo_cambio,PD04640PD,diaria,Tipo de cambio - TC Sistema bancario SBS (S/ por US$) - Venta,01.Ago.22,3.897
tipo_cambio,PD04640PD,diaria,Tipo de cambio - TC Sistema bancario SBS (S/ por US$) - Venta,02.Ago.22,3.919
tipo_cambio,PD04640PD,diaria,Tipo de cambio - TC Sistema bancario SBS (S/ por US$) - Venta,03.Ago.22,3.92
tipo_cambio,PD04640PD,diaria,Tipo de cambio - TC Sistema bancario SBS (S/ por US$) - Venta,04.Ago.22,3.897
tipo_cambio,PD04640PD,diaria,Tipo de cambio - TC Sistema bancario SBS (S/ por US$) - Venta,05.Ago.22,3.905
tipo_cambio,PD04640PD,diaria,Tipo de cambio - TC Sistema bancario SBS (S/ por US$) - Venta,08.Ago.22,3.916
tipo_cambio,PD04640PD,diaria,Tipo de cambio - TC Sistema bancario SBS (S/ por US$) - Venta,09.Ago.22,3.932
tipo_cambio,PD04640PD,diaria,Tipo de cambio - TC Sistema bancario SBS (S/ por US$) - Venta,10.Ago.22,3.899
tipo_cambio,PD04640PD,diaria,Tipo de cambio - TC Sistema bancario SBS (S/ por US$) - Venta,11.Ago.22,3.888
tipo_cambio,PD04640PD,diaria,Tipo de cambio - TC Sistema bancario SBS (S/ por US$) - Venta,12.Ago.22,3.865
tipo_cambio,PD04640PD,diaria,Tipo de cambio - TC Sistema bancario SBS (S/ por US$) - Venta,15.Ago.22,3.856
tipo_cambio,PD04640PD,diaria,Tipo de cambio - TC Sistema bancario SBS (S/ por US$) - Venta,16.Ago.22,3.86
tipo_cambio,PD04640PD,diaria,Tipo de cambio - TC Sistema bancario SBS (S/ por US$) - Venta,17.Ago.22,3.847
tipo_cambio,PD04640PD,diaria,Tipo de cambio - TC Sistema bancario SBS (S/ por US$) - Venta,18.Ago.22,3.847
tipo_cambio,PD04640PD,diaria,Tipo de cambio - TC Sistema bancario SBS (S/ por US$) - Venta,19.Ago.22,3.857
tipo_cambio,PD04640PD,diaria,Tipo de cambio - TC Sistema bancario SBS (S/ por US$) - Venta,22.Ago.22,3.88
tipo_cambio,PD04640PD,diaria,Tipo de cambio - TC Sistema bancario SBS (S/ por US$) - Venta,23.Ago.22,3.864
tipo_cambio,PD04640PD,diaria,Tipo de cambio - TC Sistema bancario SBS (S/ por US$) - Venta,24.Ago.22,3.867
tipo_cambio,PD04640PD,diaria,Tipo de cambio - TC Sistema bancario SBS (S/ por US$) - Venta,25.Ago.22,3.861
tipo_cambio,PD04640PD,diaria,Tipo de cambio - TC Sistema bancario SBS (S/ por US$) - Venta,26.Ago.22,3.847
tipo_cambio,PD04640PD,diaria,Tipo de cambio - TC Sistema bancario SBS (S/ por US$) - Venta,29.Ago.22,3.838
tipo_cambio,PD04640PD,diaria,Tipo de cambio - TC Sistema bancario SBS (S/ por US$) - Venta,30.Ago.22,n.d.
tipo_cambio,PD04640PD,diaria,Tipo de cambio - TC Sistema bancario SBS (S/ por US$) - Venta,31.Ago.22,3.847
tipo_cambio,PD04640PD,diaria,Tipo de cambio - TC Sistema bancario SBS (S/ por US$) - Venta,01.Set.22,3.865
tipo_cambio,PD04640PD,diaria,Tipo de cambio - TC Sistema bancario SBS (S/ por US$) - Venta,02.Set.22,3.876
tipo_cambio,PD04640PD,diaria,Tipo de cambio - TC Sistema bancario SBS (S/ por US$) - Venta,05.Set.22,3.885
tipo_cambio,PD04640PD,diaria,Tipo de cambio - TC Sistema bancario SBS (S/ por US$) - Venta,06.Set.22,3.897
tipo_cambio,PD04640PD,diaria,Tipo de cambio - TC Sistema bancario SBS (S/ por US$) - Venta,07.Set.22,3.896
tipo_cambio,PD04640PD,diaria,Tipo de cambio - TC Sistema bancario SBS (S/ por US$) - Venta,08.Set.22,3.881
tipo_cambio,PD04640PD,diaria,Tipo de cambio - TC Sistema bancario SBS (S/ por US$) - Venta,09.Set.22,3.883
tipo_cambio,PD04640PD,diaria,Tipo de cambio - TC Sistema bancario SBS (S/ por US$) - Venta,12.Set.22,3.859
tipo_cambio,PD04640PD,diaria,Tipo de cambio - TC Sistema bancario SBS (S/ por US$) - Venta,13.Set.22,3.862
tipo_cambio,PD04640PD,diaria,Tipo de cambio - TC Sistema bancario SBS (S/ por US$) - Venta,14.Set.22,3.875
tipo_cambio,PD04640PD,diaria,Tipo de cambio - TC Sistema bancario SBS (S/ por US$) - Venta,15.Set.22,3.892
tipo_cambio,PD04640PD,diaria,Tipo de cambio - TC Sistema bancario SBS (S/ por US$) - Venta,16.Set.22,3.883
tipo_cambio,PD04640PD,diaria,Tipo de cambio - TC Sistema bancario SBS (S/ por US$) - Venta,19.Set.22,3.871
tipo_cambio,PD04640PD,diaria,Tipo de cambio - TC Sistema bancario SBS (S/ por US$) - Venta,20.Set.22,3.883
tipo_cambio,PD04640PD,diaria,Tipo de cambio - TC Sistema bancario SBS (S/ por US$) - Venta,21.Set.22,3.903
tipo_cambio,PD04640PD,diaria,Tipo de cambio - TC Sistema bancario SBS (S/ por US$) - Venta,22.Set.22,3.913
tipo_cambio,PD04640PD,diaria,Tipo de cambio - TC Sistema bancario SBS (S/ por US$) - Venta,23.Set.22,3.911
tipo_cambio,PD04640PD,diaria,Tipo de cambio - TC Sistema bancario SBS (S/ por US$) - Venta,26.Set.22,3.938
tipo_cambio,PD04640PD,diaria,Tipo de cambio - TC Sistema bancario SBS (S/ por US$) - Venta,27.Set.22,3.949
tipo_cambio,PD04640PD,diaria,Tipo de cambio - TC Sistema bancario SBS (S/ por US$) - Venta,28.Set.22,3.952
tipo_cambio,PD04640PD,diaria,Tipo de cambio - TC Sistema bancario SBS (S/ por US$) - Venta,29.Set.22,3.971
tipo_cambio,PD04640PD,diaria,Tipo de cambio - TC Sistema bancario SBS (S/ por US$) - Venta,30.Set.22,3.984
tipo_cambio,PD04640PD,diaria,Tipo de cambio - TC Sistema bancario SBS (S/ por US$) - Venta,03.Oct.22,3.969
tipo_cambio,PD04640PD,diaria,Tipo de cambio - TC Sistema bancario SBS (S/ por US$) - Venta,04.Oct.22,3.955
tipo_cambio,PD04640PD,diaria,Tipo de cambio - TC Sistema bancario SBS (S/ por US$) - Venta,05.Oct.22,3.966
tipo_cambio,PD04640PD,diaria,Tipo de cambio - TC Sistema bancario SBS (S/ por US$) - Venta,06.Oct.22,3.983
tipo_cambio,PD04640PD,diaria,Tipo de cambio - TC Sistema bancario SBS (S/ por US$) - Venta,07.Oct.22,3.98
tipo_cambio,PD04640PD,diaria,Tipo de cambio - TC Sistema bancario SBS (S/ por US$) - Venta,10.Oct.22,3.967
tipo_cambio,PD04640PD,diaria,Tipo de cambio - TC Sistema bancario SBS (S/ por US$) - Venta,11.Oct.22,3.972
tipo_cambio,PD04640PD,diaria,Tipo de cambio - TC Sistema bancario SBS (S/ por US$) - Venta,12.Oct.22,3.984
tipo_cambio,PD04640PD,diaria,Tipo de cambio - TC Sistema bancario SBS (S/ por US$) - Venta,13.Oct.22,3.987
tipo_cambio,PD04640PD,diaria,Tipo de cambio - TC Sistema bancario SBS (S/ por US$) - Venta,14.Oct.22,3.992
tipo_cambio,PD04640PD,diaria,Tipo de cambio - TC Sistema bancario SBS (S/ por US$) - Venta,17.Oct.22,3.985
tipo_cambio,PD04640PD,diaria,Tipo de cambio - TC Sistema bancario SBS (S/ por US$) - Venta,18.Oct.22,3.979
tipo_cambio,PD04640PD,diaria,Tipo de cambio - TC Sistema bancario SBS (S/ por US$) - Venta,19.Oct.22,3.985
tipo_cambio,PD04640PD,diaria,Tipo de cambio - TC Sistema bancario SBS (S/ por US$) - Venta,20.Oct.22,3.978
tipo_cambio,PD04640PD,diaria,Tipo de cambio - TC Sistema bancario SBS (S/ por US$) - Venta,21.Oct.22,3.984
tipo_cambio,PD04640PD,diaria,Tipo de cambio - TC Sistema bancario SBS (S/ por US$) - Venta,24.Oct.22,4.003
tipo_cambio,PD04640PD,diaria,Tipo de cambio - TC Sistema bancario SBS (S/ por US$) - Venta,25.Oct.22,4.002
tipo_cambio,PD04640PD,diaria,Tipo de cambio - TC Sistema bancario SBS (S/ por US$) - Venta,26.Oct.22,3.996
tipo_cambio,PD04640PD,diaria,Tipo de cambio - TC Sistema bancario SBS (S/ por US$) - Venta,27.Oct.22,3.987
tipo_cambio,PD04640PD,diaria,Tipo de cambio - TC Sistema bancario SBS (S/ por US$) - Venta,28.Oct.22,3.978
tipo_cambio,PD04640PD,diaria,Tipo de cambio - TC Sistema bancario SBS (S/ por US$) - Venta,31.Oct.22,3.993
tipo_cambio,PD04640PD,diaria,Tipo de cambio - TC Sistema bancario SBS (S/ por US$) - Venta,01.Nov.22,n.d.
tipo_cambio,PD04640PD,diaria,Tipo de cambio - TC Sistema bancario SBS (S/ por US$) - Venta,02.Nov.22,3.976
tipo_cambio,PD04640PD,diaria,Tipo de cambio - TC Sistema bancario SBS (S/ por US$) - Venta,03.Nov.22,3.973
tipo_cambio,PD04640PD,diaria,Tipo de cambio - TC Sistema bancario SBS (S/ por US$) - Venta,04.Nov.22,3.962
tipo_cambio,PD04640PD,diaria,Tipo de cambio - TC Sistema bancario SBS (S/ por US$) - Venta,07.Nov.22,3.957
tipo_cambio,PD04640PD,diaria,Tipo de cambio - TC Sistema bancario SBS (S/ por US$) - Venta,08.Nov.22,3.936
tipo_cambio,PD04640PD,diaria,Tipo de cambio - TC Sistema bancario SBS (S/ por US$) - Venta,09.Nov.22,3.918
tipo_cambio,PD04640PD,diaria,Tipo de cambio - TC Sistema bancario SBS (S/ por US$) - Venta,10.Nov.22,3.87
tipo_cambio,PD04640PD,diaria,Tipo de cambio - TC Sistema bancario SBS (S/ por US$) - Venta,11.Nov.22,3.86
tipo_cambio,PD04640PD,diaria,Tipo de cambio - TC Sistema bancario SBS (S/ por US$) - Venta,14.Nov.22,3.86
tipo_cambio,PD04640PD,diaria,Tipo de cambio - TC Sistema bancario SBS (S/ por US$) - Venta,15.Nov.22,3.838
tipo_cambio,PD04640PD,diaria,Tipo de cambio - TC Sistema bancario SBS (S/ por US$) - Venta,16.Nov.22,3.842
tipo_cambio,PD04640PD,diaria,Tipo de cambio - TC Sistema bancario SBS (S/ por US$) - Venta,17.Nov.22,3.845
tipo_cambio,PD04640PD,diaria,Tipo de cambio - TC Sistema bancario SBS (S/ por US$) - Venta,18.Nov.22,3.841
tipo_cambio,PD04640PD,diaria,Tipo de cambio - TC Sistema bancario SBS (S/ por US$) - Venta,21.Nov.22,3.838
tipo_cambio,PD04640PD,diaria,Tipo de cambio - TC Sistema bancario SBS (S/ por US$) - Venta,22.Nov.22,3.846
tipo_cambio,PD04640PD,diaria,Tipo de cambio - TC Sistema bancario SBS (S/ por US$) - Venta,23.Nov.22,3.852
tipo_cambio,PD04640PD,diaria,Tipo de cambio - TC Sistema bancario SBS (S/ por US$) - Venta,24.Nov.22,3.85
tipo_cambio,PD04640PD,diaria,Tipo de cambio - TC Sistema bancario SBS (S/ por US$) - Venta,25.Nov.22,3.873
tipo_cambio,PD04640PD,diaria,Tipo de cambio - TC Sistema bancario SBS (S/ por US$) - Venta,28.Nov.22,3.861
tipo_cambio,PD04640PD,diaria,Tipo de cambio - TC Sistema bancario SBS (S/ por US$) - Venta,29.Nov.22,3.847
tipo_cambio,PD04640PD,diaria,Tipo de cambio - TC Sistema bancario SBS (S/ por US$) - Venta,30.Nov.22,3.854
tipo_cambio,PD04640PD,diaria,Tipo de cambio - TC Sistema bancario SBS (S/ por US$) - Venta,01.Dic.22,3.836
tipo_cambio,PD04640PD,diaria,Tipo de cambio - TC Sistema bancario SBS (S/ por US$) - Venta,02.Dic.22,3.835
tipo_cambio,PD04640PD,diaria,Tipo de cambio - TC Sistema bancario SBS (S/ por US$) - Venta,05.Dic.22,3.848
tipo_cambio,PD04640PD,diaria,Tipo de cambio - TC Sistema bancario SBS (S/ por US$) - Venta,06.Dic.22,3.851
tipo_cambio,PD04640PD,diaria,Tipo de cambio - TC Sistema bancario SBS (S/ por US$) - Venta,07.Dic.22,3.851
tipo_cambio,PD04640PD,diaria,Tipo de cambio - TC Sistema bancario SBS (S/ por US$) - Venta,08.Dic.22,n.d.
tipo_cambio,PD04640PD,diaria,Tipo de cambio - TC Sistema bancario SBS (S/ por US$) - Venta,09.Dic.22,n.d.
tipo_cambio,PD04640PD,diaria,Tipo de cambio - TC Sistema bancario SBS (S/ por US$) - Venta,12.Dic.22,3.84
tipo_cambio,PD04640PD,diaria,Tipo de cambio - TC Sistema bancario SBS (S/ por US$) - Venta,13.Dic.22,3.835
tipo_cambio,PD04640PD,diaria,Tipo de cambio - TC Sistema bancario SBS (S/ por US$) - Venta,14.Dic.22,3.841
tipo_cambio,PD04640PD,diaria,Tipo de cambio - TC Sistema bancario SBS (S/ por US$) - Venta,15.Dic.22,3.849
tipo_cambio,PD04640PD,diaria,Tipo de cambio - TC Sistema bancario SBS (S/ por US$) - Venta,16.Dic.22,3.853
tipo_cambio,PD04640PD,diaria,Tipo de cambio - TC Sistema bancario SBS (S/ por US$) - Venta,19.Dic.22,3.842
tipo_cambio,PD04640PD,diaria,Tipo de cambio - TC Sistema bancario SBS (S/ por US$) - Venta,20.Dic.22,3.839
tipo_cambio,PD04640PD,diaria,Tipo de cambio - TC Sistema bancario SBS (S/ por US$) - Venta,21.Dic.22,3.825
tipo_cambio,PD04640PD,diaria,Tipo de cambio - TC Sistema bancario SBS (S/ por US$) - Venta,22.Dic.22,3.819
tipo_cambio,PD04640PD,diaria,Tipo de cambio - TC Sistema bancario SBS (S/ por US$) - Venta,23.Dic.22,3.827
tipo_cambio,PD04640PD,diaria,Tipo de cambio - TC Sistema bancario SBS (S/ por US$) - Venta,26.Dic.22,3.823
tipo_cambio,PD04640PD,diaria,Tipo de cambio - TC Sistema bancario SBS (S/ por US$) - Venta,27.Dic.22,3.822
tipo_cambio,PD04640PD,diaria,Tipo de cambio - TC Sistema bancario SBS (S/ por US$) - Venta,28.Dic.22,3.817
tipo_cambio,PD04640PD,diaria,Tipo de cambio - TC Sistema bancario SBS (S/ por US$) - Venta,29.Dic.22,3.818
tipo_cambio,PD04640PD,diaria,Tipo de cambio - TC Sistema bancario SBS (S/ por US$) - Venta,30.Dic.22,3.82
tipo_cambio,PD04640PD,diaria,Tipo de cambio - TC Sistema bancario SBS (S/ por US$) - Venta,02.Ene.23,n.d.
tipo_cambio,PD04640PD,diaria,Tipo de cambio - TC Sistema bancario SBS (S/ por US$) - Venta,03.Ene.23,3.823
tipo_cambio,PD04640PD,diaria,Tipo de cambio - TC Sistema bancario SBS (S/ por US$) - Venta,04.Ene.23,3.827
tipo_cambio,PD04640PD,diaria,Tipo de cambio - TC Sistema bancario SBS (S/ por US$) - Venta,05.Ene.23,3.83
tipo_cambio,PD04640PD,diaria,Tipo de cambio - TC Sistema bancario SBS (S/ por US$) - Venta,06.Ene.23,3.806
tipo_cambio,PD04640PD,diaria,Tipo de cambio - TC Sistema bancario SBS (S/ por US$) - Venta,09.Ene.23,3.803
tipo_cambio,PD04640PD,diaria,Tipo de cambio - TC Sistema bancario SBS (S/ por US$) - Venta,10.Ene.23,3.806
tipo_cambio,PD04640PD,diaria,Tipo de cambio - TC Sistema bancario SBS (S/ por US$) - Venta,11.Ene.23,3.783
tipo_cambio,PD04640PD,diaria,Tipo de cambio - TC Sistema bancario SBS (S/ por US$) - Venta,12.Ene.23,3.784
tipo_cambio,PD04640PD,diaria,Tipo de cambio - TC Sistema bancario SBS (S/ por US$) - Venta,13.Ene.23,3.806
tipo_cambio,PD04640PD,diaria,Tipo de cambio - TC Sistema bancario SBS (S/ por US$) - Venta,16.Ene.23,3.822
tipo_cambio,PD04640PD,diaria,Tipo de cambio - TC Sistema bancario SBS (S/ por US$) - Venta,17.Ene.23,3.842
tipo_cambio,PD04640PD,diaria,Tipo de cambio - TC Sistema bancario SBS (S/ por US$) - Venta,18.Ene.23,3.836
tipo_cambio,PD04640PD,diaria,Tipo de cambio - TC Sistema bancario SBS (S/ por US$) - Venta,19.Ene.23,3.861
tipo_cambio,PD04640PD,diaria,Tipo de cambio - TC Sistema bancario SBS (S/ por US$) - Venta,20.Ene.23,3.859
tipo_cambio,PD04640PD,diaria,Tipo de cambio - TC Sistema bancario SBS (S/ por US$) - Venta,23.Ene.23,3.873
tipo_cambio,PD04640PD,diaria,Tipo de cambio - TC Sistema bancario SBS (S/ por US$) - Venta,24.Ene.23,3.885
tipo_cambio,PD04640PD,diaria,Tipo de cambio - TC Sistema bancario SBS (S/ por US$) - Venta,25.Ene.23,3.9
tipo_cambio,PD04640PD,diaria,Tipo de cambio - TC Sistema bancario SBS (S/ por US$) - Venta,26.Ene.23,3.867
tipo_cambio,PD04640PD,diaria,Tipo de cambio - TC Sistema bancario SBS (S/ por US$) - Venta,27.Ene.23,3.829
tipo_cambio,PD04640PD,diaria,Tipo de cambio - TC Sistema bancario SBS (S/ por US$) - Venta,30.Ene.23,3.859
tipo_cambio,PD04640PD,diaria,Tipo de cambio - TC Sistema bancario SBS (S/ por US$) - Venta,31.Ene.23,3.851
tipo_cambio,PD04640PD,diaria,Tipo de cambio - TC Sistema bancario SBS (S/ por US$) - Venta,01.Feb.23,3.848
tipo_cambio,PD04640PD,diaria,Tipo de cambio - TC Sistema bancario SBS (S/ por US$) - Venta,02.Feb.23,3.835
tipo_cambio,PD04640PD,diaria,Tipo de cambio - TC Sistema bancario SBS (S/ por US$) - Venta,03.Feb.23,3.847
tipo_cambio,PD04640PD,diaria,Tipo de cambio - TC Sistema bancario SBS (S/ por US$) - Venta,06.Feb.23,3.855
tipo_cambio,PD04640PD,diaria,Tipo de cambio - TC Sistema bancario SBS (S/ por US$) - Venta,07.Feb.23,3.848
tipo_cambio,PD04640PD,diaria,Tipo de cambio - TC Sistema bancario SBS (S/ por US$) - Venta,08.Feb.23,3.856
tipo_cambio,PD04640PD,diaria,Tipo de cambio - TC Sistema bancario SBS (S/ por US$) - Venta,09.Feb.23,3.869
tipo_cambio,PD04640PD,diaria,Tipo de cambio - TC Sistema bancario SBS (S/ por US$) - Venta,10.Feb.23,3.858
tipo_cambio,PD04640PD,diaria,Tipo de cambio - TC Sistema bancario SBS (S/ por US$) - Venta,13.Feb.23,3.854
tipo_cambio,PD04640PD,diaria,Tipo de cambio - TC Sistema bancario SBS (S/ por US$) - Venta,14.Feb.23,3.861
tipo_cambio,PD04640PD,diaria,Tipo de cambio - TC Sistema bancario SBS (S/ por US$) - Venta,15.Feb.23,3.865
tipo_cambio,PD04640PD,diaria,Tipo de cambio - TC Sistema bancario SBS (S/ por US$) - Venta,16.Feb.23,3.868
tipo_cambio,PD04640PD,diaria,Tipo de cambio - TC Sistema bancario SBS (S/ por US$) - Venta,17.Feb.23,3.849
tipo_cambio,PD04640PD,diaria,Tipo de cambio - TC Sistema bancario SBS (S/ por US$) - Venta,20.Feb.23,3.85
tipo_cambio,PD04640PD,diaria,Tipo de cambio - TC Sistema bancario SBS (S/ por US$) - Venta,21.Feb.23,3.836
tipo_cambio,PD04640PD,diaria,Tipo de cambio - TC Sistema bancario SBS (S/ por US$) - Venta,22.Feb.23,3.827
tipo_cambio,PD04640PD,diaria,Tipo de cambio - TC Sistema bancario SBS (S/ por US$) - Venta,23.Feb.23,3.805
tipo_cambio,PD04640PD,diaria,Tipo de cambio - TC Sistema bancario SBS (S/ por US$) - Venta,24.Feb.23,3.82
tipo_cambio,PD04640PD,diaria,Tipo de cambio - TC Sistema bancario SBS (S/ por US$) - Venta,27.Feb.23,3.816
tipo_cambio,PD04640PD,diaria,Tipo de cambio - TC Sistema bancario SBS (S/ por US$) - Venta,28.Feb.23,3.81
tipo_cambio,PD04640PD,diaria,Tipo de cambio - TC Sistema bancario SBS (S/ por US$) - Venta,01.Mar.23,3.784
tipo_cambio,PD04640PD,diaria,Tipo de cambio - TC Sistema bancario SBS (S/ por US$) - Venta,02.Mar.23,3.784
tipo_cambio,PD04640PD,diaria,Tipo de cambio - TC Sistema bancario SBS (S/ por US$) - Venta,03.Mar.23,3.789
tipo_cambio,PD04640PD,diaria,Tipo de cambio - TC Sistema bancario SBS (S/ por US$) - Venta,06.Mar.23,3.788
tipo_cambio,PD04640PD,diaria,Tipo de cambio - TC Sistema bancario SBS (S/ por US$) - Venta,07.Mar.23,3.789
tipo_cambio,PD04640PD,diaria,Tipo de cambio - TC Sistema bancario SBS (S/ por US$) - Venta,08.Mar.23,3.788
tipo_cambio,PD04640PD,diaria,Tipo de cambio - TC Sistema bancario SBS (S/ por US$) - Venta,09.Mar.23,3.792
tipo_cambio,PD04640PD,diaria,Tipo de cambio - TC Sistema bancario SBS (S/ por US$) - Venta,10.Mar.23,3.786
tipo_cambio,PD04640PD,diaria,Tipo de cambio - TC Sistema bancario SBS (S/ por US$) - Venta,13.Mar.23,3.803
tipo_cambio,PD04640PD,diaria,Tipo de cambio - TC Sistema bancario SBS (S/ por US$) - Venta,14.Mar.23,3.789
tipo_cambio,PD04640PD,diaria,Tipo de cambio - TC Sistema bancario SBS (S/ por US$) - Venta,15.Mar.23,3.808
tipo_cambio,PD04640PD,diaria,Tipo de cambio - TC Sistema bancario SBS (S/ por US$) - Venta,16.Mar.23,3.801
tipo_cambio,PD04640PD,diaria,Tipo de cambio - TC Sistema bancario SBS (S/ por US$) - Venta,17.Mar.23,3.798
tipo_cambio,PD04640PD,diaria,Tipo de cambio - TC Sistema bancario SBS (S/ por US$) - Venta,20.Mar.23,3.785
tipo_cambio,PD04640PD,diaria,Tipo de cambio - TC Sistema bancario SBS (S/ por US$) - Venta,21.Mar.23,3.77
tipo_cambio,PD04640PD,diaria,Tipo de cambio - TC Sistema bancario SBS (S/ por US$) - Venta,22.Mar.23,3.774
tipo_cambio,PD04640PD,diaria,Tipo de cambio - TC Sistema bancario SBS (S/ por US$) - Venta,23.Mar.23,3.767
tipo_cambio,PD04640PD,diaria,Tipo de cambio - TC Sistema bancario SBS (S/ por US$) - Venta,24.Mar.23,3.773
tipo_cambio,PD04640PD,diaria,Tipo de cambio - TC Sistema bancario SBS (S/ por US$) - Venta,27.Mar.23,3.772
tipo_cambio,PD04640PD,diaria,Tipo de cambio - TC Sistema bancario SBS (S/ por US$) - Venta,28.Mar.23,3.768
tipo_cambio,PD04640PD,diaria,Tipo de cambio - TC Sistema bancario SBS (S/ por US$) - Venta,29.Mar.23,3.759
tipo_cambio,PD04640PD,diaria,Tipo de cambio - TC Sistema bancario SBS (S/ por US$) - Venta,30.Mar.23,3.761
tipo_cambio,PD04640PD,diaria,Tipo de cambio - TC Sistema bancario SBS (S/ por US$) - Venta,31.Mar.23,3.765
tipo_cambio,PD04640PD,diaria,Tipo de cambio - TC Sistema bancario SBS (S/ por US$) - Venta,03.Abr.23,3.77
tipo_cambio,PD04640PD,diaria,Tipo de cambio - TC Sistema bancario SBS (S/ por US$) - Venta,04.Abr.23,3.773
tipo_cambio,PD04640PD,diaria,Tipo de cambio - TC Sistema bancario SBS (S/ por US$) - Venta,05.Abr.23,3.774
tipo_cambio,PD04640PD,diaria,Tipo de cambio - TC Sistema bancario SBS (S/ por US$) - Venta,06.Abr.23,n.d.
tipo_cambio,PD04640PD,diaria,Tipo de cambio - TC Sistema bancario SBS (S/ por US$) - Venta,07.Abr.23,n.d.
tipo_cambio,PD04640PD,diaria,Tipo de cambio - TC Sistema bancario SBS (S/ por US$) - Venta,10.Abr.23,3.781
tipo_cambio,PD04640PD,diaria,Tipo de cambio - TC Sistema bancario SBS (S/ por US$) - Venta,11.Abr.23,3.787
tipo_cambio,PD04640PD,diaria,Tipo de cambio - TC Sistema bancario SBS (S/ por US$) - Venta,12.Abr.23,3.78
tipo_cambio,PD04640PD,diaria,Tipo de cambio - TC Sistema bancario SBS (S/ por US$) - Venta,13.Abr.23,3.777
tipo_cambio,PD04640PD,diaria,Tipo de cambio - TC Sistema bancario SBS (S/ por US$) - Venta,14.Abr.23,3.784
tipo_cambio,PD04640PD,diaria,Tipo de cambio - TC Sistema bancario SBS (S/ por US$) - Venta,17.Abr.23,3.785
tipo_cambio,PD04640PD,diaria,Tipo de cambio - TC Sistema bancario SBS (S/ por US$) - Venta,18.Abr.23,3.781
tipo_cambio,PD04640PD,diaria,Tipo de cambio - TC Sistema bancario SBS (S/ por US$) - Venta,19.Abr.23,3.781
tipo_cambio,PD04640PD,diaria,Tipo de cambio - TC Sistema bancario SBS (S/ por US$) - Venta,20.Abr.23,3.768
tipo_cambio,PD04640PD,diaria,Tipo de cambio - TC Sistema bancario SBS (S/ por US$) - Venta,21.Abr.23,3.768
tipo_cambio,PD04640PD,diaria,Tipo de cambio - TC Sistema bancario SBS (S/ por US$) - Venta,24.Abr.23,3.761
tipo_cambio,PD04640PD,diaria,Tipo de cambio - TC Sistema bancario SBS (S/ por US$) - Venta,25.Abr.23,3.762
tipo_cambio,PD04640PD,diaria,Tipo de cambio - TC Sistema bancario SBS (S/ por US$) - Venta,26.Abr.23,3.75
tipo_cambio,PD04640PD,diaria,Tipo de cambio - TC Sistema bancario SBS (S/ por US$) - Venta,27.Abr.23,3.737
tipo_cambio,PD04640PD,diaria,Tipo de cambio - TC Sistema bancario SBS (S/ por US$) - Venta,28.Abr.23,3.719
tipo_cambio,PD04640PD,diaria,Tipo de cambio - TC Sistema bancario SBS (S/ por US$) - Venta,01.May.23,n.d.
tipo_cambio,PD04640PD,diaria,Tipo de cambio - TC Sistema bancario SBS (S/ por US$) - Venta,02.May.23,3.715
tipo_cambio,PD04640PD,diaria,Tipo de cambio - TC Sistema bancario SBS (S/ por US$) - Venta,03.May.23,3.709
tipo_cambio,PD04640PD,diaria,Tipo de cambio - TC Sistema bancario SBS (S/ por US$) - Venta,04.May.23,3.719
tipo_cambio,PD04640PD,diaria,Tipo de cambio - TC Sistema bancario SBS (S/ por US$) - Venta,05.May.23,3.717
tipo_cambio,PD04640PD,diaria,Tipo de cambio - TC Sistema bancario SBS (S/ por US$) - Venta,08.May.23,3.71
tipo_cambio,PD04640PD,diaria,Tipo de cambio - TC Sistema bancario SBS (S/ por US$) - Venta,09.May.23,3.702
tipo_cambio,PD04640PD,diaria,Tipo de cambio - TC Sistema bancario SBS (S/ por US$) - Venta,10.May.23,3.678
tipo_cambio,PD04640PD,diaria,Tipo de cambio - TC Sistema bancario SBS (S/ por US$) - Venta,11.May.23,3.683
tipo_cambio,PD04640PD,diaria,Tipo de cambio - TC Sistema bancario SBS (S/ por US$) - Venta,12.May.23,3.659
tipo_cambio,PD04640PD,diaria,Tipo de cambio - TC Sistema bancario SBS (S/ por US$) - Venta,15.May.23,3.667
tipo_cambio,PD04640PD,diaria,Tipo de cambio - TC Sistema bancario SBS (S/ por US$) - Venta,16.May.23,3.683
tipo_cambio,PD04640PD,diaria,Tipo de cambio - TC Sistema bancario SBS (S/ por US$) - Venta,17.May.23,3.697
tipo_cambio,PD04640PD,diaria,Tipo de cambio - TC Sistema bancario SBS (S/ por US$) - Venta,18.May.23,3.702
tipo_cambio,PD04640PD,diaria,Tipo de cambio - TC Sistema bancario SBS (S/ por US$) - Venta,19.May.23,3.696
tipo_cambio,PD04640PD,diaria,Tipo de cambio - TC Sistema bancario SBS (S/ por US$) - Venta,22.May.23,3.695
tipo_cambio,PD04640PD,diaria,Tipo de cambio - TC Sistema bancario SBS (S/ por US$) - Venta,23.May.23,3.695
tipo_cambio,PD04640PD,diaria,Tipo de cambio - TC Sistema bancario SBS (S/ por US$) - Venta,24.May.23,3.69
tipo_cambio,PD04640PD,diaria,Tipo de cambio - TC Sistema bancario SBS (S/ por US$) - Venta,25.May.23,3.698
tipo_cambio,PD04640PD,diaria,Tipo de cambio - TC Sistema bancario SBS (S/ por US$) - Venta,26.May.23,3.675
tipo_cambio,PD04640PD,diaria,Tipo de cambio - TC Sistema bancario SBS (S/ por US$) - Venta,29.May.23,3.68
tipo_cambio,PD04640PD,diaria,Tipo de cambio - TC Sistema bancario SBS (S/ por US$) - Venta,30.May.23,3.677
tipo_cambio,PD04640PD,diaria,Tipo de cambio - TC Sistema bancario SBS (S/ por US$) - Venta,31.May.23,3.682
tipo_cambio,PD04640PD,diaria,Tipo de cambio - TC Sistema bancario SBS (S/ por US$) - Venta,01.Jun.23,3.684
tipo_cambio,PD04640PD,diaria,Tipo de cambio - TC Sistema bancario SBS (S/ por US$) - Venta,02.Jun.23,3.688
tipo_cambio,PD04640PD,diaria,Tipo de cambio - TC Sistema bancario SBS (S/ por US$) - Venta,05.Jun.23,3.68
tipo_cambio,PD04640PD,diaria,Tipo de cambio - TC Sistema bancario SBS (S/ por US$) - Venta,06.Jun.23,3.691
tipo_cambio,PD04640PD,diaria,Tipo de cambio - TC Sistema bancario SBS (S/ por US$) - Venta,07.Jun.23,3.674
tipo_cambio,PD04640PD,diaria,Tipo de cambio - TC Sistema bancario SBS (S/ por US$) - Venta,08.Jun.23,3.661
tipo_cambio,PD04640PD,diaria,Tipo de cambio - TC Sistema bancario SBS (S/ por US$) - Venta,09.Jun.23,3.646
tipo_cambio,PD04640PD,diaria,Tipo de cambio - TC Sistema bancario SBS (S/ por US$) - Venta,12.Jun.23,3.658
tipo_cambio,PD04640PD,diaria,Tipo de cambio - TC Sistema bancario SBS (S/ por US$) - Venta,13.Jun.23,3.648
tipo_cambio,PD04640PD,diaria,Tipo de cambio - TC Sistema bancario SBS (S/ por US$) - Venta,14.Jun.23,3.652
tipo_cambio,PD04640PD,diaria,Tipo de cambio - TC Sistema bancario SBS (S/ por US$) - Venta,15.Jun.23,3.654
tipo_cambio,PD04640PD,diaria,Tipo de cambio - TC Sistema bancario SBS (S/ por US$) - Venta,16.Jun.23,3.645
tipo_cambio,PD04640PD,diaria,Tipo de cambio - TC Sistema bancario SBS (S/ por US$) - Venta,19.Jun.23,3.647
tipo_cambio,PD04640PD,diaria,Tipo de cambio - TC Sistema bancario SBS (S/ por US$) - Venta,20.Jun.23,3.648
tipo_cambio,PD04640PD,diaria,Tipo de cambio - TC Sistema bancario SBS (S/ por US$) - Venta,21.Jun.23,3.645
tipo_cambio,PD04640PD,diaria,Tipo de cambio - TC Sistema bancario SBS (S/ por US$) - Venta,22.Jun.23,3.641
tipo_cambio,PD04640PD,diaria,Tipo de cambio - TC Sistema bancario SBS (S/ por US$) - Venta,23.Jun.23,3.638
tipo_cambio,PD04640PD,diaria,Tipo de cambio - TC Sistema bancario SBS (S/ por US$) - Venta,26.Jun.23,3.642
tipo_cambio,PD04640PD,diaria,Tipo de cambio - TC Sistema bancario SBS (S/ por US$) - Venta,27.Jun.23,3.64
tipo_cambio,PD04640PD,diaria,Tipo de cambio - TC Sistema bancario SBS (S/ por US$) - Venta,28.Jun.23,3.636
tipo_cambio,PD04640PD,diaria,Tipo de cambio - TC Sistema bancario SBS (S/ por US$) - Venta,29.Jun.23,n.d.
tipo_cambio,PD04640PD,diaria,Tipo de cambio - TC Sistema bancario SBS (S/ por US$) - Venta,30.Jun.23,3.633
tipo_cambio,PD04640PD,diaria,Tipo de cambio - TC Sistema bancario SBS (S/ por US$) - Venta,03.Jul.23,3.63
tipo_cambio,PD04640PD,diaria,Tipo de cambio - TC Sistema bancario SBS (S/ por US$) - Venta,04.Jul.23,3.634
tipo_cambio,PD04640PD,diaria,Tipo de cambio - TC Sistema bancario SBS (S/ por US$) - Venta,05.Jul.23,3.633
tipo_cambio,PD04640PD,diaria,Tipo de cambio - TC Sistema bancario SBS (S/ por US$) - Venta,06.Jul.23,3.648
tipo_cambio,PD04640PD,diaria,Tipo de cambio - TC Sistema bancario SBS (S/ por US$) - Venta,07.Jul.23,3.643
tipo_cambio,PD04640PD,diaria,Tipo de cambio - TC Sistema bancario SBS (S/ por US$) - Venta,10.Jul.23,3.643
tipo_cambio,PD04640PD,diaria,Tipo de cambio - TC Sistema bancario SBS (S/ por US$) - Venta,11.Jul.23,3.638
tipo_cambio,PD04640PD,diaria,Tipo de cambio - TC Sistema bancario SBS (S/ por US$) - Venta,12.Jul.23,3.599
tipo_cambio,PD04640PD,diaria,Tipo de cambio - TC Sistema bancario SBS (S/ por US$) - Venta,13.Jul.23,3.573
tipo_cambio,PD04640PD,diaria,Tipo de cambio - TC Sistema bancario SBS (S/ por US$) - Venta,14.Jul.23,3.567
tipo_cambio,PD04640PD,diaria,Tipo de cambio - TC Sistema bancario SBS (S/ por US$) - Venta,17.Jul.23,3.57
tipo_cambio,PD04640PD,diaria,Tipo de cambio - TC Sistema bancario SBS (S/ por US$) - Venta,18.Jul.23,3.557
tipo_cambio,PD04640PD,diaria,Tipo de cambio - TC Sistema bancario SBS (S/ por US$) - Venta,19.Jul.23,3.589
tipo_cambio,PD04640PD,diaria,Tipo de cambio - TC Sistema bancario SBS (S/ por US$) - Venta,20.Jul.23,3.592
tipo_cambio,PD04640PD,diaria,Tipo de cambio - TC Sistema bancario SBS (S/ por US$) - Venta,21.Jul.23,3.591
tipo_cambio,PD04640PD,diaria,Tipo de cambio - TC Sistema bancario SBS (S/ por US$) - Venta,24.Jul.23,3.588
tipo_cambio,PD04640PD,diaria,Tipo de cambio - TC Sistema bancario SBS (S/ por US$) - Venta,25.Jul.23,3.604
tipo_cambio,PD04640PD,diaria,Tipo de cambio - TC Sistema bancario SBS (S/ por US$) - Venta,26.Jul.23,3.602
tipo_cambio,PD04640PD,diaria,Tipo de cambio - TC Sistema bancario SBS (S/ por US$) - Venta,27.Jul.23,3.602
tipo_cambio,PD04640PD,diaria,Tipo de cambio - TC Sistema bancario SBS (S/ por US$) - Venta,28.Jul.23,n.d.
tipo_cambio,PD04640PD,diaria,Tipo de cambio - TC Sistema bancario SBS (S/ por US$) - Venta,31.Jul.23,3.614
tipo_cambio,PD04640PD,diaria,Tipo de cambio - TC Sistema bancario SBS (S/ por US$) - Venta,01.Ago.23,3.634
tipo_cambio,PD04640PD,diaria,Tipo de cambio - TC Sistema bancario SBS (S/ por US$) - Venta,02.Ago.23,3.661
tipo_cambio,PD04640PD,diaria,Tipo de cambio - TC Sistema bancario SBS (S/ por US$) - Venta,03.Ago.23,3.696
tipo_cambio,PD04640PD,diaria,Tipo de cambio - TC Sistema bancario SBS (S/ por US$) - Venta,04.Ago.23,3.692
tipo_cambio,PD04640PD,diaria,Tipo de cambio - TC Sistema bancario SBS (S/ por US$) - Venta,07.Ago.23,3.694
tipo_cambio,PD04640PD,diaria,Tipo de cambio - TC Sistema bancario SBS (S/ por US$) - Venta,08.Ago.23,3.71
tipo_cambio,PD04640PD,diaria,Tipo de cambio - TC Sistema bancario SBS (S/ por US$) - Venta,09.Ago.23,3.699
tipo_cambio,PD04640PD,diaria,Tipo de cambio - TC Sistema bancario SBS (S/ por US$) - Venta,10.Ago.23,3.678
tipo_cambio,PD04640PD,diaria,Tipo de cambio - TC Sistema bancario SBS (S/ por US$) - Venta,11.Ago.23,3.684
tipo_cambio,PD04640PD,diaria,Tipo de cambio - TC Sistema bancario SBS (S/ por US$) - Venta,14.Ago.23,3.703
tipo_cambio,PD04640PD,diaria,Tipo de cambio - TC Sistema bancario SBS (S/ por US$) - Venta,15.Ago.23,3.719
tipo_cambio,PD04640PD,diaria,Tipo de cambio - TC Sistema bancario SBS (S/ por US$) - Venta,16.Ago.23,3.717
tipo_cambio,PD04640PD,diaria,Tipo de cambio - TC Sistema bancario SBS (S/ por US$) - Venta,17.Ago.23,3.73
tipo_cambio,PD04640PD,diaria,Tipo de cambio - TC Sistema bancario SBS (S/ por US$) - Venta,18.Ago.23,3.72
tipo_cambio,PD04640PD,diaria,Tipo de cambio - TC Sistema bancario SBS (S/ por US$) - Venta,21.Ago.23,3.722
tipo_cambio,PD04640PD,diaria,Tipo de cambio - TC Sistema bancario SBS (S/ por US$) - Venta,22.Ago.23,3.729
tipo_cambio,PD04640PD,diaria,Tipo de cambio - TC Sistema bancario SBS (S/ por US$) - Venta,23.Ago.23,3.716
tipo_cambio,PD04640PD,diaria,Tipo de cambio - TC Sistema bancario SBS (S/ por US$) - Venta,24.Ago.23,3.701
tipo_cambio,PD04640PD,diaria,Tipo de cambio - TC Sistema bancario SBS (S/ por US$) - Venta,25.Ago.23,3.699
tipo_cambio,PD04640PD,diaria,Tipo de cambio - TC Sistema bancario SBS (S/ por US$) - Venta,28.Ago.23,3.699
tipo_cambio,PD04640PD,diaria,Tipo de cambio - TC Sistema bancario SBS (S/ por US$) - Venta,29.Ago.23,3.696
tipo_cambio,PD04640PD,diaria,Tipo de cambio - TC Sistema bancario SBS (S/ por US$) - Venta,30.Ago.23,n.d.
tipo_cambio,PD04640PD,diaria,Tipo de cambio - TC Sistema bancario SBS (S/ por US$) - Venta,31.Ago.23,3.699
tipo_cambio,PD04640PD,diaria,Tipo de cambio - TC Sistema bancario SBS (S/ por US$) - Venta,01.Set.23,3.695
tipo_cambio,PD04640PD,diaria,Tipo de cambio - TC Sistema bancario SBS (S/ por US$) - Venta,04.Set.23,3.698
tipo_cambio,PD04640PD,diaria,Tipo de cambio - TC Sistema bancario SBS (S/ por US$) - Venta,05.Set.23,3.709
tipo_cambio,PD04640PD,diaria,Tipo de cambio - TC Sistema bancario SBS (S/ por US$) - Venta,06.Set.23,3.708
tipo_cambio,PD04640PD,diaria,Tipo de cambio - TC Sistema bancario SBS (S/ por US$) - Venta,07.Set.23,3.713
tipo_cambio,PD04640PD,diaria,Tipo de cambio - TC Sistema bancario SBS (S/ por US$) - Venta,08.Set.23,3.716
tipo_cambio,PD04640PD,diaria,Tipo de cambio - TC Sistema bancario SBS (S/ por US$) - Venta,11.Set.23,3.704
tipo_cambio,PD04640PD,diaria,Tipo de cambio - TC Sistema bancario SBS (S/ por US$) - Venta,12.Set.23,3.708
tipo_cambio,PD04640PD,diaria,Tipo de cambio - TC Sistema bancario SBS (S/ por US$) - Venta,13.Set.23,3.706
tipo_cambio,PD04640PD,diaria,Tipo de cambio - TC Sistema bancario SBS (S/ por US$) - Venta,14.Set.23,3.712
tipo_cambio,PD04640PD,diaria,Tipo de cambio - TC Sistema bancario SBS (S/ por US$) - Venta,15.Set.23,3.722
tipo_cambio,PD04640PD,diaria,Tipo de cambio - TC Sistema bancario SBS (S/ por US$) - Venta,18.Set.23,3.714
tipo_cambio,PD04640PD,diaria,Tipo de cambio - TC Sistema bancario SBS (S/ por US$) - Venta,19.Set.23,3.717
tipo_cambio,PD04640PD,diaria,Tipo de cambio - TC Sistema bancario SBS (S/ por US$) - Venta,20.Set.23,3.718
tipo_cambio,PD04640PD,diaria,Tipo de cambio - TC Sistema bancario SBS (S/ por US$) - Venta,21.Set.23,3.744
tipo_cambio,PD04640PD,diaria,Tipo de cambio - TC Sistema bancario SBS (S/ por US$) - Venta,22.Set.23,3.748
tipo_cambio,PD04640PD,diaria,Tipo de cambio - TC Sistema bancario SBS (S/ por US$) - Venta,25.Set.23,3.773
tipo_cambio,PD04640PD,diaria,Tipo de cambio - TC Sistema bancario SBS (S/ por US$) - Venta,26.Set.23,3.787
tipo_cambio,PD04640PD,diaria,Tipo de cambio - TC Sistema bancario SBS (S/ por US$) - Venta,27.Set.23,3.799
tipo_cambio,PD04640PD,diaria,Tipo de cambio - TC Sistema bancario SBS (S/ por US$) - Venta,28.Set.23,3.806
tipo_cambio,PD04640PD,diaria,Tipo de cambio - TC Sistema bancario SBS (S/ por US$) - Venta,29.Set.23,3.797
tipo_cambio,PD04640PD,diaria,Tipo de cambio - TC Sistema bancario SBS (S/ por US$) - Venta,02.Oct.23,3.807
tipo_cambio,PD04640PD,diaria,Tipo de cambio - TC Sistema bancario SBS (S/ por US$) - Venta,03.Oct.23,3.812
tipo_cambio,PD04640PD,diaria,Tipo de cambio - TC Sistema bancario SBS (S/ por US$) - Venta,04.Oct.23,3.818
tipo_cambio,PD04640PD,diaria,Tipo de cambio - TC Sistema bancario SBS (S/ por US$) - Venta,05.Oct.23,3.826
tipo_cambio,PD04640PD,diaria,Tipo de cambio - TC Sistema bancario SBS (S/ por US$) - Venta,06.Oct.23,3.828
tipo_cambio,PD04640PD,diaria,Tipo de cambio - TC Sistema bancario SBS (S/ por US$) - Venta,09.Oct.23,3.837
tipo_cambio,PD04640PD,diaria,Tipo de cambio - TC Sistema bancario SBS (S/ por US$) - Venta,10.Oct.23,3.828
tipo_cambio,PD04640PD,diaria,Tipo de cambio - TC Sistema bancario SBS (S/ por US$) - Venta,11.Oct.23,3.826
tipo_cambio,PD04640PD,diaria,Tipo de cambio - TC Sistema bancario SBS (S/ por US$) - Venta,12.Oct.23,3.841
tipo_cambio,PD04640PD,diaria,Tipo de cambio - TC Sistema bancario SBS (S/ por US$) - Venta,13.Oct.23,3.85
tipo_cambio,PD04640PD,diaria,Tipo de cambio - TC Sistema bancario SBS (S/ por US$) - Venta,16.Oct.23,3.859
tipo_cambio,PD04640PD,diaria,Tipo de cambio - TC Sistema bancario SBS (S/ por US$) - Venta,17.Oct.23,3.861
tipo_cambio,PD04640PD,diaria,Tipo de cambio - TC Sistema bancario SBS (S/ por US$) - Venta,18.Oct.23,3.872
tipo_cambio,PD04640PD,diaria,Tipo de cambio - TC Sistema bancario SBS (S/ por US$) - Venta,19.Oct.23,3.873
tipo_cambio,PD04640PD,diaria,Tipo de cambio - TC Sistema bancario SBS (S/ por US$) - Venta,20.Oct.23,3.876
tipo_cambio,PD04640PD,diaria,Tipo de cambio - TC Sistema bancario SBS (S/ por US$) - Venta,23.Oct.23,3.877
tipo_cambio,PD04640PD,diaria,Tipo de cambio - TC Sistema bancario SBS (S/ por US$) - Venta,24.Oct.23,3.87
tipo_cambio,PD04640PD,diaria,Tipo de cambio - TC Sistema bancario SBS (S/ por US$) - Venta,25.Oct.23,3.871
tipo_cambio,PD04640PD,diaria,Tipo de cambio - TC Sistema bancario SBS (S/ por US$) - Venta,26.Oct.23,3.872
tipo_cambio,PD04640PD,diaria,Tipo de cambio - TC Sistema bancario SBS (S/ por US$) - Venta,27.Oct.23,3.863
tipo_cambio,PD04640PD,diaria,Tipo de cambio - TC Sistema bancario SBS (S/ por US$) - Venta,30.Oct.23,3.851
tipo_cambio,PD04640PD,diaria,Tipo de cambio - TC Sistema bancario SBS (S/ por US$) - Venta,31.Oct.23,3.842
tipo_cambio,PD04640PD,diaria,Tipo de cambio - TC Sistema bancario SBS (S/ por US$) - Venta,01.Nov.23,n.d.
tipo_cambio,PD04640PD,diaria,Tipo de cambio - TC Sistema bancario SBS (S/ por US$) - Venta,02.Nov.23,3.807
tipo_cambio,PD04640PD,diaria,Tipo de cambio - TC Sistema bancario SBS (S/ por US$) - Venta,03.Nov.23,3.759
tipo_cambio,PD04640PD,diaria,Tipo de cambio - TC Sistema bancario SBS (S/ por US$) - Venta,06.Nov.23,3.765
tipo_cambio,PD04640PD,diaria,Tipo de cambio - TC Sistema bancario SBS (S/ por US$) - Venta,07.Nov.23,3.775
tipo_cambio,PD04640PD,diaria,Tipo de cambio - TC Sistema bancario SBS (S/ por US$) - Venta,08.Nov.23,3.797
tipo_cambio,PD04640PD,diaria,Tipo de cambio - TC Sistema bancario SBS (S/ por US$) - Venta,09.Nov.23,3.797
tipo_cambio,PD04640PD,diaria,Tipo de cambio - TC Sistema bancario SBS (S/ por US$) - Venta,10.Nov.23,3.813
tipo_cambio,PD04640PD,diaria,Tipo de cambio - TC Sistema bancario SBS (S/ por US$) - Venta,13.Nov.23,3.813
tipo_cambio,PD04640PD,diaria,Tipo de cambio - TC Sistema bancario SBS (S/ por US$) - Venta,14.Nov.23,3.777
tipo_cambio,PD04640PD,diaria,Tipo de cambio - TC Sistema bancario SBS (S/ por US$) - Venta,15.Nov.23,3.775
tipo_cambio,PD04640PD,diaria,Tipo de cambio - TC Sistema bancario SBS (S/ por US$) - Venta,16.Nov.23,3.772
tipo_cambio,PD04640PD,diaria,Tipo de cambio - TC Sistema bancario SBS (S/ por US$) - Venta,17.Nov.23,3.775
tipo_cambio,PD04640PD,diaria,Tipo de cambio - TC Sistema bancario SBS (S/ por US$) - Venta,20.Nov.23,3.749
tipo_cambio,PD04640PD,diaria,Tipo de cambio - TC Sistema bancario SBS (S/ por US$) - Venta,21.Nov.23,3.745
tipo_cambio,PD04640PD,diaria,Tipo de cambio - TC Sistema bancario SBS (S/ por US$) - Venta,22.Nov.23,3.746
tipo_cambio,PD04640PD,diaria,Tipo de cambio - TC Sistema bancario SBS (S/ por US$) - Venta,23.Nov.23,3.741
tipo_cambio,PD04640PD,diaria,Tipo de cambio - TC Sistema bancario SBS (S/ por US$) - Venta,24.Nov.23,3.739
tipo_cambio,PD04640PD,diaria,Tipo de cambio - TC Sistema bancario SBS (S/ por US$) - Venta,27.Nov.23,3.729
tipo_cambio,PD04640PD,diaria,Tipo de cambio - TC Sistema bancario SBS (S/ por US$) - Venta,28.Nov.23,3.732
tipo_cambio,PD04640PD,diaria,Tipo de cambio - TC Sistema bancario SBS (S/ por US$) - Venta,29.Nov.23,3.737
tipo_cambio,PD04640PD,diaria,Tipo de cambio - TC Sistema bancario SBS (S/ por US$) - Venta,30.Nov.23,3.739
tipo_cambio,PD04640PD,diaria,Tipo de cambio - TC Sistema bancario SBS (S/ por US$) - Venta,01.Dic.23,3.737
tipo_cambio,PD04640PD,diaria,Tipo de cambio - TC Sistema bancario SBS (S/ por US$) - Venta,04.Dic.23,3.744
tipo_cambio,PD04640PD,diaria,Tipo de cambio - TC Sistema bancario SBS (S/ por US$) - Venta,05.Dic.23,3.755
tipo_cambio,PD04640PD,diaria,Tipo de cambio - TC Sistema bancario SBS (S/ por US$) - Venta,06.Dic.23,3.757
tipo_cambio,PD04640PD,diaria,Tipo de cambio - TC Sistema bancario SBS (S/ por US$) - Venta,07.Dic.23,3.757
tipo_cambio,PD04640PD,diaria,Tipo de cambio - TC Sistema bancario SBS (S/ por US$) - Venta,08.Dic.23,n.d.
tipo_cambio,PD04640PD,diaria,Tipo de cambio - TC Sistema bancario SBS (S/ por US$) - Venta,11.Dic.23,3.774
tipo_cambio,PD04640PD,diaria,Tipo de cambio - TC Sistema bancario SBS (S/ por US$) - Venta,12.Dic.23,3.778
tipo_cambio,PD04640PD,diaria,Tipo de cambio - TC Sistema bancario SBS (S/ por US$) - Venta,13.Dic.23,3.785
tipo_cambio,PD04640PD,diaria,Tipo de cambio - TC Sistema bancario SBS (S/ por US$) - Venta,14.Dic.23,3.772
tipo_cambio,PD04640PD,diaria,Tipo de cambio - TC Sistema bancario SBS (S/ por US$) - Venta,15.Dic.23,3.771
tipo_cambio,PD04640PD,diaria,Tipo de cambio - TC Sistema bancario SBS (S/ por US$) - Venta,18.Dic.23,3.756
tipo_cambio,PD04640PD,diaria,Tipo de cambio - TC Sistema bancario SBS (S/ por US$) - Venta,19.Dic.23,3.719
tipo_cambio,PD04640PD,diaria,Tipo de cambio - TC Sistema bancario SBS (S/ por US$) - Venta,20.Dic.23,3.712
tipo_cambio,PD04640PD,diaria,Tipo de cambio - TC Sistema bancario SBS (S/ por US$) - Venta,21.Dic.23,3.709
tipo_cambio,PD04640PD,diaria,Tipo de cambio - TC Sistema bancario SBS (S/ por US$) - Venta,22.Dic.23,3.69
tipo_cambio,PD04640PD,diaria,Tipo de cambio - TC Sistema bancario SBS (S/ por US$) - Venta,25.Dic.23,n.d.
tipo_cambio,PD04640PD,diaria,Tipo de cambio - TC Sistema bancario SBS (S/ por US$) - Venta,26.Dic.23,3.696
tipo_cambio,PD04640PD,diaria,Tipo de cambio - TC Sistema bancario SBS (S/ por US$) - Venta,27.Dic.23,3.694
tipo_cambio,PD04640PD,diaria,Tipo de cambio - TC Sistema bancario SBS (S/ por US$) - Venta,28.Dic.23,3.705
tipo_cambio,PD04640PD,diaria,Tipo de cambio - TC Sistema bancario SBS (S/ por US$) - Venta,29.Dic.23,3.713
tipo_cambio,PD04640PD,diaria,Tipo de cambio - TC Sistema bancario SBS (S/ por US$) - Venta,01.Ene.24,n.d.
tipo_cambio,PD04640PD,diaria,Tipo de cambio - TC Sistema bancario SBS (S/ por US$) - Venta,02.Ene.24,n.d.
tipo_cambio,PD04640PD,diaria,Tipo de cambio - TC Sistema bancario SBS (S/ por US$) - Venta,03.Ene.24,3.738
tipo_cambio,PD04640PD,diaria,Tipo de cambio - TC Sistema bancario SBS (S/ por US$) - Venta,04.Ene.24,3.74
tipo_cambio,PD04640PD,diaria,Tipo de cambio - TC Sistema bancario SBS (S/ por US$) - Venta,05.Ene.24,3.723
tipo_cambio,PD04640PD,diaria,Tipo de cambio - TC Sistema bancario SBS (S/ por US$) - Venta,08.Ene.24,3.719
tipo_cambio,PD04640PD,diaria,Tipo de cambio - TC Sistema bancario SBS (S/ por US$) - Venta,09.Ene.24,3.708
tipo_cambio,PD04640PD,diaria,Tipo de cambio - TC Sistema bancario SBS (S/ por US$) - Venta,10.Ene.24,3.704
tipo_cambio,PD04640PD,diaria,Tipo de cambio - TC Sistema bancario SBS (S/ por US$) - Venta,11.Ene.24,3.703
tipo_cambio,PD04640PD,diaria,Tipo de cambio - TC Sistema bancario SBS (S/ por US$) - Venta,12.Ene.24,3.696
tipo_cambio,PD04640PD,diaria,Tipo de cambio - TC Sistema bancario SBS (S/ por US$) - Venta,15.Ene.24,3.704
tipo_cambio,PD04640PD,diaria,Tipo de cambio - TC Sistema bancario SBS (S/ por US$) - Venta,16.Ene.24,3.718
tipo_cambio,PD04640PD,diaria,Tipo de cambio - TC Sistema bancario SBS (S/ por US$) - Venta,17.Ene.24,3.739
tipo_cambio,PD04640PD,diaria,Tipo de cambio - TC Sistema bancario SBS (S/ por US$) - Venta,18.Ene.24,3.742
tipo_cambio,PD04640PD,diaria,Tipo de cambio - TC Sistema bancario SBS (S/ por US$) - Venta,19.Ene.24,3.743
tipo_cambio,PD04640PD,diaria,Tipo de cambio - TC Sistema bancario SBS (S/ por US$) - Venta,22.Ene.24,3.746
tipo_cambio,PD04640PD,diaria,Tipo de cambio - TC Sistema bancario SBS (S/ por US$) - Venta,23.Ene.24,3.755
tipo_cambio,PD04640PD,diaria,Tipo de cambio - TC Sistema bancario SBS (S/ por US$) - Venta,24.Ene.24,3.76
tipo_cambio,PD04640PD,diaria,Tipo de cambio - TC Sistema bancario SBS (S/ por US$) - Venta,25.Ene.24,3.765
tipo_cambio,PD04640PD,diaria,Tipo de cambio - TC Sistema bancario SBS (S/ por US$) - Venta,26.Ene.24,3.786
tipo_cambio,PD04640PD,diaria,Tipo de cambio - TC Sistema bancario SBS (S/ por US$) - Venta,29.Ene.24,3.807
tipo_cambio,PD04640PD,diaria,Tipo de cambio - TC Sistema bancario SBS (S/ por US$) - Venta,30.Ene.24,3.813
tipo_cambio,PD04640PD,diaria,Tipo de cambio - TC Sistema bancario SBS (S/ por US$) - Venta,31.Ene.24,3.808
tipo_cambio,PD04640PD,diaria,Tipo de cambio - TC Sistema bancario SBS (S/ por US$) - Venta,01.Feb.24,3.808
tipo_cambio,PD04640PD,diaria,Tipo de cambio - TC Sistema bancario SBS (S/ por US$) - Venta,02.Feb.24,3.829
tipo_cambio,PD04640PD,diaria,Tipo de cambio - TC Sistema bancario SBS (S/ por US$) - Venta,05.Feb.24,3.852
tipo_cambio,PD04640PD,diaria,Tipo de cambio - TC Sistema bancario SBS (S/ por US$) - Venta,06.Feb.24,3.858
tipo_cambio,PD04640PD,diaria,Tipo de cambio - TC Sistema bancario SBS (S/ por US$) - Venta,07.Feb.24,3.868
tipo_cambio,PD04640PD,diaria,Tipo de cambio - TC Sistema bancario SBS (S/ por US$) - Venta,08.Feb.24,3.854
tipo_cambio,PD04640PD,diaria,Tipo de cambio - TC Sistema bancario SBS (S/ por US$) - Venta,09.Feb.24,3.868
tipo_cambio,PD04640PD,diaria,Tipo de cambio - TC Sistema bancario SBS (S/ por US$) - Venta,12.Feb.24,3.869
tipo_cambio,PD04640PD,diaria,Tipo de cambio - TC Sistema bancario SBS (S/ por US$) - Venta,13.Feb.24,3.883
tipo_cambio,PD04640PD,diaria,Tipo de cambio - TC Sistema bancario SBS (S/ por US$) - Venta,14.Feb.24,3.877
tipo_cambio,PD04640PD,diaria,Tipo de cambio - TC Sistema bancario SBS (S/ por US$) - Venta,15.Feb.24,3.87
tipo_cambio,PD04640PD,diaria,Tipo de cambio - TC Sistema bancario SBS (S/ por US$) - Venta,16.Feb.24,3.844
tipo_cambio,PD04640PD,diaria,Tipo de cambio - TC Sistema bancario SBS (S/ por US$) - Venta,19.Feb.24,3.807
tipo_cambio,PD04640PD,diaria,Tipo de cambio - TC Sistema bancario SBS (S/ por US$) - Venta,20.Feb.24,3.784
tipo_cambio,PD04640PD,diaria,Tipo de cambio - TC Sistema bancario SBS (S/ por US$) - Venta,21.Feb.24,3.797
tipo_cambio,PD04640PD,diaria,Tipo de cambio - TC Sistema bancario SBS (S/ por US$) - Venta,22.Feb.24,3.807
tipo_cambio,PD04640PD,diaria,Tipo de cambio - TC Sistema bancario SBS (S/ por US$) - Venta,23.Feb.24,3.799
tipo_cambio,PD04640PD,diaria,Tipo de cambio - TC Sistema bancario SBS (S/ por US$) - Venta,26.Feb.24,3.803
tipo_cambio,PD04640PD,diaria,Tipo de cambio - TC Sistema bancario SBS (S/ por US$) - Venta,27.Feb.24,3.793
tipo_cambio,PD04640PD,diaria,Tipo de cambio - TC Sistema bancario SBS (S/ por US$) - Venta,28.Feb.24,3.797
tipo_cambio,PD04640PD,diaria,Tipo de cambio - TC Sistema bancario SBS (S/ por US$) - Venta,29.Feb.24,3.782
tipo_cambio,PD04640PD,diaria,Tipo de cambio - TC Sistema bancario SBS (S/ por US$) - Venta,01.Mar.24,3.773
tipo_cambio,PD04640PD,diaria,Tipo de cambio - TC Sistema bancario SBS (S/ por US$) - Venta,04.Mar.24,3.771
tipo_cambio,PD04640PD,diaria,Tipo de cambio - TC Sistema bancario SBS (S/ por US$) - Venta,05.Mar.24,3.77
tipo_cambio,PD04640PD,diaria,Tipo de cambio - TC Sistema bancario SBS (S/ por US$) - Venta,06.Mar.24,3.736
tipo_cambio,PD04640PD,diaria,Tipo de cambio - TC Sistema bancario SBS (S/ por US$) - Venta,07.Mar.24,3.726
tipo_cambio,PD04640PD,diaria,Tipo de cambio - TC Sistema bancario SBS (S/ por US$) - Venta,08.Mar.24,3.696
tipo_cambio,PD04640PD,diaria,Tipo de cambio - TC Sistema bancario SBS (S/ por US$) - Venta,11.Mar.24,3.692
tipo_cambio,PD04640PD,diaria,Tipo de cambio - TC Sistema bancario SBS (S/ por US$) - Venta,12.Mar.24,3.695
tipo_cambio,PD04640PD,diaria,Tipo de cambio - TC Sistema bancario SBS (S/ por US$) - Venta,13.Mar.24,3.671
tipo_cambio,PD04640PD,diaria,Tipo de cambio - TC Sistema bancario SBS (S/ por US$) - Venta,14.Mar.24,3.677
tipo_cambio,PD04640PD,diaria,Tipo de cambio - TC Sistema bancario SBS (S/ por US$) - Venta,15.Mar.24,3.692
tipo_cambio,PD04640PD,diaria,Tipo de cambio - TC Sistema bancario SBS (S/ por US$) - Venta,18.Mar.24,3.698
tipo_cambio,PD04640PD,diaria,Tipo de cambio - TC Sistema bancario SBS (S/ por US$) - Venta,19.Mar.24,3.703
tipo_cambio,PD04640PD,diaria,Tipo de cambio - TC Sistema bancario SBS (S/ por US$) - Venta,20.Mar.24,3.696
tipo_cambio,PD04640PD,diaria,Tipo de cambio - TC Sistema bancario SBS (S/ por US$) - Venta,21.Mar.24,3.701
tipo_cambio,PD04640PD,diaria,Tipo de cambio - TC Sistema bancario SBS (S/ por US$) - Venta,22.Mar.24,3.694
tipo_cambio,PD04640PD,diaria,Tipo de cambio - TC Sistema bancario SBS (S/ por US$) - Venta,25.Mar.24,3.707
tipo_cambio,PD04640PD,diaria,Tipo de cambio - TC Sistema bancario SBS (S/ por US$) - Venta,26.Mar.24,3.727
tipo_cambio,PD04640PD,diaria,Tipo de cambio - TC Sistema bancario SBS (S/ por US$) - Venta,27.Mar.24,3.721
tipo_cambio,PD04640PD,diaria,Tipo de cambio - TC Sistema bancario SBS (S/ por US$) - Venta,28.Mar.24,n.d.
tipo_cambio,PD04640PD,diaria,Tipo de cambio - TC Sistema bancario SBS (S/ por US$) - Venta,29.Mar.24,n.d.
tipo_cambio,PD04640PD,diaria,Tipo de cambio - TC Sistema bancario SBS (S/ por US$) - Venta,01.Abr.24,3.734
tipo_cambio,PD04640PD,diaria,Tipo de cambio - TC Sistema bancario SBS (S/ por US$) - Venta,02.Abr.24,3.711
tipo_cambio,PD04640PD,diaria,Tipo de cambio - TC Sistema bancario SBS (S/ por US$) - Venta,03.Abr.24,3.694
tipo_cambio,PD04640PD,diaria,Tipo de cambio - TC Sistema bancario SBS (S/ por US$) - Venta,04.Abr.24,3.685
tipo_cambio,PD04640PD,diaria,Tipo de cambio - TC Sistema bancario SBS (S/ por US$) - Venta,05.Abr.24,3.691
tipo_cambio,PD04640PD,diaria,Tipo de cambio - TC Sistema bancario SBS (S/ por US$) - Venta,08.Abr.24,3.681
tipo_cambio,PD04640PD,diaria,Tipo de cambio - TC Sistema bancario SBS (S/ por US$) - Venta,09.Abr.24,3.693
tipo_cambio,PD04640PD,diaria,Tipo de cambio - TC Sistema bancario SBS (S/ por US$) - Venta,10.Abr.24,3.71
tipo_cambio,PD04640PD,diaria,Tipo de cambio - TC Sistema bancario SBS (S/ por US$) - Venta,11.Abr.24,3.711
tipo_cambio,PD04640PD,diaria,Tipo de cambio - TC Sistema bancario SBS (S/ por US$) - Venta,12.Abr.24,3.707
tipo_cambio,PD04640PD,diaria,Tipo de cambio - TC Sistema bancario SBS (S/ por US$) - Venta,15.Abr.24,3.725
tipo_cambio,PD04640PD,diaria,Tipo de cambio - TC Sistema bancario SBS (S/ por US$) - Venta,16.Abr.24,3.755
tipo_cambio,PD04640PD,diaria,Tipo de cambio - TC Sistema bancario SBS (S/ por US$) - Venta,17.Abr.24,3.749
tipo_cambio,PD04640PD,diaria,Tipo de cambio - TC Sistema bancario SBS (S/ por US$) - Venta,18.Abr.24,3.744
tipo_cambio,PD04640PD,diaria,Tipo de cambio - TC Sistema bancario SBS (S/ por US$) - Venta,19.Abr.24,3.702
tipo_cambio,PD04640PD,diaria,Tipo de cambio - TC Sistema bancario SBS (S/ por US$) - Venta,22.Abr.24,3.701
tipo_cambio,PD04640PD,diaria,Tipo de cambio - TC Sistema bancario SBS (S/ por US$) - Venta,23.Abr.24,3.701
tipo_cambio,PD04640PD,diaria,Tipo de cambio - TC Sistema bancario SBS (S/ por US$) - Venta,24.Abr.24,3.724
tipo_cambio,PD04640PD,diaria,Tipo de cambio - TC Sistema bancario SBS (S/ por US$) - Venta,25.Abr.24,3.745
tipo_cambio,PD04640PD,diaria,Tipo de cambio - TC Sistema bancario SBS (S/ por US$) - Venta,26.Abr.24,3.756
tipo_cambio,PD04640PD,diaria,Tipo de cambio - TC Sistema bancario SBS (S/ por US$) - Venta,29.Abr.24,3.734
tipo_cambio,PD04640PD,diaria,Tipo de cambio - TC Sistema bancario SBS (S/ por US$) - Venta,30.Abr.24,3.752
tipo_cambio,PD04640PD,diaria,Tipo de cambio - TC Sistema bancario SBS (S/ por US$) - Venta,01.May.24,n.d.
tipo_cambio,PD04640PD,diaria,Tipo de cambio - TC Sistema bancario SBS (S/ por US$) - Venta,02.May.24,3.757
tipo_cambio,PD04640PD,diaria,Tipo de cambio - TC Sistema bancario SBS (S/ por US$) - Venta,03.May.24,3.726
tipo_cambio,PD04640PD,diaria,Tipo de cambio - TC Sistema bancario SBS (S/ por US$) - Venta,06.May.24,3.73
tipo_cambio,PD04640PD,diaria,Tipo de cambio - TC Sistema bancario SBS (S/ por US$) - Venta,07.May.24,3.728
tipo_cambio,PD04640PD,diaria,Tipo de cambio - TC Sistema bancario SBS (S/ por US$) - Venta,08.May.24,3.724
tipo_cambio,PD04640PD,diaria,Tipo de cambio - TC Sistema bancario SBS (S/ por US$) - Venta,09.May.24,3.713
tipo_cambio,PD04640PD,diaria,Tipo de cambio - TC Sistema bancario SBS (S/ por US$) - Venta,10.May.24,3.708
tipo_cambio,PD04640PD,diaria,Tipo de cambio - TC Sistema bancario SBS (S/ por US$) - Venta,13.May.24,3.723
tipo_cambio,PD04640PD,diaria,Tipo de cambio - TC Sistema bancario SBS (S/ por US$) - Venta,14.May.24,3.728
tipo_cambio,PD04640PD,diaria,Tipo de cambio - TC Sistema bancario SBS (S/ por US$) - Venta,15.May.24,3.718
tipo_cambio,PD04640PD,diaria,Tipo de cambio - TC Sistema bancario SBS (S/ por US$) - Venta,16.May.24,3.728
tipo_cambio,PD04640PD,diaria,Tipo de cambio - TC Sistema bancario SBS (S/ por US$) - Venta,17.May.24,3.742
tipo_cambio,PD04640PD,diaria,Tipo de cambio - TC Sistema bancario SBS (S/ por US$) - Venta,20.May.24,3.736
tipo_cambio,PD04640PD,diaria,Tipo de cambio - TC Sistema bancario SBS (S/ por US$) - Venta,21.May.24,3.733
tipo_cambio,PD04640PD,diaria,Tipo de cambio - TC Sistema bancario SBS (S/ por US$) - Venta,22.May.24,3.743
tipo_cambio,PD04640PD,diaria,Tipo de cambio - TC Sistema bancario SBS (S/ por US$) - Venta,23.May.24,3.746
tipo_cambio,PD04640PD,diaria,Tipo de cambio - TC Sistema bancario SBS (S/ por US$) - Venta,24.May.24,3.739
tipo_cambio,PD04640PD,diaria,Tipo de cambio - TC Sistema bancario SBS (S/ por US$) - Venta,27.May.24,3.748
tipo_cambio,PD04640PD,diaria,Tipo de cambio - TC Sistema bancario SBS (S/ por US$) - Venta,28.May.24,3.75
tipo_cambio,PD04640PD,diaria,Tipo de cambio - TC Sistema bancario SBS (S/ por US$) - Venta,29.May.24,3.762
tipo_cambio,PD04640PD,diaria,Tipo de cambio - TC Sistema bancario SBS (S/ por US$) - Venta,30.May.24,3.753
tipo_cambio,PD04640PD,diaria,Tipo de cambio - TC Sistema bancario SBS (S/ por US$) - Venta,31.May.24,3.741
tipo_cambio,PD04640PD,diaria,Tipo de cambio - TC Sistema bancario SBS (S/ por US$) - Venta,03.Jun.24,3.736
tipo_cambio,PD04640PD,diaria,Tipo de cambio - TC Sistema bancario SBS (S/ por US$) - Venta,04.Jun.24,3.74
tipo_cambio,PD04640PD,diaria,Tipo de cambio - TC Sistema bancario SBS (S/ por US$) - Venta,05.Jun.24,3.747
tipo_cambio,PD04640PD,diaria,Tipo de cambio - TC Sistema bancario SBS (S/ por US$) - Venta,06.Jun.24,3.756
tipo_cambio,PD04640PD,diaria,Tipo de cambio - TC Sistema bancario SBS (S/ por US$) - Venta,07.Jun.24,n.d.
tipo_cambio,PD04640PD,diaria,Tipo de cambio - TC Sistema bancario SBS (S/ por US$) - Venta,10.Jun.24,3.781
tipo_cambio,PD04640PD,diaria,Tipo de cambio - TC Sistema bancario SBS (S/ por US$) - Venta,11.Jun.24,3.787
tipo_cambio,PD04640PD,diaria,Tipo de cambio - TC Sistema bancario SBS (S/ por US$) - Venta,12.Jun.24,3.772
tipo_cambio,PD04640PD,diaria,Tipo de cambio - TC Sistema bancario SBS (S/ por US$) - Venta,13.Jun.24,3.777
tipo_cambio,PD04640PD,diaria,Tipo de cambio - TC Sistema bancario SBS (S/ por US$) - Venta,14.Jun.24,3.776
tipo_cambio,PD04640PD,diaria,Tipo de cambio - TC Sistema bancario SBS (S/ por US$) - Venta,17.Jun.24,3.796
tipo_cambio,PD04640PD,diaria,Tipo de cambio - TC Sistema bancario SBS (S/ por US$) - Venta,18.Jun.24,3.789
tipo_cambio,PD04640PD,diaria,Tipo de cambio - TC Sistema bancario SBS (S/ por US$) - Venta,19.Jun.24,3.818
tipo_cambio,PD04640PD,diaria,Tipo de cambio - TC Sistema bancario SBS (S/ por US$) - Venta,20.Jun.24,3.814
tipo_cambio,PD04640PD,diaria,Tipo de cambio - TC Sistema bancario SBS (S/ por US$) - Venta,21.Jun.24,3.806
tipo_cambio,PD04640PD,diaria,Tipo de cambio - TC Sistema bancario SBS (S/ por US$) - Venta,24.Jun.24,3.805
tipo_cambio,PD04640PD,diaria,Tipo de cambio - TC Sistema bancario SBS (S/ por US$) - Venta,25.Jun.24,3.817
tipo_cambio,PD04640PD,diaria,Tipo de cambio - TC Sistema bancario SBS (S/ por US$) - Venta,26.Jun.24,3.822
tipo_cambio,PD04640PD,diaria,Tipo de cambio - TC Sistema bancario SBS (S/ por US$) - Venta,27.Jun.24,3.825
tipo_cambio,PD04640PD,diaria,Tipo de cambio - TC Sistema bancario SBS (S/ por US$) - Venta,28.Jun.24,3.837
tipo_cambio,PD04640PD,diaria,Tipo de cambio - TC Sistema bancario SBS (S/ por US$) - Venta,01.Jul.24,3.851
tipo_cambio,PD04640PD,diaria,Tipo de cambio - TC Sistema bancario SBS (S/ por US$) - Venta,02.Jul.24,3.833
tipo_cambio,PD04640PD,diaria,Tipo de cambio - TC Sistema bancario SBS (S/ por US$) - Venta,03.Jul.24,3.802
tipo_cambio,PD04640PD,diaria,Tipo de cambio - TC Sistema bancario SBS (S/ por US$) - Venta,04.Jul.24,3.802
tipo_cambio,PD04640PD,diaria,Tipo de cambio - TC Sistema bancario SBS (S/ por US$) - Venta,05.Jul.24,3.797
tipo_cambio,PD04640PD,diaria,Tipo de cambio - TC Sistema bancario SBS (S/ por US$) - Venta,08.Jul.24,3.797
tipo_cambio,PD04640PD,diaria,Tipo de cambio - TC Sistema bancario SBS (S/ por US$) - Venta,09.Jul.24,3.789
tipo_cambio,PD04640PD,diaria,Tipo de cambio - TC Sistema bancario SBS (S/ por US$) - Venta,10.Jul.24,3.785
tipo_cambio,PD04640PD,diaria,Tipo de cambio - TC Sistema bancario SBS (S/ por US$) - Venta,11.Jul.24,3.771
tipo_cambio,PD04640PD,diaria,Tipo de cambio - TC Sistema bancario SBS (S/ por US$) - Venta,12.Jul.24,3.74
tipo_cambio,PD04640PD,diaria,Tipo de cambio - TC Sistema bancario SBS (S/ por US$) - Venta,15.Jul.24,3.733
tipo_cambio,PD04640PD,diaria,Tipo de cambio - TC Sistema bancario SBS (S/ por US$) - Venta,16.Jul.24,3.725
tipo_cambio,PD04640PD,diaria,Tipo de cambio - TC Sistema bancario SBS (S/ por US$) - Venta,17.Jul.24,3.723
tipo_cambio,PD04640PD,diaria,Tipo de cambio - TC Sistema bancario SBS (S/ por US$) - Venta,18.Jul.24,3.735
tipo_cambio,PD04640PD,diaria,Tipo de cambio - TC Sistema bancario SBS (S/ por US$) - Venta,19.Jul.24,3.743
tipo_cambio,PD04640PD,diaria,Tipo de cambio - TC Sistema bancario SBS (S/ por US$) - Venta,22.Jul.24,3.758
tipo_cambio,PD04640PD,diaria,Tipo de cambio - TC Sistema bancario SBS (S/ por US$) - Venta,23.Jul.24,n.d.
tipo_cambio,PD04640PD,diaria,Tipo de cambio - TC Sistema bancario SBS (S/ por US$) - Venta,24.Jul.24,3.778
tipo_cambio,PD04640PD,diaria,Tipo de cambio - TC Sistema bancario SBS (S/ por US$) - Venta,25.Jul.24,3.764
tipo_cambio,PD04640PD,diaria,Tipo de cambio - TC Sistema bancario SBS (S/ por US$) - Venta,26.Jul.24,n.d.
tipo_cambio,PD04640PD,diaria,Tipo de cambio - TC Sistema bancario SBS (S/ por US$) - Venta,29.Jul.24,n.d.
tipo_cambio,PD04640PD,diaria,Tipo de cambio - TC Sistema bancario SBS (S/ por US$) - Venta,30.Jul.24,3.742
tipo_cambio,PD04640PD,diaria,Tipo de cambio - TC Sistema bancario SBS (S/ por US$) - Venta,31.Jul.24,3.722
tipo_cambio,PD04640PD,diaria,Tipo de cambio - TC Sistema bancario SBS (S/ por US$) - Venta,01.Ago.24,3.741
tipo_cambio,PD04640PD,diaria,Tipo de cambio - TC Sistema bancario SBS (S/ por US$) - Venta,02.Ago.24,3.748
tipo_cambio,PD04640PD,diaria,Tipo de cambio - TC Sistema bancario SBS (S/ por US$) - Venta,05.Ago.24,3.754
tipo_cambio,PD04640PD,diaria,Tipo de cambio - TC Sistema bancario SBS (S/ por US$) - Venta,06.Ago.24,n.d.
tipo_cambio,PD04640PD,diaria,Tipo de cambio - TC Sistema bancario SBS (S/ por US$) - Venta,07.Ago.24,3.74
tipo_cambio,PD04640PD,diaria,Tipo de cambio - TC Sistema bancario SBS (S/ por US$) - Venta,08.Ago.24,3.732
tipo_cambio,PD04640PD,diaria,Tipo de cambio - TC Sistema bancario SBS (S/ por US$) - Venta,09.Ago.24,3.731
tipo_cambio,PD04640PD,diaria,Tipo de cambio - TC Sistema bancario SBS (S/ por US$) - Venta,12.Ago.24,3.747
tipo_cambio,PD04640PD,diaria,Tipo de cambio - TC Sistema bancario SBS (S/ por US$) - Venta,13.Ago.24,3.75
tipo_cambio,PD04640PD,diaria,Tipo de cambio - TC Sistema bancario SBS (S/ por US$) - Venta,14.Ago.24,3.744
tipo_cambio,PD04640PD,diaria,Tipo de cambio - TC Sistema bancario SBS (S/ por US$) - Venta,15.Ago.24,3.737
tipo_cambio,PD04640PD,diaria,Tipo de cambio - TC Sistema bancario SBS (S/ por US$) - Venta,16.Ago.24,3.748
tipo_cambio,PD04640PD,diaria,Tipo de cambio - TC Sistema bancario SBS (S/ por US$) - Venta,19.Ago.24,3.74
tipo_cambio,PD04640PD,diaria,Tipo de cambio - TC Sistema bancario SBS (S/ por US$) - Venta,20.Ago.24,3.747
tipo_cambio,PD04640PD,diaria,Tipo de cambio - TC Sistema bancario SBS (S/ por US$) - Venta,21.Ago.24,3.744
tipo_cambio,PD04640PD,diaria,Tipo de cambio - TC Sistema bancario SBS (S/ por US$) - Venta,22.Ago.24,3.76
tipo_cambio,PD04640PD,diaria,Tipo de cambio - TC Sistema bancario SBS (S/ por US$) - Venta,23.Ago.24,3.748
tipo_cambio,PD04640PD,diaria,Tipo de cambio - TC Sistema bancario SBS (S/ por US$) - Venta,26.Ago.24,3.759
tipo_cambio,PD04640PD,diaria,Tipo de cambio - TC Sistema bancario SBS (S/ por US$) - Venta,27.Ago.24,3.748
tipo_cambio,PD04640PD,diaria,Tipo de cambio - TC Sistema bancario SBS (S/ por US$) - Venta,28.Ago.24,3.743
tipo_cambio,PD04640PD,diaria,Tipo de cambio - TC Sistema bancario SBS (S/ por US$) - Venta,29.Ago.24,3.75
tipo_cambio,PD04640PD,diaria,Tipo de cambio - TC Sistema bancario SBS (S/ por US$) - Venta,30.Ago.24,n.d.
tipo_cambio,PD04640PD,diaria,Tipo de cambio - TC Sistema bancario SBS (S/ por US$) - Venta,02.Set.24,3.768
tipo_cambio,PD04640PD,diaria,Tipo de cambio - TC Sistema bancario SBS (S/ por US$) - Venta,03.Set.24,3.781
tipo_cambio,PD04640PD,diaria,Tipo de cambio - TC Sistema bancario SBS (S/ por US$) - Venta,04.Set.24,3.797
tipo_cambio,PD04640PD,diaria,Tipo de cambio - TC Sistema bancario SBS (S/ por US$) - Venta,05.Set.24,3.796
tipo_cambio,PD04640PD,diaria,Tipo de cambio - TC Sistema bancario SBS (S/ por US$) - Venta,06.Set.24,3.781
tipo_cambio,PD04640PD,diaria,Tipo de cambio - TC Sistema bancario SBS (S/ por US$) - Venta,09.Set.24,3.816
tipo_cambio,PD04640PD,diaria,Tipo de cambio - TC Sistema bancario SBS (S/ por US$) - Venta,10.Set.24,3.823
tipo_cambio,PD04640PD,diaria,Tipo de cambio - TC Sistema bancario SBS (S/ por US$) - Venta,11.Set.24,3.794
tipo_cambio,PD04640PD,diaria,Tipo de cambio - TC Sistema bancario SBS (S/ por US$) - Venta,12.Set.24,3.772
tipo_cambio,PD04640PD,diaria,Tipo de cambio - TC Sistema bancario SBS (S/ por US$) - Venta,13.Set.24,3.771
tipo_cambio,PD04640PD,diaria,Tipo de cambio - TC Sistema bancario SBS (S/ por US$) - Venta,16.Set.24,3.788
tipo_cambio,PD04640PD,diaria,Tipo de cambio - TC Sistema bancario SBS (S/ por US$) - Venta,17.Set.24,3.778
tipo_cambio,PD04640PD,diaria,Tipo de cambio - TC Sistema bancario SBS (S/ por US$) - Venta,18.Set.24,3.764
tipo_cambio,PD04640PD,diaria,Tipo de cambio - TC Sistema bancario SBS (S/ por US$) - Venta,19.Set.24,3.751
tipo_cambio,PD04640PD,diaria,Tipo de cambio - TC Sistema bancario SBS (S/ por US$) - Venta,20.Set.24,3.754
tipo_cambio,PD04640PD,diaria,Tipo de cambio - TC Sistema bancario SBS (S/ por US$) - Venta,23.Set.24,3.773
tipo_cambio,PD04640PD,diaria,Tipo de cambio - TC Sistema bancario SBS (S/ por US$) - Venta,24.Set.24,3.768
tipo_cambio,PD04640PD,diaria,Tipo de cambio - TC Sistema bancario SBS (S/ por US$) - Venta,25.Set.24,3.767
tipo_cambio,PD04640PD,diaria,Tipo de cambio - TC Sistema bancario SBS (S/ por US$) - Venta,26.Set.24,3.737
tipo_cambio,PD04640PD,diaria,Tipo de cambio - TC Sistema bancario SBS (S/ por US$) - Venta,27.Set.24,3.722
tipo_cambio,PD04640PD,diaria,Tipo de cambio - TC Sistema bancario SBS (S/ por US$) - Venta,30.Set.24,3.714
tipo_cambio,PD04640PD,diaria,Tipo de cambio - TC Sistema bancario SBS (S/ por US$) - Venta,01.Oct.24,3.718
tipo_cambio,PD04640PD,diaria,Tipo de cambio - TC Sistema bancario SBS (S/ por US$) - Venta,02.Oct.24,3.721
tipo_cambio,PD04640PD,diaria,Tipo de cambio - TC Sistema bancario SBS (S/ por US$) - Venta,03.Oct.24,3.73
tipo_cambio,PD04640PD,diaria,Tipo de cambio - TC Sistema bancario SBS (S/ por US$) - Venta,04.Oct.24,3.734
tipo_cambio,PD04640PD,diaria,Tipo de cambio - TC Sistema bancario SBS (S/ por US$) - Venta,07.Oct.24,3.744
tipo_cambio,PD04640PD,diaria,Tipo de cambio - TC Sistema bancario SBS (S/ por US$) - Venta,08.Oct.24,n.d.
tipo_cambio,PD04640PD,diaria,Tipo de cambio - TC Sistema bancario SBS (S/ por US$) - Venta,09.Oct.24,3.76
tipo_cambio,PD04640PD,diaria,Tipo de cambio - TC Sistema bancario SBS (S/ por US$) - Venta,10.Oct.24,3.767
tipo_cambio,PD04640PD,diaria,Tipo de cambio - TC Sistema bancario SBS (S/ por US$) - Venta,11.Oct.24,3.759
tipo_cambio,PD04640PD,diaria,Tipo de cambio - TC Sistema bancario SBS (S/ por US$) - Venta,14.Oct.24,3.763
tipo_cambio,PD04640PD,diaria,Tipo de cambio - TC Sistema bancario SBS (S/ por US$) - Venta,15.Oct.24,3.77
tipo_cambio,PD04640PD,diaria,Tipo de cambio - TC Sistema bancario SBS (S/ por US$) - Venta,16.Oct.24,3.773
tipo_cambio,PD04640PD,diaria,Tipo de cambio - TC Sistema bancario SBS (S/ por US$) - Venta,17.Oct.24,3.771
tipo_cambio,PD04640PD,diaria,Tipo de cambio - TC Sistema bancario SBS (S/ por US$) - Venta,18.Oct.24,3.759
tipo_cambio,PD04640PD,diaria,Tipo de cambio - TC Sistema bancario SBS (S/ por US$) - Venta,21.Oct.24,3.767
tipo_cambio,PD04640PD,diaria,Tipo de cambio - TC Sistema bancario SBS (S/ por US$) - Venta,22.Oct.24,3.759
tipo_cambio,PD04640PD,diaria,Tipo de cambio - TC Sistema bancario SBS (S/ por US$) - Venta,23.Oct.24,3.757
tipo_cambio,PD04640PD,diaria,Tipo de cambio - TC Sistema bancario SBS (S/ por US$) - Venta,24.Oct.24,3.757
tipo_cambio,PD04640PD,diaria,Tipo de cambio - TC Sistema bancario SBS (S/ por US$) - Venta,25.Oct.24,3.758
tipo_cambio,PD04640PD,diaria,Tipo de cambio - TC Sistema bancario SBS (S/ por US$) - Venta,28.Oct.24,3.775
tipo_cambio,PD04640PD,diaria,Tipo de cambio - TC Sistema bancario SBS (S/ por US$) - Venta,29.Oct.24,3.772
tipo_cambio,PD04640PD,diaria,Tipo de cambio - TC Sistema bancario SBS (S/ por US$) - Venta,30.Oct.24,3.776
tipo_cambio,PD04640PD,diaria,Tipo de cambio - TC Sistema bancario SBS (S/ por US$) - Venta,31.Oct.24,3.775
tipo_cambio,PD04640PD,diaria,Tipo de cambio - TC Sistema bancario SBS (S/ por US$) - Venta,01.Nov.24,n.d.
tipo_cambio,PD04640PD,diaria,Tipo de cambio - TC Sistema bancario SBS (S/ por US$) - Venta,04.Nov.24,3.774
tipo_cambio,PD04640PD,diaria,Tipo de cambio - TC Sistema bancario SBS (S/ por US$) - Venta,05.Nov.24,3.778
tipo_cambio,PD04640PD,diaria,Tipo de cambio - TC Sistema bancario SBS (S/ por US$) - Venta,06.Nov.24,3.787
tipo_cambio,PD04640PD,diaria,Tipo de cambio - TC Sistema bancario SBS (S/ por US$) - Venta,07.Nov.24,3.76
tipo_cambio,PD04640PD,diaria,Tipo de cambio - TC Sistema bancario SBS (S/ por US$) - Venta,08.Nov.24,3.769
tipo_cambio,PD04640PD,diaria,Tipo de cambio - TC Sistema bancario SBS (S/ por US$) - Venta,11.Nov.24,3.781
tipo_cambio,PD04640PD,diaria,Tipo de cambio - TC Sistema bancario SBS (S/ por US$) - Venta,12.Nov.24,3.788
tipo_cambio,PD04640PD,diaria,Tipo de cambio - TC Sistema bancario SBS (S/ por US$) - Venta,13.Nov.24,3.8
tipo_cambio,PD04640PD,diaria,Tipo de cambio - TC Sistema bancario SBS (S/ por US$) - Venta,14.Nov.24,3.805
tipo_cambio,PD04640PD,diaria,Tipo de cambio - TC Sistema bancario SBS (S/ por US$) - Venta,15.Nov.24,3.807
tipo_cambio,PD04640PD,diaria,Tipo de cambio - TC Sistema bancario SBS (S/ por US$) - Venta,18.Nov.24,3.799
tipo_cambio,PD04640PD,diaria,Tipo de cambio - TC Sistema bancario SBS (S/ por US$) - Venta,19.Nov.24,3.798
tipo_cambio,PD04640PD,diaria,Tipo de cambio - TC Sistema bancario SBS (S/ por US$) - Venta,20.Nov.24,3.798
tipo_cambio,PD04640PD,diaria,Tipo de cambio - TC Sistema bancario SBS (S/ por US$) - Venta,21.Nov.24,3.797
tipo_cambio,PD04640PD,diaria,Tipo de cambio - TC Sistema bancario SBS (S/ por US$) - Venta,22.Nov.24,3.798
tipo_cambio,PD04640PD,diaria,Tipo de cambio - TC Sistema bancario SBS (S/ por US$) - Venta,25.Nov.24,3.783
tipo_cambio,PD04640PD,diaria,Tipo de cambio - TC Sistema bancario SBS (S/ por US$) - Venta,26.Nov.24,3.773
tipo_cambio,PD04640PD,diaria,Tipo de cambio - TC Sistema bancario SBS (S/ por US$) - Venta,27.Nov.24,3.762
tipo_cambio,PD04640PD,diaria,Tipo de cambio - TC Sistema bancario SBS (S/ por US$) - Venta,28.Nov.24,3.759
tipo_cambio,PD04640PD,diaria,Tipo de cambio - TC Sistema bancario SBS (S/ por US$) - Venta,29.Nov.24,3.745
tipo_cambio,PD04640PD,diaria,Tipo de cambio - TC Sistema bancario SBS (S/ por US$) - Venta,02.Dic.24,3.766
tipo_cambio,PD04640PD,diaria,Tipo de cambio - TC Sistema bancario SBS (S/ por US$) - Venta,03.Dic.24,3.749
tipo_cambio,PD04640PD,diaria,Tipo de cambio - TC Sistema bancario SBS (S/ por US$) - Venta,04.Dic.24,3.74
tipo_cambio,PD04640PD,diaria,Tipo de cambio - TC Sistema bancario SBS (S/ por US$) - Venta,05.Dic.24,3.735
tipo_cambio,PD04640PD,diaria,Tipo de cambio - TC Sistema bancario SBS (S/ por US$) - Venta,06.Dic.24,3.727
tipo_cambio,PD04640PD,diaria,Tipo de cambio - TC Sistema bancario SBS (S/ por US$) - Venta,09.Dic.24,n.d.
tipo_cambio,PD04640PD,diaria,Tipo de cambio - TC Sistema bancario SBS (S/ por US$) - Venta,10.Dic.24,3.718
tipo_cambio,PD04640PD,diaria,Tipo de cambio - TC Sistema bancario SBS (S/ por US$) - Venta,11.Dic.24,3.722
tipo_cambio,PD04640PD,diaria,Tipo de cambio - TC Sistema bancario SBS (S/ por US$) - Venta,12.Dic.24,3.735
tipo_cambio,PD04640PD,diaria,Tipo de cambio - TC Sistema bancario SBS (S/ por US$) - Venta,13.Dic.24,3.737
tipo_cambio,PD04640PD,diaria,Tipo de cambio - TC Sistema bancario SBS (S/ por US$) - Venta,16.Dic.24,3.74
tipo_cambio,PD04640PD,diaria,Tipo de cambio - TC Sistema bancario SBS (S/ por US$) - Venta,17.Dic.24,3.746
tipo_cambio,PD04640PD,diaria,Tipo de cambio - TC Sistema bancario SBS (S/ por US$) - Venta,18.Dic.24,3.74
tipo_cambio,PD04640PD,diaria,Tipo de cambio - TC Sistema bancario SBS (S/ por US$) - Venta,19.Dic.24,3.743
tipo_cambio,PD04640PD,diaria,Tipo de cambio - TC Sistema bancario SBS (S/ por US$) - Venta,20.Dic.24,3.731
tipo_cambio,PD04640PD,diaria,Tipo de cambio - TC Sistema bancario SBS (S/ por US$) - Venta,23.Dic.24,3.735
tipo_cambio,PD04640PD,diaria,Tipo de cambio - TC Sistema bancario SBS (S/ por US$) - Venta,24.Dic.24,3.731
tipo_cambio,PD04640PD,diaria,Tipo de cambio - TC Sistema bancario SBS (S/ por US$) - Venta,25.Dic.24,n.d.
tipo_cambio,PD04640PD,diaria,Tipo de cambio - TC Sistema bancario SBS (S/ por US$) - Venta,26.Dic.24,3.748
tipo_cambio,PD04640PD,diaria,Tipo de cambio - TC Sistema bancario SBS (S/ por US$) - Venta,27.Dic.24,3.75
tipo_cambio,PD04640PD,diaria,Tipo de cambio - TC Sistema bancario SBS (S/ por US$) - Venta,30.Dic.24,3.77
tipo_cambio,PD04640PD,diaria,Tipo de cambio - TC Sistema bancario SBS (S/ por US$) - Venta,31.Dic.24,n.d.
tipo_cambio,PD04640PD,diaria,Tipo de cambio - TC Sistema bancario SBS (S/ por US$) - Venta,01.Ene.25,n.d.
tipo_cambio,PD04640PD,diaria,Tipo de cambio - TC Sistema bancario SBS (S/ por US$) - Venta,02.Ene.25,3.759
tipo_cambio,PD04640PD,diaria,Tipo de cambio - TC Sistema bancario SBS (S/ por US$) - Venta,03.Ene.25,3.76
tipo_cambio,PD04640PD,diaria,Tipo de cambio - TC Sistema bancario SBS (S/ por US$) - Venta,06.Ene.25,3.767
tipo_cambio,PD04640PD,diaria,Tipo de cambio - TC Sistema bancario SBS (S/ por US$) - Venta,07.Ene.25,3.772
tipo_cambio,PD04640PD,diaria,Tipo de cambio - TC Sistema bancario SBS (S/ por US$) - Venta,08.Ene.25,3.783
tipo_cambio,PD04640PD,diaria,Tipo de cambio - TC Sistema bancario SBS (S/ por US$) - Venta,09.Ene.25,3.769
tipo_cambio,PD04640PD,diaria,Tipo de cambio - TC Sistema bancario SBS (S/ por US$) - Venta,10.Ene.25,3.769
tipo_cambio,PD04640PD,diaria,Tipo de cambio - TC Sistema bancario SBS (S/ por US$) - Venta,13.Ene.25,3.785
tipo_cambio,PD04640PD,diaria,Tipo de cambio - TC Sistema bancario SBS (S/ por US$) - Venta,14.Ene.25,3.778
tipo_cambio,PD04640PD,diaria,Tipo de cambio - TC Sistema bancario SBS (S/ por US$) - Venta,15.Ene.25,3.768
tipo_cambio,PD04640PD,diaria,Tipo de cambio - TC Sistema bancario SBS (S/ por US$) - Venta,16.Ene.25,3.769
tipo_cambio,PD04640PD,diaria,Tipo de cambio - TC Sistema bancario SBS (S/ por US$) - Venta,17.Ene.25,3.752
tipo_cambio,PD04640PD,diaria,Tipo de cambio - TC Sistema bancario SBS (S/ por US$) - Venta,20.Ene.25,3.742
tipo_cambio,PD04640PD,diaria,Tipo de cambio - TC Sistema bancario SBS (S/ por US$) - Venta,21.Ene.25,3.735
tipo_cambio,PD04640PD,diaria,Tipo de cambio - TC Sistema bancario SBS (S/ por US$) - Venta,22.Ene.25,3.724
tipo_cambio,PD04640PD,diaria,Tipo de cambio - TC Sistema bancario SBS (S/ por US$) - Venta,23.Ene.25,3.717
tipo_cambio,PD04640PD,diaria,Tipo de cambio - TC Sistema bancario SBS (S/ por US$) - Venta,24.Ene.25,3.716
tipo_cambio,PD04640PD,diaria,Tipo de cambio - TC Sistema bancario SBS (S/ por US$) - Venta,27.Ene.25,3.742
tipo_cambio,PD04640PD,diaria,Tipo de cambio - TC Sistema bancario SBS (S/ por US$) - Venta,28.Ene.25,3.743
tipo_cambio,PD04640PD,diaria,Tipo de cambio - TC Sistema bancario SBS (S/ por US$) - Venta,29.Ene.25,3.728
tipo_cambio,PD04640PD,diaria,Tipo de cambio - TC Sistema bancario SBS (S/ por US$) - Venta,30.Ene.25,3.72
tipo_cambio,PD04640PD,diaria,Tipo de cambio - TC Sistema bancario SBS (S/ por US$) - Venta,31.Ene.25,3.728
tipo_cambio,PD04640PD,diaria,Tipo de cambio - TC Sistema bancario SBS (S/ por US$) - Venta,03.Feb.25,3.722
tipo_cambio,PD04640PD,diaria,Tipo de cambio - TC Sistema bancario SBS (S/ por US$) - Venta,04.Feb.25,3.712
tipo_cambio,PD04640PD,diaria,Tipo de cambio - TC Sistema bancario SBS (S/ por US$) - Venta,05.Feb.25,3.72
tipo_cambio,PD04640PD,diaria,Tipo de cambio - TC Sistema bancario SBS (S/ por US$) - Venta,06.Feb.25,3.715
tipo_cambio,PD04640PD,diaria,Tipo de cambio - TC Sistema bancario SBS (S/ por US$) - Venta,07.Feb.25,3.718
tipo_cambio,PD04640PD,diaria,Tipo de cambio - TC Sistema bancario SBS (S/ por US$) - Venta,10.Feb.25,3.719
tipo_cambio,PD04640PD,diaria,Tipo de cambio - TC Sistema bancario SBS (S/ por US$) - Venta,11.Feb.25,3.714
tipo_cambio,PD04640PD,diaria,Tipo de cambio - TC Sistema bancario SBS (S/ por US$) - Venta,12.Feb.25,3.714
tipo_cambio,PD04640PD,diaria,Tipo de cambio - TC Sistema bancario SBS (S/ por US$) - Venta,13.Feb.25,3.719
tipo_cambio,PD04640PD,diaria,Tipo de cambio - TC Sistema bancario SBS (S/ por US$) - Venta,14.Feb.25,3.712
tipo_cambio,PD04640PD,diaria,Tipo de cambio - TC Sistema bancario SBS (S/ por US$) - Venta,17.Feb.25,3.708
tipo_cambio,PD04640PD,diaria,Tipo de cambio - TC Sistema bancario SBS (S/ por US$) - Venta,18.Feb.25,3.695
tipo_cambio,PD04640PD,diaria,Tipo de cambio - TC Sistema bancario SBS (S/ por US$) - Venta,19.Feb.25,3.69
tipo_cambio,PD04640PD,diaria,Tipo de cambio - TC Sistema bancario SBS (S/ por US$) - Venta,20.Feb.25,3.687
tipo_cambio,PD04640PD,diaria,Tipo de cambio - TC Sistema bancario SBS (S/ por US$) - Venta,21.Feb.25,3.683
tipo_cambio,PD04640PD,diaria,Tipo de cambio - TC Sistema bancario SBS (S/ por US$) - Venta,24.Feb.25,3.689
tipo_cambio,PD04640PD,diaria,Tipo de cambio - TC Sistema bancario SBS (S/ por US$) - Venta,25.Feb.25,3.686
tipo_cambio,PD04640PD,diaria,Tipo de cambio - TC Sistema bancario SBS (S/ por US$) - Venta,26.Feb.25,3.681
tipo_cambio,PD04640PD,diaria,Tipo de cambio - TC Sistema bancario SBS (S/ por US$) - Venta,27.Feb.25,3.674
tipo_cambio,PD04640PD,diaria,Tipo de cambio - TC Sistema bancario SBS (S/ por US$) - Venta,28.Feb.25,3.683
tipo_cambio,PD04640PD,diaria,Tipo de cambio - TC Sistema bancario SBS (S/ por US$) - Venta,03.Mar.25,3.691
tipo_cambio,PD04640PD,diaria,Tipo de cambio - TC Sistema bancario SBS (S/ por US$) - Venta,04.Mar.25,3.693
tipo_cambio,PD04640PD,diaria,Tipo de cambio - TC Sistema bancario SBS (S/ por US$) - Venta,05.Mar.25,3.663
tipo_cambio,PD04640PD,diaria,Tipo de cambio - TC Sistema bancario SBS (S/ por US$) - Venta,06.Mar.25,3.651
tipo_cambio,PD04640PD,diaria,Tipo de cambio - TC Sistema bancario SBS (S/ por US$) - Venta,07.Mar.25,3.659
tipo_cambio,PD04640PD,diaria,Tipo de cambio - TC Sistema bancario SBS (S/ por US$) - Venta,10.Mar.25,3.669
tipo_cambio,PD04640PD,diaria,Tipo de cambio - TC Sistema bancario SBS (S/ por US$) - Venta,11.Mar.25,3.67
tipo_cambio,PD04640PD,diaria,Tipo de cambio - TC Sistema bancario SBS (S/ por US$) - Venta,12.Mar.25,3.667
tipo_cambio,PD04640PD,diaria,Tipo de cambio - TC Sistema bancario SBS (S/ por US$) - Venta,13.Mar.25,3.67
tipo_cambio,PD04640PD,diaria,Tipo de cambio - TC Sistema bancario SBS (S/ por US$) - Venta,14.Mar.25,3.663
tipo_cambio,PD04640PD,diaria,Tipo de cambio - TC Sistema bancario SBS (S/ por US$) - Venta,17.Mar.25,3.655
tipo_cambio,PD04640PD,diaria,Tipo de cambio - TC Sistema bancario SBS (S/ por US$) - Venta,18.Mar.25,3.641
tipo_cambio,PD04640PD,diaria,Tipo de cambio - TC Sistema bancario SBS (S/ por US$) - Venta,19.Mar.25,3.626
tipo_cambio,PD04640PD,diaria,Tipo de cambio - TC Sistema bancario SBS (S/ por US$) - Venta,20.Mar.25,3.627
tipo_cambio,PD04640PD,diaria,Tipo de cambio - TC Sistema bancario SBS (S/ por US$) - Venta,21.Mar.25,3.641
tipo_cambio,PD04640PD,diaria,Tipo de cambio - TC Sistema bancario SBS (S/ por US$) - Venta,24.Mar.25,3.648
tipo_cambio,PD04640PD,diaria,Tipo de cambio - TC Sistema bancario SBS (S/ por US$) - Venta,25.Mar.25,3.644
tipo_cambio,PD04640PD,diaria,Tipo de cambio - TC Sistema bancario SBS (S/ por US$) - Venta,26.Mar.25,3.643
tipo_cambio,PD04640PD,diaria,Tipo de cambio - TC Sistema bancario SBS (S/ por US$) - Venta,27.Mar.25,3.649
tipo_cambio,PD04640PD,diaria,Tipo de cambio - TC Sistema bancario SBS (S/ por US$) - Venta,28.Mar.25,3.654
tipo_cambio,PD04640PD,diaria,Tipo de cambio - TC Sistema bancario SBS (S/ por US$) - Venta,31.Mar.25,3.677
tipo_cambio,PD04640PD,diaria,Tipo de cambio - TC Sistema bancario SBS (S/ por US$) - Venta,01.Abr.25,3.676
tipo_cambio,PD04640PD,diaria,Tipo de cambio - TC Sistema bancario SBS (S/ por US$) - Venta,02.Abr.25,3.68
tipo_cambio,PD04640PD,diaria,Tipo de cambio - TC Sistema bancario SBS (S/ por US$) - Venta,03.Abr.25,3.667
tipo_cambio,PD04640PD,diaria,Tipo de cambio - TC Sistema bancario SBS (S/ por US$) - Venta,04.Abr.25,3.691
tipo_cambio,PD04640PD,diaria,Tipo de cambio - TC Sistema bancario SBS (S/ por US$) - Venta,07.Abr.25,3.705
tipo_cambio,PD04640PD,diaria,Tipo de cambio - TC Sistema bancario SBS (S/ por US$) - Venta,08.Abr.25,3.732
tipo_cambio,PD04640PD,diaria,Tipo de cambio - TC Sistema bancario SBS (S/ por US$) - Venta,09.Abr.25,3.748
tipo_cambio,PD04640PD,diaria,Tipo de cambio - TC Sistema bancario SBS (S/ por US$) - Venta,10.Abr.25,3.734
tipo_cambio,PD04640PD,diaria,Tipo de cambio - TC Sistema bancario SBS (S/ por US$) - Venta,11.Abr.25,3.732
tipo_cambio,PD04640PD,diaria,Tipo de cambio - TC Sistema bancario SBS (S/ por US$) - Venta,14.Abr.25,3.734
tipo_cambio,PD04640PD,diaria,Tipo de cambio - TC Sistema bancario SBS (S/ por US$) - Venta,15.Abr.25,3.75
tipo_cambio,PD04640PD,diaria,Tipo de cambio - TC Sistema bancario SBS (S/ por US$) - Venta,16.Abr.25,3.737
tipo_cambio,PD04640PD,diaria,Tipo de cambio - TC Sistema bancario SBS (S/ por US$) - Venta,17.Abr.25,n.d.
tipo_cambio,PD04640PD,diaria,Tipo de cambio - TC Sistema bancario SBS (S/ por US$) - Venta,18.Abr.25,n.d.
tipo_cambio,PD04640PD,diaria,Tipo de cambio - TC Sistema bancario SBS (S/ por US$) - Venta,21.Abr.25,3.715
tipo_cambio,PD04640PD,diaria,Tipo de cambio - TC Sistema bancario SBS (S/ por US$) - Venta,22.Abr.25,3.699
tipo_cambio,PD04640PD,diaria,Tipo de cambio - TC Sistema bancario SBS (S/ por US$) - Venta,23.Abr.25,3.7
tipo_cambio,PD04640PD,diaria,Tipo de cambio - TC Sistema bancario SBS (S/ por US$) - Venta,24.Abr.25,3.683
tipo_cambio,PD04640PD,diaria,Tipo de cambio - TC Sistema bancario SBS (S/ por US$) - Venta,25.Abr.25,3.672
tipo_cambio,PD04640PD,diaria,Tipo de cambio - TC Sistema bancario SBS (S/ por US$) - Venta,28.Abr.25,3.672
tipo_cambio,PD04640PD,diaria,Tipo de cambio - TC Sistema bancario SBS (S/ por US$) - Venta,29.Abr.25,3.673
tipo_cambio,PD04640PD,diaria,Tipo de cambio - TC Sistema bancario SBS (S/ por US$) - Venta,30.Abr.25,3.678
tipo_cambio,PD04640PD,diaria,Tipo de cambio - TC Sistema bancario SBS (S/ por US$) - Venta,01.May.25,n.d.
tipo_cambio,PD04640PD,diaria,Tipo de cambio - TC Sistema bancario SBS (S/ por US$) - Venta,02.May.25,3.665
tipo_cambio,PD04640PD,diaria,Tipo de cambio - TC Sistema bancario SBS (S/ por US$) - Venta,05.May.25,3.662
tipo_cambio,PD04640PD,diaria,Tipo de cambio - TC Sistema bancario SBS (S/ por US$) - Venta,06.May.25,3.663
tipo_cambio,PD04640PD,diaria,Tipo de cambio - TC Sistema bancario SBS (S/ por US$) - Venta,07.May.25,3.658
tipo_cambio,PD04640PD,diaria,Tipo de cambio - TC Sistema bancario SBS (S/ por US$) - Venta,08.May.25,3.646
tipo_cambio,PD04640PD,diaria,Tipo de cambio - TC Sistema bancario SBS (S/ por US$) - Venta,09.May.25,3.645
tipo_cambio,PD04640PD,diaria,Tipo de cambio - TC Sistema bancario SBS (S/ por US$) - Venta,12.May.25,3.662
tipo_cambio,PD04640PD,diaria,Tipo de cambio - TC Sistema bancario SBS (S/ por US$) - Venta,13.May.25,3.659
tipo_cambio,PD04640PD,diaria,Tipo de cambio - TC Sistema bancario SBS (S/ por US$) - Venta,14.May.25,3.682
tipo_cambio,PD04640PD,diaria,Tipo de cambio - TC Sistema bancario SBS (S/ por US$) - Venta,15.May.25,3.686
tipo_cambio,PD04640PD,diaria,Tipo de cambio - TC Sistema bancario SBS (S/ por US$) - Venta,16.May.25,3.696
tipo_cambio,PD04640PD,diaria,Tipo de cambio - TC Sistema bancario SBS (S/ por US$) - Venta,19.May.25,3.693
tipo_cambio,PD04640PD,diaria,Tipo de cambio - TC Sistema bancario SBS (S/ por US$) - Venta,20.May.25,3.697
tipo_cambio,PD04640PD,diaria,Tipo de cambio - TC Sistema bancario SBS (S/ por US$) - Venta,21.May.25,3.683
tipo_cambio,PD04640PD,diaria,Tipo de cambio - TC Sistema bancario SBS (S/ por US$) - Venta,22.May.25,3.669
tipo_cambio,PD04640PD,diaria,Tipo de cambio - TC Sistema bancario SBS (S/ por US$) - Venta,23.May.25,3.665
tipo_cambio,PD04640PD,diaria,Tipo de cambio - TC Sistema bancario SBS (S/ por US$) - Venta,26.May.25,3.665
tipo_cambio,PD04640PD,diaria,Tipo de cambio - TC Sistema bancario SBS (S/ por US$) - Venta,27.May.25,3.65
tipo_cambio,PD04640PD,diaria,Tipo de cambio - TC Sistema bancario SBS (S/ por US$) - Venta,28.May.25,3.648
tipo_cambio,PD04640PD,diaria,Tipo de cambio - TC Sistema bancario SBS (S/ por US$) - Venta,29.May.25,3.638
tipo_cambio,PD04640PD,diaria,Tipo de cambio - TC Sistema bancario SBS (S/ por US$) - Venta,30.May.25,3.632
tipo_cambio,PD04640PD,diaria,Tipo de cambio - TC Sistema bancario SBS (S/ por US$) - Venta,02.Jun.25,3.63
tipo_cambio,PD04640PD,diaria,Tipo de cambio - TC Sistema bancario SBS (S/ por US$) - Venta,03.Jun.25,3.628
tipo_cambio,PD04640PD,diaria,Tipo de cambio - TC Sistema bancario SBS (S/ por US$) - Venta,04.Jun.25,3.618
tipo_cambio,PD04640PD,diaria,Tipo de cambio - TC Sistema bancario SBS (S/ por US$) - Venta,05.Jun.25,3.628
tipo_cambio,PD04640PD,diaria,Tipo de cambio - TC Sistema bancario SBS (S/ por US$) - Venta,06.Jun.25,3.651
tipo_cambio,PD04640PD,diaria,Tipo de cambio - TC Sistema bancario SBS (S/ por US$) - Venta,09.Jun.25,3.654
tipo_cambio,PD04640PD,diaria,Tipo de cambio - TC Sistema bancario SBS (S/ por US$) - Venta,10.Jun.25,3.64
tipo_cambio,PD04640PD,diaria,Tipo de cambio - TC Sistema bancario SBS (S/ por US$) - Venta,11.Jun.25,3.636
tipo_cambio,PD04640PD,diaria,Tipo de cambio - TC Sistema bancario SBS (S/ por US$) - Venta,12.Jun.25,3.62
tipo_cambio,PD04640PD,diaria,Tipo de cambio - TC Sistema bancario SBS (S/ por US$) - Venta,13.Jun.25,3.618
tipo_cambio,PD04640PD,diaria,Tipo de cambio - TC Sistema bancario SBS (S/ por US$) - Venta,16.Jun.25,3.614
tipo_cambio,PD04640PD,diaria,Tipo de cambio - TC Sistema bancario SBS (S/ por US$) - Venta,17.Jun.25,3.62
tipo_cambio,PD04640PD,diaria,Tipo de cambio - TC Sistema bancario SBS (S/ por US$) - Venta,18.Jun.25,3.604
tipo_cambio,PD04640PD,diaria,Tipo de cambio - TC Sistema bancario SBS (S/ por US$) - Venta,19.Jun.25,3.599
tipo_cambio,PD04640PD,diaria,Tipo de cambio - TC Sistema bancario SBS (S/ por US$) - Venta,20.Jun.25,3.603
tipo_cambio,PD04640PD,diaria,Tipo de cambio - TC Sistema bancario SBS (S/ por US$) - Venta,23.Jun.25,3.606
tipo_cambio,PD04640PD,diaria,Tipo de cambio - TC Sistema bancario SBS (S/ por US$) - Venta,24.Jun.25,3.581
tipo_cambio,PD04640PD,diaria,Tipo de cambio - TC Sistema bancario SBS (S/ por US$) - Venta,25.Jun.25,3.576
tipo_cambio,PD04640PD,diaria,Tipo de cambio - TC Sistema bancario SBS (S/ por US$) - Venta,26.Jun.25,3.572
tipo_cambio,PD04640PD,diaria,Tipo de cambio - TC Sistema bancario SBS (S/ por US$) - Venta,27.Jun.25,3.552
tipo_cambio,PD04640PD,diaria,Tipo de cambio - TC Sistema bancario SBS (S/ por US$) - Venta,30.Jun.25,3.549
tipo_cambio,PD04640PD,diaria,Tipo de cambio - TC Sistema bancario SBS (S/ por US$) - Venta,01.Jul.25,3.556
tipo_cambio,PD04640PD,diaria,Tipo de cambio - TC Sistema bancario SBS (S/ por US$) - Venta,02.Jul.25,3.559
tipo_cambio,PD04640PD,diaria,Tipo de cambio - TC Sistema bancario SBS (S/ por US$) - Venta,03.Jul.25,3.547
tipo_cambio,PD04640PD,diaria,Tipo de cambio - TC Sistema bancario SBS (S/ por US$) - Venta,04.Jul.25,3.556
tipo_cambio,PD04640PD,diaria,Tipo de cambio - TC Sistema bancario SBS (S/ por US$) - Venta,07.Jul.25,3.563
tipo_cambio,PD04640PD,diaria,Tipo de cambio - TC Sistema bancario SBS (S/ por US$) - Venta,08.Jul.25,3.563
tipo_cambio,PD04640PD,diaria,Tipo de cambio - TC Sistema bancario SBS (S/ por US$) - Venta,09.Jul.25,3.555
tipo_cambio,PD04640PD,diaria,Tipo de cambio - TC Sistema bancario SBS (S/ por US$) - Venta,10.Jul.25,3.557
tipo_cambio,PD04640PD,diaria,Tipo de cambio - TC Sistema bancario SBS (S/ por US$) - Venta,11.Jul.25,3.557
tipo_cambio,PD04640PD,diaria,Tipo de cambio - TC Sistema bancario SBS (S/ por US$) - Venta,14.Jul.25,3.569
tipo_cambio,PD04640PD,diaria,Tipo de cambio - TC Sistema bancario SBS (S/ por US$) - Venta,15.Jul.25,3.569
tipo_cambio,PD04640PD,diaria,Tipo de cambio - TC Sistema bancario SBS (S/ por US$) - Venta,16.Jul.25,3.56
tipo_cambio,PD04640PD,diaria,Tipo de cambio - TC Sistema bancario SBS (S/ por US$) - Venta,17.Jul.25,3.556
tipo_cambio,PD04640PD,diaria,Tipo de cambio - TC Sistema bancario SBS (S/ por US$) - Venta,18.Jul.25,3.568
tipo_cambio,PD04640PD,diaria,Tipo de cambio - TC Sistema bancario SBS (S/ por US$) - Venta,21.Jul.25,3.566
tipo_cambio,PD04640PD,diaria,Tipo de cambio - TC Sistema bancario SBS (S/ por US$) - Venta,22.Jul.25,3.561
tipo_cambio,PD04640PD,diaria,Tipo de cambio - TC Sistema bancario SBS (S/ por US$) - Venta,23.Jul.25,n.d.
tipo_cambio,PD04640PD,diaria,Tipo de cambio - TC Sistema bancario SBS (S/ por US$) - Venta,24.Jul.25,3.555
tipo_cambio,PD04640PD,diaria,Tipo de cambio - TC Sistema bancario SBS (S/ por US$) - Venta,25.Jul.25,3.552
tipo_cambio,PD04640PD,diaria,Tipo de cambio - TC Sistema bancario SBS (S/ por US$) - Venta,28.Jul.25,n.d.
tipo_cambio,PD04640PD,diaria,Tipo de cambio - TC Sistema bancario SBS (S/ por US$) - Venta,29.Jul.25,n.d.
tipo_cambio,PD04640PD,diaria,Tipo de cambio - TC Sistema bancario SBS (S/ por US$) - Venta,30.Jul.25,3.57
tipo_cambio,PD04640PD,diaria,Tipo de cambio - TC Sistema bancario SBS (S/ por US$) - Venta,31.Jul.25,3.588
tipo_cambio,PD04640PD,diaria,Tipo de cambio - TC Sistema bancario SBS (S/ por US$) - Venta,01.Ago.25,3.588
tipo_cambio,PD04640PD,diaria,Tipo de cambio - TC Sistema bancario SBS (S/ por US$) - Venta,04.Ago.25,3.579
tipo_cambio,PD04640PD,diaria,Tipo de cambio - TC Sistema bancario SBS (S/ por US$) - Venta,05.Ago.25,3.564
tipo_cambio,PD04640PD,diaria,Tipo de cambio - TC Sistema bancario SBS (S/ por US$) - Venta,06.Ago.25,n.d.
tipo_cambio,PD04640PD,diaria,Tipo de cambio - TC Sistema bancario SBS (S/ por US$) - Venta,07.Ago.25,3.551
tipo_cambio,PD04640PD,diaria,Tipo de cambio - TC Sistema bancario SBS (S/ por US$) - Venta,08.Ago.25,3.535
tipo_cambio,PD04640PD,diaria,Tipo de cambio - TC Sistema bancario SBS (S/ por US$) - Venta,11.Ago.25,3.537
tipo_cambio,PD04640PD,diaria,Tipo de cambio - TC Sistema bancario SBS (S/ por US$) - Venta,12.Ago.25,3.525
tipo_cambio,PD04640PD,diaria,Tipo de cambio - TC Sistema bancario SBS (S/ por US$) - Venta,13.Ago.25,3.537
tipo_cambio,PD04640PD,diaria,Tipo de cambio - TC Sistema bancario SBS (S/ por US$) - Venta,14.Ago.25,3.555
tipo_cambio,PD04640PD,diaria,Tipo de cambio - TC Sistema bancario SBS (S/ por US$) - Venta,15.Ago.25,3.563
tipo_cambio,PD04640PD,diaria,Tipo de cambio - TC Sistema bancario SBS (S/ por US$) - Venta,18.Ago.25,3.561
tipo_cambio,PD04640PD,diaria,Tipo de cambio - TC Sistema bancario SBS (S/ por US$) - Venta,19.Ago.25,3.538
tipo_cambio,PD04640PD,diaria,Tipo de cambio - TC Sistema bancario SBS (S/ por US$) - Venta,20.Ago.25,3.539
tipo_cambio,PD04640PD,diaria,Tipo de cambio - TC Sistema bancario SBS (S/ por US$) - Venta,21.Ago.25,3.541
tipo_cambio,PD04640PD,diaria,Tipo de cambio - TC Sistema bancario SBS (S/ por US$) - Venta,22.Ago.25,3.526
tipo_cambio,PD04640PD,diaria,Tipo de cambio - TC Sistema bancario SBS (S/ por US$) - Venta,25.Ago.25,3.531
tipo_cambio,PD04640PD,diaria,Tipo de cambio - TC Sistema bancario SBS (S/ por US$) - Venta,26.Ago.25,3.538
tipo_cambio,PD04640PD,diaria,Tipo de cambio - TC Sistema bancario SBS (S/ por US$) - Venta,27.Ago.25,3.558
tipo_cambio,PD04640PD,diaria,Tipo de cambio - TC Sistema bancario SBS (S/ por US$) - Venta,28.Ago.25,3.551
tipo_cambio,PD04640PD,diaria,Tipo de cambio - TC Sistema bancario SBS (S/ por US$) - Venta,29.Ago.25,3.54
tipo_cambio,PD04640PD,diaria,Tipo de cambio - TC Sistema bancario SBS (S/ por US$) - Venta,01.Set.25,3.545
tipo_cambio,PD04640PD,diaria,Tipo de cambio - TC Sistema bancario SBS (S/ por US$) - Venta,02.Set.25,3.546
tipo_cambio,PD04640PD,diaria,Tipo de cambio - TC Sistema bancario SBS (S/ por US$) - Venta,03.Set.25,3.534
tipo_cambio,PD04640PD,diaria,Tipo de cambio - TC Sistema bancario SBS (S/ por US$) - Venta,04.Set.25,3.539
tipo_cambio,PD04640PD,diaria,Tipo de cambio - TC Sistema bancario SBS (S/ por US$) - Venta,05.Set.25,3.527
tipo_cambio,PD04640PD,diaria,Tipo de cambio - TC Sistema bancario SBS (S/ por US$) - Venta,08.Set.25,3.522
tipo_cambio,PD04640PD,diaria,Tipo de cambio - TC Sistema bancario SBS (S/ por US$) - Venta,09.Set.25,3.509
tipo_cambio,PD04640PD,diaria,Tipo de cambio - TC Sistema bancario SBS (S/ por US$) - Venta,10.Set.25,3.494
tipo_cambio,PD04640PD,diaria,Tipo de cambio - TC Sistema bancario SBS (S/ por US$) - Venta,11.Set.25,3.485
tipo_cambio,PD04640PD,diaria,Tipo de cambio - TC Sistema bancario SBS (S/ por US$) - Venta,12.Set.25,3.499
tipo_cambio,PD04640PD,diaria,Tipo de cambio - TC Sistema bancario SBS (S/ por US$) - Venta,15.Set.25,3.499
tipo_cambio,PD04640PD,diaria,Tipo de cambio - TC Sistema bancario SBS (S/ por US$) - Venta,16.Set.25,3.489
tipo_cambio,PD04640PD,diaria,Tipo de cambio - TC Sistema bancario SBS (S/ por US$) - Venta,17.Set.25,3.488
tipo_cambio,PD04640PD,diaria,Tipo de cambio - TC Sistema bancario SBS (S/ por US$) - Venta,18.Set.25,3.491
tipo_cambio,PD04640PD,diaria,Tipo de cambio - TC Sistema bancario SBS (S/ por US$) - Venta,19.Set.25,3.494
tipo_cambio,PD04640PD,diaria,Tipo de cambio - TC Sistema bancario SBS (S/ por US$) - Venta,22.Set.25,3.51
tipo_cambio,PD04640PD,diaria,Tipo de cambio - TC Sistema bancario SBS (S/ por US$) - Venta,23.Set.25,3.509
tipo_cambio,PD04640PD,diaria,Tipo de cambio - TC Sistema bancario SBS (S/ por US$) - Venta,24.Set.25,3.511
tipo_cambio,PD04640PD,diaria,Tipo de cambio - TC Sistema bancario SBS (S/ por US$) - Venta,25.Set.25,3.511
tipo_cambio,PD04640PD,diaria,Tipo de cambio - TC Sistema bancario SBS (S/ por US$) - Venta,26.Set.25,3.502
tipo_cambio,PD04640PD,diaria,Tipo de cambio - TC Sistema bancario SBS (S/ por US$) - Venta,29.Set.25,3.495
tipo_cambio,PD04640PD,diaria,Tipo de cambio - TC Sistema bancario SBS (S/ por US$) - Venta,30.Set.25,3.476
tipo_cambio,PD04640PD,diaria,Tipo de cambio - TC Sistema bancario SBS (S/ por US$) - Venta,01.Oct.25,3.474
tipo_cambio,PD04640PD,diaria,Tipo de cambio - TC Sistema bancario SBS (S/ por US$) - Venta,02.Oct.25,3.485
tipo_cambio,PD04640PD,diaria,Tipo de cambio - TC Sistema bancario SBS (S/ por US$) - Venta,03.Oct.25,3.468
tipo_cambio,PD04640PD,diaria,Tipo de cambio - TC Sistema bancario SBS (S/ por US$) - Venta,06.Oct.25,3.465
tipo_cambio,PD04640PD,diaria,Tipo de cambio - TC Sistema bancario SBS (S/ por US$) - Venta,07.Oct.25,3.452
tipo_cambio,PD04640PD,diaria,Tipo de cambio - TC Sistema bancario SBS (S/ por US$) - Venta,08.Oct.25,n.d.
tipo_cambio,PD04640PD,diaria,Tipo de cambio - TC Sistema bancario SBS (S/ por US$) - Venta,09.Oct.25,3.443
tipo_cambio,PD04640PD,diaria,Tipo de cambio - TC Sistema bancario SBS (S/ por US$) - Venta,10.Oct.25,3.442
tipo_cambio,PD04640PD,diaria,Tipo de cambio - TC Sistema bancario SBS (S/ por US$) - Venta,13.Oct.25,3.439
tipo_cambio,PD04640PD,diaria,Tipo de cambio - TC Sistema bancario SBS (S/ por US$) - Venta,14.Oct.25,3.428
tipo_cambio,PD04640PD,diaria,Tipo de cambio - TC Sistema bancario SBS (S/ por US$) - Venta,15.Oct.25,3.416
tipo_cambio,PD04640PD,diaria,Tipo de cambio - TC Sistema bancario SBS (S/ por US$) - Venta,16.Oct.25,3.397
tipo_cambio,PD04640PD,diaria,Tipo de cambio - TC Sistema bancario SBS (S/ por US$) - Venta,17.Oct.25,3.389
tipo_cambio,PD04640PD,diaria,Tipo de cambio - TC Sistema bancario SBS (S/ por US$) - Venta,20.Oct.25,3.378
tipo_cambio,PD04640PD,diaria,Tipo de cambio - TC Sistema bancario SBS (S/ por US$) - Venta,21.Oct.25,3.39
tipo_cambio,PD04640PD,diaria,Tipo de cambio - TC Sistema bancario SBS (S/ por US$) - Venta,22.Oct.25,3.401
tipo_cambio,PD04640PD,diaria,Tipo de cambio - TC Sistema bancario SBS (S/ por US$) - Venta,23.Oct.25,3.4
tipo_cambio,PD04640PD,diaria,Tipo de cambio - TC Sistema bancario SBS (S/ por US$) - Venta,24.Oct.25,3.385
tipo_cambio,PD04640PD,diaria,Tipo de cambio - TC Sistema bancario SBS (S/ por US$) - Venta,27.Oct.25,3.387
tipo_cambio,PD04640PD,diaria,Tipo de cambio - TC Sistema bancario SBS (S/ por US$) - Venta,28.Oct.25,3.396
tipo_cambio,PD04640PD,diaria,Tipo de cambio - TC Sistema bancario SBS (S/ por US$) - Venta,29.Oct.25,3.394
tipo_cambio,PD04640PD,diaria,Tipo de cambio - TC Sistema bancario SBS (S/ por US$) - Venta,30.Oct.25,3.398
tipo_cambio,PD04640PD,diaria,Tipo de cambio - TC Sistema bancario SBS (S/ por US$) - Venta,31.Oct.25,3.379
tipo_cambio,PD04640PD,diaria,Tipo de cambio - TC Sistema bancario SBS (S/ por US$) - Venta,03.Nov.25,3.378
tipo_cambio,PD04640PD,diaria,Tipo de cambio - TC Sistema bancario SBS (S/ por US$) - Venta,04.Nov.25,3.387
tipo_cambio,PD04640PD,diaria,Tipo de cambio - TC Sistema bancario SBS (S/ por US$) - Venta,05.Nov.25,3.381
tipo_cambio,PD04640PD,diaria,Tipo de cambio - TC Sistema bancario SBS (S/ por US$) - Venta,06.Nov.25,3.377
tipo_cambio,PD04640PD,diaria,Tipo de cambio - TC Sistema bancario SBS (S/ por US$) - Venta,07.Nov.25,3.381
tipo_cambio,PD04640PD,diaria,Tipo de cambio - TC Sistema bancario SBS (S/ por US$) - Venta,10.Nov.25,3.38
tipo_cambio,PD04640PD,diaria,Tipo de cambio - TC Sistema bancario SBS (S/ por US$) - Venta,11.Nov.25,3.366
tipo_cambio,PD04640PD,diaria,Tipo de cambio - TC Sistema bancario SBS (S/ por US$) - Venta,12.Nov.25,3.372
tipo_cambio,PD04640PD,diaria,Tipo de cambio - TC Sistema bancario SBS (S/ por US$) - Venta,13.Nov.25,3.368
tipo_cambio,PD04640PD,diaria,Tipo de cambio - TC Sistema bancario SBS (S/ por US$) - Venta,14.Nov.25,3.374
tipo_cambio,PD04640PD,diaria,Tipo de cambio - TC Sistema bancario SBS (S/ por US$) - Venta,17.Nov.25,3.372
tipo_cambio,PD04640PD,diaria,Tipo de cambio - TC Sistema bancario SBS (S/ por US$) - Venta,18.Nov.25,3.372
tipo_cambio,PD04640PD,diaria,Tipo de cambio - TC Sistema bancario SBS (S/ por US$) - Venta,19.Nov.25,3.38
tipo_cambio,PD04640PD,diaria,Tipo de cambio - TC Sistema bancario SBS (S/ por US$) - Venta,20.Nov.25,3.385
tipo_cambio,PD04640PD,diaria,Tipo de cambio - TC Sistema bancario SBS (S/ por US$) - Venta,21.Nov.25,3.391
tipo_cambio,PD04640PD,diaria,Tipo de cambio - TC Sistema bancario SBS (S/ por US$) - Venta,24.Nov.25,3.397
tipo_cambio,PD04640PD,diaria,Tipo de cambio - TC Sistema bancario SBS (S/ por US$) - Venta,25.Nov.25,3.383
tipo_cambio,PD04640PD,diaria,Tipo de cambio - TC Sistema bancario SBS (S/ por US$) - Venta,26.Nov.25,3.371
tipo_cambio,PD04640PD,diaria,Tipo de cambio - TC Sistema bancario SBS (S/ por US$) - Venta,27.Nov.25,3.371
tipo_cambio,PD04640PD,diaria,Tipo de cambio - TC Sistema bancario SBS (S/ por US$) - Venta,28.Nov.25,3.368
tipo_cambio,PD04640PD,diaria,Tipo de cambio - TC Sistema bancario SBS (S/ por US$) - Venta,01.Dic.25,3.377
tipo_cambio,PD04640PD,diaria,Tipo de cambio - TC Sistema bancario SBS (S/ por US$) - Venta,02.Dic.25,3.374
tipo_cambio,PD04640PD,diaria,Tipo de cambio - TC Sistema bancario SBS (S/ por US$) - Venta,03.Dic.25,3.37
tipo_cambio,PD04640PD,diaria,Tipo de cambio - TC Sistema bancario SBS (S/ por US$) - Venta,04.Dic.25,3.363
tipo_cambio,PD04640PD,diaria,Tipo de cambio - TC Sistema bancario SBS (S/ por US$) - Venta,05.Dic.25,3.369
tipo_cambio,PD04640PD,diaria,Tipo de cambio - TC Sistema bancario SBS (S/ por US$) - Venta,08.Dic.25,n.d.
tipo_cambio,PD04640PD,diaria,Tipo de cambio - TC Sistema bancario SBS (S/ por US$) - Venta,09.Dic.25,n.d.
tipo_cambio,PD04640PD,diaria,Tipo de cambio - TC Sistema bancario SBS (S/ por US$) - Venta,10.Dic.25,3.378
tipo_cambio,PD04640PD,diaria,Tipo de cambio - TC Sistema bancario SBS (S/ por US$) - Venta,11.Dic.25,3.37
tipo_cambio,PD04640PD,diaria,Tipo de cambio - TC Sistema bancario SBS (S/ por US$) - Venta,12.Dic.25,3.373
tipo_cambio,PD04640PD,diaria,Tipo de cambio - TC Sistema bancario SBS (S/ por US$) - Venta,15.Dic.25,3.375
tipo_cambio,PD04640PD,diaria,Tipo de cambio - TC Sistema bancario SBS (S/ por US$) - Venta,16.Dic.25,3.374
tipo_cambio,PD04640PD,diaria,Tipo de cambio - TC Sistema bancario SBS (S/ por US$) - Venta,17.Dic.25,3.372
tipo_cambio,PD04640PD,diaria,Tipo de cambio - TC Sistema bancario SBS (S/ por US$) - Venta,18.Dic.25,3.371
tipo_cambio,PD04640PD,diaria,Tipo de cambio - TC Sistema bancario SBS (S/ por US$) - Venta,19.Dic.25,3.372
tipo_cambio,PD04640PD,diaria,Tipo de cambio - TC Sistema bancario SBS (S/ por US$) - Venta,22.Dic.25,3.372
tipo_cambio,PD04640PD,diaria,Tipo de cambio - TC Sistema bancario SBS (S/ por US$) - Venta,23.Dic.25,3.371
tipo_cambio,PD04640PD,diaria,Tipo de cambio - TC Sistema bancario SBS (S/ por US$) - Venta,24.Dic.25,3.369
tipo_cambio,PD04640PD,diaria,Tipo de cambio - TC Sistema bancario SBS (S/ por US$) - Venta,25.Dic.25,n.d.
tipo_cambio,PD04640PD,diaria,Tipo de cambio - TC Sistema bancario SBS (S/ por US$) - Venta,26.Dic.25,n.d.
tipo_cambio,PD04640PD,diaria,Tipo de cambio - TC Sistema bancario SBS (S/ por US$) - Venta,29.Dic.25,3.372
tipo_cambio,PD04640PD,diaria,Tipo de cambio - TC Sistema bancario SBS (S/ por US$) - Venta,30.Dic.25,3.369
tipo_cambio,PD04640PD,diaria,Tipo de cambio - TC Sistema bancario SBS (S/ por US$) - Venta,31.Dic.25,3.368
tipo_cambio,PD04640PD,diaria,Tipo de cambio - TC Sistema bancario SBS (S/ por US$) - Venta,01.Ene.26,n.d.
tipo_cambio,PD04640PD,diaria,Tipo de cambio - TC Sistema bancario SBS (S/ por US$) - Venta,02.Ene.26,n.d.
tipo_cambio,PD04640PD,diaria,Tipo de cambio - TC Sistema bancario SBS (S/ por US$) - Venta,05.Ene.26,3.372
tipo_cambio,PD04640PD,diaria,Tipo de cambio - TC Sistema bancario SBS (S/ por US$) - Venta,06.Ene.26,3.366
tipo_cambio,PD04640PD,diaria,Tipo de cambio - TC Sistema bancario SBS (S/ por US$) - Venta,07.Ene.26,3.368
tipo_cambio,PD04640PD,diaria,Tipo de cambio - TC Sistema bancario SBS (S/ por US$) - Venta,08.Ene.26,3.368
tipo_cambio,PD04640PD,diaria,Tipo de cambio - TC Sistema bancario SBS (S/ por US$) - Venta,09.Ene.26,3.365
tipo_cambio,PD04640PD,diaria,Tipo de cambio - TC Sistema bancario SBS (S/ por US$) - Venta,12.Ene.26,3.368
tipo_cambio,PD04640PD,diaria,Tipo de cambio - TC Sistema bancario SBS (S/ por US$) - Venta,13.Ene.26,3.361
tipo_cambio,PD04640PD,diaria,Tipo de cambio - TC Sistema bancario SBS (S/ por US$) - Venta,14.Ene.26,3.367
tipo_cambio,PD04640PD,diaria,Tipo de cambio - TC Sistema bancario SBS (S/ por US$) - Venta,15.Ene.26,3.366
tipo_cambio,PD04640PD,diaria,Tipo de cambio - TC Sistema bancario SBS (S/ por US$) - Venta,16.Ene.26,3.363
tipo_cambio,PD04640PD,diaria,Tipo de cambio - TC Sistema bancario SBS (S/ por US$) - Venta,19.Ene.26,3.366
tipo_cambio,PD04640PD,diaria,Tipo de cambio - TC Sistema bancario SBS (S/ por US$) - Venta,20.Ene.26,3.363
tipo_cambio,PD04640PD,diaria,Tipo de cambio - TC Sistema bancario SBS (S/ por US$) - Venta,21.Ene.26,3.359
tipo_cambio,PD04640PD,diaria,Tipo de cambio - TC Sistema bancario SBS (S/ por US$) - Venta,22.Ene.26,3.36
tipo_cambio,PD04640PD,diaria,Tipo de cambio - TC Sistema bancario SBS (S/ por US$) - Venta,23.Ene.26,3.359
tipo_cambio,PD04640PD,diaria,Tipo de cambio - TC Sistema bancario SBS (S/ por US$) - Venta,26.Ene.26,3.356
tipo_cambio,PD04640PD,diaria,Tipo de cambio - TC Sistema bancario SBS (S/ por US$) - Venta,27.Ene.26,3.352
tipo_cambio,PD04640PD,diaria,Tipo de cambio - TC Sistema bancario SBS (S/ por US$) - Venta,28.Ene.26,3.345
tipo_cambio,PD04640PD,diaria,Tipo de cambio - TC Sistema bancario SBS (S/ por US$) - Venta,29.Ene.26,3.345
tipo_cambio,PD04640PD,diaria,Tipo de cambio - TC Sistema bancario SBS (S/ por US$) - Venta,30.Ene.26,3.355
tipo_cambio,PD04640PD,diaria,Tipo de cambio - TC Sistema bancario SBS (S/ por US$) - Venta,02.Feb.26,3.369
tipo_cambio,PD04640PD,diaria,Tipo de cambio - TC Sistema bancario SBS (S/ por US$) - Venta,03.Feb.26,3.365
tipo_cambio,PD04640PD,diaria,Tipo de cambio - TC Sistema bancario SBS (S/ por US$) - Venta,04.Feb.26,3.364
tipo_cambio,PD04640PD,diaria,Tipo de cambio - TC Sistema bancario SBS (S/ por US$) - Venta,05.Feb.26,3.368
tipo_cambio,PD04640PD,diaria,Tipo de cambio - TC Sistema bancario SBS (S/ por US$) - Venta,06.Feb.26,3.363
tipo_cambio,PD04640PD,diaria,Tipo de cambio - TC Sistema bancario SBS (S/ por US$) - Venta,09.Feb.26,3.363
tipo_cambio,PD04640PD,diaria,Tipo de cambio - TC Sistema bancario SBS (S/ por US$) - Venta,10.Feb.26,3.362
tipo_cambio,PD04640PD,diaria,Tipo de cambio - TC Sistema bancario SBS (S/ por US$) - Venta,11.Feb.26,3.363
tipo_cambio,PD04640PD,diaria,Tipo de cambio - TC Sistema bancario SBS (S/ por US$) - Venta,12.Feb.26,3.358
tipo_cambio,PD04640PD,diaria,Tipo de cambio - TC Sistema bancario SBS (S/ por US$) - Venta,13.Feb.26,3.358
tipo_cambio,PD04640PD,diaria,Tipo de cambio - TC Sistema bancario SBS (S/ por US$) - Venta,16.Feb.26,3.356
tipo_cambio,PD04640PD,diaria,Tipo de cambio - TC Sistema bancario SBS (S/ por US$) - Venta,17.Feb.26,3.348
tipo_cambio,PD04640PD,diaria,Tipo de cambio - TC Sistema bancario SBS (S/ por US$) - Venta,18.Feb.26,3.353
tipo_cambio,PD04640PD,diaria,Tipo de cambio - TC Sistema bancario SBS (S/ por US$) - Venta,19.Feb.26,3.366
tipo_cambio,PD04640PD,diaria,Tipo de cambio - TC Sistema bancario SBS (S/ por US$) - Venta,20.Feb.26,3.36
tipo_cambio,PD04640PD,diaria,Tipo de cambio - TC Sistema bancario SBS (S/ por US$) - Venta,23.Feb.26,3.362
tipo_cambio,PD04640PD,diaria,Tipo de cambio - TC Sistema bancario SBS (S/ por US$) - Venta,24.Feb.26,3.363
tipo_cambio,PD04640PD,diaria,Tipo de cambio - TC Sistema bancario SBS (S/ por US$) - Venta,25.Feb.26,3.363
tipo_cambio,PD04640PD,diaria,Tipo de cambio - TC Sistema bancario SBS (S/ por US$) - Venta,26.Feb.26,3.36
tipo_cambio,PD04640PD,diaria,Tipo de cambio - TC Sistema bancario SBS (S/ por US$) - Venta,27.Feb.26,3.361
tipo_cambio,PD04640PD,diaria,Tipo de cambio - TC Sistema bancario SBS (S/ por US$) - Venta,02.Mar.26,3.368
tipo_cambio,PD04640PD,diaria,Tipo de cambio - TC Sistema bancario SBS (S/ por US$) - Venta,03.Mar.26,3.408
tipo_cambio,PD04640PD,diaria,Tipo de cambio - TC Sistema bancario SBS (S/ por US$) - Venta,04.Mar.26,3.414
tipo_cambio,PD04640PD,diaria,Tipo de cambio - TC Sistema bancario SBS (S/ por US$) - Venta,05.Mar.26,3.432
tipo_cambio,PD04640PD,diaria,Tipo de cambio - TC Sistema bancario SBS (S/ por US$) - Venta,06.Mar.26,3.479
tipo_cambio,PD04640PD,diaria,Tipo de cambio - TC Sistema bancario SBS (S/ por US$) - Venta,09.Mar.26,3.493
tipo_cambio,PD04640PD,diaria,Tipo de cambio - TC Sistema bancario SBS (S/ por US$) - Venta,10.Mar.26,3.451
tipo_cambio,PD04640PD,diaria,Tipo de cambio - TC Sistema bancario SBS (S/ por US$) - Venta,11.Mar.26,3.427
tipo_cambio,PD04640PD,diaria,Tipo de cambio - TC Sistema bancario SBS (S/ por US$) - Venta,12.Mar.26,3.449
tipo_cambio,PD04640PD,diaria,Tipo de cambio - TC Sistema bancario SBS (S/ por US$) - Venta,13.Mar.26,3.453
tipo_cambio,PD04640PD,diaria,Tipo de cambio - TC Sistema bancario SBS (S/ por US$) - Venta,16.Mar.26,3.439
tipo_cambio,PD04640PD,diaria,Tipo de cambio - TC Sistema bancario SBS (S/ por US$) - Venta,17.Mar.26,3.417
tipo_cambio,PD04640PD,diaria,Tipo de cambio - TC Sistema bancario SBS (S/ por US$) - Venta,18.Mar.26,3.435
tipo_cambio,PD04640PD,diaria,Tipo de cambio - TC Sistema bancario SBS (S/ por US$) - Venta,19.Mar.26,3.454
tipo_cambio,PD04640PD,diaria,Tipo de cambio - TC Sistema bancario SBS (S/ por US$) - Venta,20.Mar.26,3.477
tipo_cambio,PD04640PD,diaria,Tipo de cambio - TC Sistema bancario SBS (S/ por US$) - Venta,23.Mar.26,3.468
tipo_cambio,PD04640PD,diaria,Tipo de cambio - TC Sistema bancario SBS (S/ por US$) - Venta,24.Mar.26,3.464
tipo_cambio,PD04640PD,diaria,Tipo de cambio - TC Sistema bancario SBS (S/ por US$) - Venta,25.Mar.26,3.468
tipo_cambio,PD04640PD,diaria,Tipo de cambio - TC Sistema bancario SBS (S/ por US$) - Venta,26.Mar.26,3.466
tipo_cambio,PD04640PD,diaria,Tipo de cambio - TC Sistema bancario SBS (S/ por US$) - Venta,27.Mar.26,3.486
tipo_cambio,PD04640PD,diaria,Tipo de cambio - TC Sistema bancario SBS (S/ por US$) - Venta,30.Mar.26,3.495
tipo_cambio,PD04640PD,diaria,Tipo de cambio - TC Sistema bancario SBS (S/ por US$) - Venta,31.Mar.26,3.495
tipo_cambio,PD04640PD,diaria,Tipo de cambio - TC Sistema bancario SBS (S/ por US$) - Venta,01.Abr.26,3.467
tipo_cambio,PD04640PD,diaria,Tipo de cambio - TC Sistema bancario SBS (S/ por US$) - Venta,02.Abr.26,n.d.
tipo_cambio,PD04640PD,diaria,Tipo de cambio - TC Sistema bancario SBS (S/ por US$) - Venta,03.Abr.26,n.d.
tipo_cambio,PD04640PD,diaria,Tipo de cambio - TC Sistema bancario SBS (S/ por US$) - Venta,06.Abr.26,3.449
tipo_cambio,PD04640PD,diaria,Tipo de cambio - TC Sistema bancario SBS (S/ por US$) - Venta,07.Abr.26,3.438
tipo_cambio,PD04640PD,diaria,Tipo de cambio - TC Sistema bancario SBS (S/ por US$) - Venta,08.Abr.26,3.399
tipo_cambio,PD04640PD,diaria,Tipo de cambio - TC Sistema bancario SBS (S/ por US$) - Venta,09.Abr.26,3.387
tipo_cambio,PD04640PD,diaria,Tipo de cambio - TC Sistema bancario SBS (S/ por US$) - Venta,10.Abr.26,3.385
tipo_cambio,PD04640PD,diaria,Tipo de cambio - TC Sistema bancario SBS (S/ por US$) - Venta,13.Abr.26,3.379
tipo_cambio,PD04640PD,diaria,Tipo de cambio - TC Sistema bancario SBS (S/ por US$) - Venta,14.Abr.26,3.39
tipo_cambio,PD04640PD,diaria,Tipo de cambio - TC Sistema bancario SBS (S/ por US$) - Venta,15.Abr.26,3.436
tipo_cambio,PD04640PD,diaria,Tipo de cambio - TC Sistema bancario SBS (S/ por US$) - Venta,16.Abr.26,3.436
tipo_cambio,PD04640PD,diaria,Tipo de cambio - TC Sistema bancario SBS (S/ por US$) - Venta,17.Abr.26,3.442
tipo_cambio,PD04640PD,diaria,Tipo de cambio - TC Sistema bancario SBS (S/ por US$) - Venta,20.Abr.26,3.444
tipo_cambio,PD04640PD,diaria,Tipo de cambio - TC Sistema bancario SBS (S/ por US$) - Venta,21.Abr.26,3.442
tipo_cambio,PD04640PD,diaria,Tipo de cambio - TC Sistema bancario SBS (S/ por US$) - Venta,22.Abr.26,3.444
tipo_cambio,PD04640PD,diaria,Tipo de cambio - TC Sistema bancario SBS (S/ por US$) - Venta,23.Abr.26,3.462
tipo_cambio,PD04640PD,diaria,Tipo de cambio - TC Sistema bancario SBS (S/ por US$) - Venta,24.Abr.26,3.478
tipo_cambio,PD04640PD,diaria,Tipo de cambio - TC Sistema bancario SBS (S/ por US$) - Venta,27.Abr.26,3.51
tipo_cambio,PD04640PD,diaria,Tipo de cambio - TC Sistema bancario SBS (S/ por US$) - Venta,28.Abr.26,3.519
tipo_cambio,PD04640PD,diaria,Tipo de cambio - TC Sistema bancario SBS (S/ por US$) - Venta,29.Abr.26,3.529
tipo_cambio,PD04640PD,diaria,Tipo de cambio - TC Sistema bancario SBS (S/ por US$) - Venta,30.Abr.26,3.521
tipo_cambio,PD04640PD,diaria,Tipo de cambio - TC Sistema bancario SBS (S/ por US$) - Venta,01.May.26,n.d.
tipo_cambio,PD04640PD,diaria,Tipo de cambio - TC Sistema bancario SBS (S/ por US$) - Venta,04.May.26,3.522
tipo_cambio,PD04640PD,diaria,Tipo de cambio - TC Sistema bancario SBS (S/ por US$) - Venta,05.May.26,3.498
tipo_cambio,PD04640PD,diaria,Tipo de cambio - TC Sistema bancario SBS (S/ por US$) - Venta,06.May.26,3.47
tipo_cambio,PD04640PD,diaria,Tipo de cambio - TC Sistema bancario SBS (S/ por US$) - Venta,07.May.26,3.461
tipo_cambio,PD04640PD,diaria,Tipo de cambio - TC Sistema bancario SBS (S/ por US$) - Venta,08.May.26,3.45
tipo_cambio,PD04640PD,diaria,Tipo de cambio - TC Sistema bancario SBS (S/ por US$) - Venta,11.May.26,3.44
tipo_cambio,PD04640PD,diaria,Tipo de cambio - TC Sistema bancario SBS (S/ por US$) - Venta,12.May.26,3.434
tipo_cambio,PD04640PD,diaria,Tipo de cambio - TC Sistema bancario SBS (S/ por US$) - Venta,13.May.26,3.426
tipo_cambio,PD04640PD,diaria,Tipo de cambio - TC Sistema bancario SBS (S/ por US$) - Venta,14.May.26,3.419
tipo_cambio,PD04640PD,diaria,Tipo de cambio - TC Sistema bancario SBS (S/ por US$) - Venta,15.May.26,3.435
tipo_cambio,PD04640PD,diaria,Tipo de cambio - TC Sistema bancario SBS (S/ por US$) - Venta,18.May.26,3.439
tipo_cambio,PD04640PD,diaria,Tipo de cambio - TC Sistema bancario SBS (S/ por US$) - Venta,19.May.26,3.431
tipo_cambio,PD04640PD,diaria,Tipo de cambio - TC Sistema bancario SBS (S/ por US$) - Venta,20.May.26,3.414
tipo_cambio,PD04640PD,diaria,Tipo de cambio - TC Sistema bancario SBS (S/ por US$) - Venta,21.May.26,3.418
tipo_cambio,PD04640PD,diaria,Tipo de cambio - TC Sistema bancario SBS (S/ por US$) - Venta,22.May.26,3.421
tipo_cambio,PD04640PD,diaria,Tipo de cambio - TC Sistema bancario SBS (S/ por US$) - Venta,25.May.26,3.42
tipo_cambio,PD04640PD,diaria,Tipo de cambio - TC Sistema bancario SBS (S/ por US$) - Venta,26.May.26,3.42
tipo_cambio,PD04640PD,diaria,Tipo de cambio - TC Sistema bancario SBS (S/ por US$) - Venta,27.May.26,3.421
tipo_cambio,PD04640PD,diaria,Tipo de cambio - TC Sistema bancario SBS (S/ por US$) - Venta,28.May.26,3.416
tipo_cambio,PD04640PD,diaria,Tipo de cambio - TC Sistema bancario SBS (S/ por US$) - Venta,29.May.26,3.417
tipo_cambio,PD04640PD,diaria,Tipo de cambio - TC Sistema bancario SBS (S/ por US$) - Venta,01.Jun.26,3.424
tipo_cambio,PD04640PD,diaria,Tipo de cambio - TC Sistema bancario SBS (S/ por US$) - Venta,02.Jun.26,3.414
tipo_cambio,PD04640PD,diaria,Tipo de cambio - TC Sistema bancario SBS (S/ por US$) - Venta,03.Jun.26,3.422
tipo_cambio,PD04640PD,diaria,Tipo de cambio - TC Sistema bancario SBS (S/ por US$) - Venta,04.Jun.26,3.418
tipo_cambio,PD04640PD,diaria,Tipo de cambio - TC Sistema bancario SBS (S/ por US$) - Venta,05.Jun.26,3.443
tipo_cambio,PD04640PD,diaria,Tipo de cambio - TC Sistema bancario SBS (S/ por US$) - Venta,08.Jun.26,3.498
tipo_cambio,PD04640PD,diaria,Tipo de cambio - TC Sistema bancario SBS (S/ por US$) - Venta,09.Jun.26,3.375
tipo_cambio,PD04640PD,diaria,Tipo de cambio - TC Sistema bancario SBS (S/ por US$) - Venta,10.Jun.26,3.402
tipo_cambio,PD04640PD,diaria,Tipo de cambio - TC Sistema bancario SBS (S/ por US$) - Venta,11.Jun.26,3.394
tipo_cambio,PD04640PD,diaria,Tipo de cambio - TC Sistema bancario SBS (S/ por US$) - Venta,12.Jun.26,3.389
tipo_cambio,PD04640PD,diaria,Tipo de cambio - TC Sistema bancario SBS (S/ por US$) - Venta,15.Jun.26,3.387
tipo_cambio,PD04640PD,diaria,Tipo de cambio - TC Sistema bancario SBS (S/ por US$) - Venta,16.Jun.26,3.382
tipo_cambio,PD04640PD,diaria,Tipo de cambio - TC Sistema bancario SBS (S/ por US$) - Venta,17.Jun.26,3.384
tipo_cambio,PD04640PD,diaria,Tipo de cambio - TC Sistema bancario SBS (S/ por US$) - Venta,18.Jun.26,3.388
tipo_cambio,PD04640PD,diaria,Tipo de cambio - TC Sistema bancario SBS (S/ por US$) - Venta,19.Jun.26,3.386
tipo_cambio,PD04640PD,diaria,Tipo de cambio - TC Sistema bancario SBS (S/ por US$) - Venta,22.Jun.26,3.387
tipo_cambio,PD04640PD,diaria,Tipo de cambio - TC Sistema bancario SBS (S/ por US$) - Venta,23.Jun.26,3.41
tipo_cambio,PD04640PD,diaria,Tipo de cambio - TC Sistema bancario SBS (S/ por US$) - Venta,24.Jun.26,3.425
tipo_cambio,PD04640PD,diaria,Tipo de cambio - TC Sistema bancario SBS (S/ por US$) - Venta,25.Jun.26,3.415
tipo_cambio,PD04640PD,diaria,Tipo de cambio - TC Sistema bancario SBS (S/ por US$) - Venta,26.Jun.26,3.415
tipo_cambio,PD04640PD,diaria,Tipo de cambio - TC Sistema bancario SBS (S/ por US$) - Venta,29.Jun.26,n.d.
tipo_cambio,PD04640PD,diaria,Tipo de cambio - TC Sistema bancario SBS (S/ por US$) - Venta,30.Jun.26,3.415
tipo_cambio,PD04640PD,diaria,Tipo de cambio - TC Sistema bancario SBS (S/ por US$) - Venta,01.Jul.26,3.416
tipo_cambio,PD04640PD,diaria,Tipo de cambio - TC Sistema bancario SBS (S/ por US$) - Venta,02.Jul.26,3.409
tipo_cambio,PD04640PD,diaria,Tipo de cambio - TC Sistema bancario SBS (S/ por US$) - Venta,03.Jul.26,3.403
tipo_cambio,PD04640PD,diaria,Tipo de cambio - TC Sistema bancario SBS (S/ por US$) - Venta,06.Jul.26,3.411
tipo_cambio,PD04640PD,diaria,Tipo de cambio - TC Sistema bancario SBS (S/ por US$) - Venta,07.Jul.26,3.409
tipo_cambio,PD04640PD,diaria,Tipo de cambio - TC Sistema bancario SBS (S/ por US$) - Venta,08.Jul.26,3.412
tipo_cambio,PD04640PD,diaria,Tipo de cambio - TC Sistema bancario SBS (S/ por US$) - Venta,09.Jul.26,3.406
tipo_cambio,PD04640PD,diaria,Tipo de cambio - TC Sistema bancario SBS (S/ por US$) - Venta,10.Jul.26,3.397
tipo_cambio,PD04640PD,diaria,Tipo de cambio - TC Sistema bancario SBS (S/ por US$) - Venta,13.Jul.26,3.406
tipo_cambio,PD04640PD,diaria,Tipo de cambio - TC Sistema bancario SBS (S/ por US$) - Venta,14.Jul.26,3.397
tipo_cambio,PD04640PD,diaria,Tipo de cambio - TC Sistema bancario SBS (S/ por US$) - Venta,15.Jul.26,3.391
tipo_cambio,PD04640PD,diaria,Tipo de cambio - TC Sistema bancario SBS (S/ por US$) - Venta,16.Jul.26,3.396
tipo_cambio,PD04640PD,diaria,Tipo de cambio - TC Sistema bancario SBS (S/ por US$) - Venta,17.Jul.26,3.408
tipo_cambio,PD04640PD,diaria,Tipo de cambio - TC Sistema bancario SBS (S/ por US$) - Venta,20.Jul.26,3.408
tipo_cambio,PD04640PD,diaria,Tipo de cambio - TC Sistema bancario SBS (S/ por US$) - Venta,21.Jul.26,3.403
tipo_cambio,PD04640PD,diaria,Tipo de cambio - TC Sistema bancario SBS (S/ por US$) - Venta,22.Jul.26,3.404
tipo_cambio,PD04640PD,diaria,Tipo de cambio - TC Sistema bancario SBS (S/ por US$) - Venta,23.Jul.26,n.d.
tipo_cambio,PD04640PD,diaria,Tipo de cambio - TC Sistema bancario SBS (S/ por US$) - Venta,24.Jul.26,3.411
tipo_cambio,PD04640PD,diaria,Tipo de cambio - TC Sistema bancario SBS (S/ por US$) - Venta,27.Jul.26,n.d.
tipo_cambio,PD04640PD,diaria,Tipo de cambio - TC Sistema bancario SBS (S/ por US$) - Venta,28.Jul.26,n.d.
tipo_cambio,PD04640PD,diaria,Tipo de cambio - TC Sistema bancario SBS (S/ por US$) - Venta,29.Jul.26,n.d.
tipo_cambio,PD04640PD,diaria,Tipo de cambio - TC Sistema bancario SBS (S/ por US$) - Venta,30.Jul.26,3.399
tipo_cambio,PD04640PD,diaria,Tipo de cambio - TC Sistema bancario SBS (S/ por US$) - Venta,31.Jul.26,3.4
tipo_cambio,PD04640PD,diaria,Tipo de cambio - TC Sistema bancario SBS (S/ por US$) - Venta,03.Ago.26,3.402
tipo_cambio,PD04640PD,diaria,Tipo de cambio - TC Sistema bancario SBS (S/ por US$) - Venta,04.Ago.26,3.394
tipo_cambio,PD04640PD,diaria,Tipo de cambio - TC Sistema bancario SBS (S/ por US$) - Venta,05.Ago.26,3.394
tipo_cambio,PD04640PD,diaria,Tipo de cambio - TC Sistema bancario SBS (S/ por US$) - Venta,06.Ago.26,n.d.
tipo_cambio,PD04640PD,diaria,Tipo de cambio - TC Sistema bancario SBS (S/ por US$) - Venta,07.Ago.26,3.391
tipo_cambio,PD04640PD,diaria,Tipo de cambio - TC Sistema bancario SBS (S/ por US$) - Venta,10.Ago.26,3.387
tipo_cambio,PD04640PD,diaria,Tipo de cambio - TC Sistema bancario SBS (S/ por US$) - Venta,11.Ago.26,3.372
tipo_cambio,PD04640PD,diaria,Tipo de cambio - TC Sistema bancario SBS (S/ por US$) - Venta,12.Ago.26,3.365
tipo_cambio,PD04640PD,diaria,Tipo de cambio - TC Sistema bancario SBS (S/ por US$) - Venta,13.Ago.26,3.371
tipo_cambio,PD04640PD,diaria,Tipo de cambio - TC Sistema bancario SBS (S/ por US$) - Venta,14.Ago.26,3.368
tipo_cambio,PD04640PD,diaria,Tipo de cambio - TC Sistema bancario SBS (S/ por US$) - Venta,17.Ago.26,3.37
tipo_cambio,PD04640PD,diaria,Tipo de cambio - TC Sistema bancario SBS (S/ por US$) - Venta,18.Ago.26,3.362
tipo_cambio,PD04640PD,diaria,Tipo de cambio - TC Sistema bancario SBS (S/ por US$) - Venta,19.Ago.26,3.361
tipo_cambio,PD04640PD,diaria,Tipo de cambio - TC Sistema bancario SBS (S/ por US$) - Venta,20.Ago.26,3.361
tipo_cambio,PD04640PD,diaria,Tipo de cambio - TC Sistema bancario SBS (S/ por US$) - Venta,21.Ago.26,3.352
tipo_cambio,PD04640PD,diaria,Tipo de cambio - TC Sistema bancario SBS (S/ por US$) - Venta,24.Ago.26,3.356
tipo_cambio,PD04640PD,diaria,Tipo de cambio - TC Sistema bancario SBS (S/ por US$) - Venta,25.Ago.26,3.35
tipo_cambio,PD04640PD,diaria,Tipo de cambio - TC Sistema bancario SBS (S/ por US$) - Venta,26.Ago.26,3.35
tipo_cambio,PD04640PD,diaria,Tipo de cambio - TC Sistema bancario SBS (S/ por US$) - Venta,27.Ago.26,3.348
tipo_cambio,PD04640PD,diaria,Tipo de cambio - TC Sistema bancario SBS (S/ por US$) - Venta,28.Ago.26,3.356
tipo_cambio,PD04640PD,diaria,Tipo de cambio - TC Sistema bancario SBS (S/ por US$) - Venta,31.Ago.26,3.367
